art_id,cod_barra,desc_art,id_categ_n1,id_categ_n2,id_categ_n3,id_proveedor,precio_lista,peso_kg,unid_medida,activo,fec_alta
1,0143888993757,In dolore,Electronica y tecnologia,Elec-3,Elec-2-2,360,190100.0,16.54,UN,True,2025-11-28
2,6798250714610,Molestias impedit,Hogar y limpieza,Hoga-2,Hoga-1-2,346,177000.0,11.51,KG,True,2025-10-06
3,1254573875711,Ipsum sapiente,Electronica y tecnologia,Elec-1,Elec-1-1,223,115300.0,9.72,UN,True,2026-01-07
4,7751401051230,Nobis eveniet,Electronica y tecnologia,Elec-1,Elec-2-1,355,82200.0,19.86,KG,True,2025-12-06
5,8282586736227,Rem hic,Ropa y calzado basico,Ropa-3,Ropa-2-2,670,182200.0,14.46,UN,True,2026-02-18
6,6609379660330,Nobis quia,Cuidado personal e higiene,Cuid-2,Cuid-3-1,402,93500.0,19.06,UN,True,2026-01-09
7,4191825537140,Illo minima,Electronica y tecnologia,Elec-1,Elec-2-2,553,44200.0,1.48,UN,True,2025-12-02
8,7859696915579,Quam error,Cuidado personal e higiene,Cuid-3,Cuid-3-2,335,81600.0,4.28,UN,True,2026-02-16
9,9249912513418,Voluptatum consequuntur,Ropa y calzado basico,Ropa-3,Ropa-3-2,566,219500.0,0.67,UN,True,2025-10-08
10,2528669296629,Accusantium rem,Ropa y calzado basico,Ropa-2,Ropa-1-1,570,72300.0,17.36,UN,True,2025-12-26
11,7828274225799,Accusantium earum,Electronica y tecnologia,Elec-1,Elec-2-2,423,60300.0,,UN,True,2025-10-18
12,0507236887677,Laborum quos,Bebes y maternidad,Bebe-3,Bebe-2-1,748,35100.0,3.59,UN,True,2025-12-03
13,6772190340436,Veritatis laborum,Electronica y tecnologia,Elec-1,Elec-2-2,701,15700.0,19.49,UN,True,2025-12-08
14,8427978819144,Provident pariatur,Alimentos y bebidas,Alim-2,Alim-1-2,127,244200.0,19.12,UN,True,2026-01-01
15,8580783613403,Deleniti minus,Electronica y tecnologia,Elec-3,Elec-3-2,183,135100.0,4.53,KG,True,2025-11-05
16,7451713395960,Eaque vero,Ropa y calzado basico,Ropa-2,Ropa-3-1,764,183000.0,12.96,KG,True,2026-01-14
17,2923309584980,Ea voluptate,Alimentos y bebidas,Alim-1,Alim-1-2,322,193700.0,13.38,UN,True,2025-10-10
18,2544948126043,Pariatur laudantium,Alimentos y bebidas,Alim-1,Alim-1-1,249,89400.0,0.13,LT,True,2025-10-07
19,2232536729461,Aliquid ea,Cuidado personal e higiene,Cuid-2,Cuid-1-2,637,200100.0,13.79,KG,True,2025-09-25
20,6711684577590,Porro tempora,Bebes y maternidad,Bebe-3,Bebe-3-1,482,240400.0,4.47,UN,True,2025-12-09
21,0175186363741,Aut sequi,Electronica y tecnologia,Elec-3,Elec-2-1,107,186000.0,18.03,UN,True,2025-11-25
22,5458929750011,Dolor molestias,Bebes y maternidad,Bebe-1,Bebe-1-2,74,178500.0,16.78,UN,True,2026-02-16
23,7012770632421,Inventore ea,Bebes y maternidad,Bebe-1,Bebe-3-1,647,109200.0,18.11,LT,True,2025-11-10
24,4154152064369,Culpa ab,Electronica y tecnologia,Elec-3,Elec-2-2,612,210600.0,15.16,UN,True,2025-12-29
25,1103712938704,Doloribus ex,Ropa y calzado basico,Ropa-1,Ropa-2-1,283,24000.0,3.34,UN,True,2026-03-16
26,0516271361110,Quo nulla,Cuidado personal e higiene,Cuid-1,Cuid-2-1,690,187900.0,7.24,LT,True,2026-01-05
27,5542622189091,Dolorem quas,Alimentos y bebidas,Alim-2,Alim-2-1,101,91800.0,14.19,UN,True,2026-02-22
28,2753269731120,Quo aliquam,Hogar y limpieza,Hoga-2,Hoga-2-1,696,142400.0,6.5,UN,True,2025-12-14
29,1965652341385,Porro expedita,Electronica y tecnologia,Elec-1,Elec-1-1,64,223500.0,14.22,UN,True,2025-10-10
30,9994043898360,Nostrum nesciunt,Cuidado personal e higiene,Cuid-1,Cuid-2-1,509,152000.0,6.76,KG,True,2025-12-02
31,4037613791809,Tempore inventore,Cuidado personal e higiene,Cuid-1,Cuid-3-2,675,8300.0,3.6,UN,True,2026-02-01
32,5526965827100,Reiciendis possimus,Alimentos y bebidas,Alim-2,Alim-2-1,496,181200.0,10.39,UN,True,2025-09-27
33,9104300684869,Animi minus,Ropa y calzado basico,Ropa-1,Ropa-3-1,623,232400.0,13.74,UN,True,2025-12-09
34,6618892414184,Totam soluta,Bebes y maternidad,Bebe-1,Bebe-2-1,276,161200.0,10.37,UN,True,2025-12-16
35,3285691463038,Ipsam repellendus,Ropa y calzado basico,Ropa-2,Ropa-3-1,231,215600.0,12.86,LT,True,2026-03-08
36,1617990421020,Voluptatum sit,Hogar y limpieza,Hoga-1,Hoga-1-1,213,206700.0,8.79,UN,True,2026-03-18
37,0275884252412,A vero,Electronica y tecnologia,Elec-1,Elec-3-1,94,215600.0,15.58,UN,True,2026-01-03
38,0564814917782,Suscipit cum,Bebes y maternidad,Bebe-2,Bebe-1-2,222,87300.0,13.02,KG,True,2025-10-16
39,5079252419132,Recusandae necessitatibus,Electronica y tecnologia,Elec-1,Elec-1-1,198,119600.0,11.51,UN,False,2025-10-14
40,8000307562203,Ut suscipit,Cuidado personal e higiene,Cuid-2,Cuid-1-1,606,212300.0,8.74,UN,True,2026-01-01
41,8635365419512,Fugiat est,Hogar y limpieza,Hoga-2,Hoga-1-1,171,227800.0,10.74,LT,True,2025-10-13
42,8023806174456,Ut excepturi,Ropa y calzado basico,Ropa-2,Ropa-3-1,133,38400.0,1.07,KG,False,2026-01-16
43,1870534949378,Laborum neque,Hogar y limpieza,Hoga-2,Hoga-3-1,587,47000.0,13.35,UN,True,2026-03-16
44,5973832060380,Dicta eaque,Bebes y maternidad,Bebe-3,Bebe-3-1,431,88000.0,4.13,UN,True,2025-10-11
45,5050641383678,Repellendus iusto,Bebes y maternidad,Bebe-1,Bebe-1-1,173,193000.0,17.21,UN,False,2026-03-06
46,0241038657198,Alias doloribus,Alimentos y bebidas,Alim-1,Alim-3-2,565,219000.0,16.26,UN,True,2025-09-11
47,1826199062341,Aut autem,Ropa y calzado basico,Ropa-1,Ropa-3-2,173,145900.0,10.58,UN,True,2025-12-09
48,4565574313292,Cumque quaerat,Hogar y limpieza,Hoga-3,Hoga-1-2,629,30100.0,16.95,UN,True,2025-11-20
49,1212775618536,Optio ab,Electronica y tecnologia,Elec-3,Elec-2-2,26,77300.0,13.43,UN,False,2025-12-25
50,7474112490357,Vitae aperiam,Cuidado personal e higiene,Cuid-3,Cuid-2-1,473,214500.0,2.87,UN,True,2025-12-09
51,2135680442067,Ab animi,Hogar y limpieza,Hoga-2,Hoga-1-1,478,88200.0,14.83,LT,True,2025-12-22
52,7883171210033,Quidem deserunt,Cuidado personal e higiene,Cuid-2,Cuid-2-2,299,27500.0,19.92,LT,True,2025-09-28
53,2365199410138,Dolorum debitis,Alimentos y bebidas,Alim-2,Alim-3-2,552,76900.0,0.87,KG,False,2026-02-03
54,7215107029660,Aspernatur magnam,Ropa y calzado basico,Ropa-1,Ropa-1-1,304,202100.0,4.94,UN,True,2026-03-11
55,7066253244724,Ex delectus,Alimentos y bebidas,Alim-2,Alim-2-2,523,124400.0,11.97,UN,True,2025-12-07
56,0999347687015,Doloremque animi,Hogar y limpieza,Hoga-2,Hoga-2-2,179,44600.0,8.33,UN,True,2026-02-22
57,4626383806570,Quis repudiandae,Cuidado personal e higiene,Cuid-1,Cuid-3-1,455,79500.0,12.77,UN,True,2025-09-28
58,8759856420594,Ex repellat,Alimentos y bebidas,Alim-3,Alim-3-2,606,238500.0,11.75,KG,True,2026-01-28
59,3040785932131,Magnam molestiae,Hogar y limpieza,Hoga-3,Hoga-3-2,773,109100.0,15.77,UN,True,2025-11-07
60,3480396522398,Architecto quia,Bebes y maternidad,Bebe-1,Bebe-2-1,289,111500.0,1.46,UN,True,2026-01-15
61,5590599293785,Rem quia,Bebes y maternidad,Bebe-3,Bebe-2-1,379,40000.0,8.84,UN,True,2025-12-26
62,4270103930870,Aliquam illum,Hogar y limpieza,Hoga-1,Hoga-2-2,382,77500.0,17.21,UN,True,2025-09-12
63,0593252500294,Nisi molestiae,Electronica y tecnologia,Elec-3,Elec-2-1,689,204000.0,7.29,KG,True,2025-11-13
64,2185156915458,Aut occaecati,Bebes y maternidad,Bebe-3,Bebe-1-2,771,197000.0,10.1,UN,True,2025-11-29
65,2267528953920,Cum accusantium,Cuidado personal e higiene,Cuid-1,Cuid-3-1,517,110000.0,,UN,True,2026-02-13
66,6442209690295,Consectetur illo,Bebes y maternidad,Bebe-2,Bebe-3-2,658,223600.0,4.52,UN,True,2025-09-25
67,5939172513559,Optio quidem,Alimentos y bebidas,Alim-1,Alim-2-1,68,96300.0,9.3,KG,True,2026-03-12
68,2157043315412,Ducimus fuga,Cuidado personal e higiene,Cuid-3,Cuid-3-1,608,216400.0,,UN,True,2025-09-13
69,0067626765867,Omnis libero,Hogar y limpieza,Hoga-1,Hoga-3-2,649,9800.0,14.31,UN,True,2025-10-22
70,1793271040545,Recusandae sint,Alimentos y bebidas,Alim-1,Alim-2-2,572,88100.0,12.26,KG,True,2025-10-02
71,1152621815996,Consequuntur cupiditate,Ropa y calzado basico,Ropa-1,Ropa-1-2,468,214100.0,17.61,LT,True,2026-02-28
72,7062962015334,Placeat earum,Bebes y maternidad,Bebe-1,Bebe-1-2,720,225500.0,17.1,UN,True,2025-12-26
73,6884443106987,Reiciendis aperiam,Hogar y limpieza,Hoga-1,Hoga-2-1,523,189600.0,4.86,KG,True,2026-01-25
74,7205061497315,Mollitia nihil,Bebes y maternidad,Bebe-2,Bebe-2-2,678,168100.0,0.4,UN,False,2026-01-19
75,0324171467746,Iste aspernatur,Ropa y calzado basico,Ropa-2,Ropa-1-1,145,204200.0,17.1,KG,True,2025-12-30
76,1862565270477,Necessitatibus quam,Ropa y calzado basico,Ropa-2,Ropa-1-1,533,177500.0,6.62,UN,False,2025-11-02
77,7434902115860,Quia suscipit,Ropa y calzado basico,Ropa-1,Ropa-1-2,350,65000.0,6.97,KG,True,2025-09-30
78,9380686879376,Provident maiores,Electronica y tecnologia,Elec-1,Elec-3-2,695,117600.0,3.21,KG,True,2025-11-30
79,4160898992170,Officiis nobis,Alimentos y bebidas,Alim-3,Alim-3-2,705,165900.0,13.88,UN,True,2025-11-25
80,2233206163295,Amet ducimus,Bebes y maternidad,Bebe-1,Bebe-2-2,676,147800.0,5.64,UN,True,2025-11-30
81,4511686854871,Omnis eius,Electronica y tecnologia,Elec-1,Elec-1-2,173,221500.0,3.58,KG,True,2026-03-22
82,0998616229994,Cupiditate nisi,Bebes y maternidad,Bebe-2,Bebe-1-2,394,119500.0,10.09,UN,True,2025-09-29
83,1191485646797,Adipisci excepturi,Bebes y maternidad,Bebe-1,Bebe-1-1,1,46100.0,15.02,UN,True,2026-01-11
84,9702462996068,Laudantium asperiores,Cuidado personal e higiene,Cuid-2,Cuid-2-2,784,55200.0,5.43,UN,True,2025-10-05
85,5307450544470,Dolor voluptas,Hogar y limpieza,Hoga-3,Hoga-1-1,207,211800.0,14.45,UN,True,2025-12-31
86,1324754691376,Inventore laboriosam,Cuidado personal e higiene,Cuid-1,Cuid-2-2,500,4200.0,9.27,UN,False,2026-01-17
87,3678508214860,Accusantium mollitia,Alimentos y bebidas,Alim-3,Alim-3-2,391,217500.0,8.11,UN,True,2025-09-11
88,2890233030701,Eligendi debitis,Bebes y maternidad,Bebe-2,Bebe-2-1,724,15800.0,,KG,True,2025-12-05
89,5345786103572,Officiis assumenda,Bebes y maternidad,Bebe-2,Bebe-3-1,658,99100.0,2.95,UN,True,2025-11-07
90,9727985524147,Voluptas voluptate,Bebes y maternidad,Bebe-2,Bebe-1-1,622,200400.0,6.69,UN,True,2025-12-10
91,0602933334681,Veniam laudantium,Bebes y maternidad,Bebe-2,Bebe-1-1,515,103100.0,17.59,UN,True,2025-12-10
92,0072290349442,Dolor harum,Electronica y tecnologia,Elec-1,Elec-3-2,96,205900.0,2.09,UN,True,2025-12-07
93,6657437489690,Commodi ut,Electronica y tecnologia,Elec-1,Elec-2-1,736,26900.0,19.17,UN,True,2026-01-10
94,1085899441713,Nobis sequi,Bebes y maternidad,Bebe-3,Bebe-2-1,51,128900.0,2.19,UN,True,2025-10-14
95,5454443283097,Facere tempora,Electronica y tecnologia,Elec-1,Elec-3-1,365,146500.0,7.27,UN,True,2026-02-22
96,6520744666095,Ipsam non,Electronica y tecnologia,Elec-3,Elec-2-2,304,222900.0,12.15,LT,False,2026-02-19
97,9353875842826,In modi,Cuidado personal e higiene,Cuid-2,Cuid-1-1,313,25200.0,16.76,UN,True,2025-12-04
98,4172482513531,Quidem nesciunt,Ropa y calzado basico,Ropa-3,Ropa-2-1,782,86000.0,2.91,UN,False,2026-03-04
99,4655494717093,Minus omnis,Ropa y calzado basico,Ropa-2,Ropa-1-1,186,165500.0,2.86,KG,True,2025-10-28
100,9917381684600,Nam tempora,Ropa y calzado basico,Ropa-2,Ropa-1-2,464,245000.0,12.59,UN,True,2025-10-15
101,2235697252175,Unde facere,Hogar y limpieza,Hoga-2,Hoga-1-1,175,212400.0,5.89,UN,True,2025-10-30
102,5250074329278,Neque sint,Cuidado personal e higiene,Cuid-2,Cuid-3-2,730,211900.0,12.91,LT,True,2026-02-07
103,1296666760085,Cumque hic,Alimentos y bebidas,Alim-1,Alim-3-2,589,130300.0,16.42,UN,True,2025-10-01
104,3505830033541,Doloremque quae,Electronica y tecnologia,Elec-2,Elec-1-2,332,141900.0,1.58,UN,True,2025-11-03
105,2168942104472,Inventore accusamus,Ropa y calzado basico,Ropa-2,Ropa-1-2,65,214900.0,16.9,UN,True,2025-10-03
106,8985625753260,Ad ab,Ropa y calzado basico,Ropa-1,Ropa-3-2,123,217700.0,0.8,LT,True,2025-12-01
107,0332309821506,Accusantium voluptatem,Bebes y maternidad,Bebe-3,Bebe-3-1,195,201000.0,17.98,UN,False,2025-11-04
108,6489090100168,Culpa error,Hogar y limpieza,Hoga-2,Hoga-1-2,326,205000.0,19.51,KG,True,2026-02-14
109,7618472304613,Numquam fuga,Ropa y calzado basico,Ropa-1,Ropa-1-2,709,220100.0,13.37,UN,True,2026-02-04
110,8499261891410,Eaque occaecati,Ropa y calzado basico,Ropa-3,Ropa-3-1,96,30200.0,19.69,UN,True,2026-02-27
111,1739348356423,Quaerat fugit,Cuidado personal e higiene,Cuid-1,Cuid-3-2,462,74600.0,16.45,KG,True,2025-11-25
112,0873753001194,Porro consequatur,Bebes y maternidad,Bebe-2,Bebe-3-1,278,244100.0,0.94,LT,True,2025-12-19
113,7218114374471,Ad pariatur,Alimentos y bebidas,Alim-2,Alim-1-1,38,137100.0,0.13,UN,True,2026-02-22
114,0120455611009,Excepturi quae,Electronica y tecnologia,Elec-2,Elec-1-1,496,45800.0,0.46,UN,True,2026-01-24
115,2255794155216,Dolorum eaque,Bebes y maternidad,Bebe-3,Bebe-2-1,564,126800.0,9.07,KG,True,2026-03-12
116,6674676212025,Ducimus dignissimos,Electronica y tecnologia,Elec-3,Elec-1-2,768,162200.0,12.49,UN,True,2026-03-19
117,1697972965902,Itaque ut,Bebes y maternidad,Bebe-2,Bebe-3-2,406,207400.0,9.66,UN,True,2025-09-19
118,2771670145084,Vitae quis,Alimentos y bebidas,Alim-3,Alim-1-2,261,203400.0,13.56,UN,True,2025-10-21
119,9935889163755,Voluptas et,Electronica y tecnologia,Elec-3,Elec-2-1,684,14200.0,9.02,LT,True,2026-01-24
120,6289002877214,Et perspiciatis,Ropa y calzado basico,Ropa-3,Ropa-3-1,198,114500.0,0.9,UN,True,2025-09-23
121,7535408386638,Nobis doloremque,Electronica y tecnologia,Elec-2,Elec-3-1,546,7100.0,4.56,UN,True,2025-09-21
122,1779717751701,Temporibus dicta,Bebes y maternidad,Bebe-1,Bebe-2-1,755,222300.0,19.85,UN,True,2025-10-01
123,1660880199486,Eos ex,Hogar y limpieza,Hoga-1,Hoga-3-2,4,45100.0,6.95,UN,True,2025-09-18
124,8375503758997,Fugiat iure,Ropa y calzado basico,Ropa-2,Ropa-1-1,741,157000.0,6.53,UN,True,2026-01-15
125,7571130554884,Aperiam cum,Hogar y limpieza,Hoga-2,Hoga-2-1,165,143500.0,3.1,UN,True,2025-10-29
126,5102726149331,Laboriosam harum,Bebes y maternidad,Bebe-1,Bebe-1-2,386,157100.0,19.74,UN,True,2026-03-11
127,1637351609171,Cumque optio,Alimentos y bebidas,Alim-1,Alim-3-2,207,141700.0,4.65,UN,True,2025-09-24
128,7982708086971,Possimus necessitatibus,Cuidado personal e higiene,Cuid-3,Cuid-3-2,116,179500.0,12.95,UN,True,2025-12-04
129,8292216995863,Maxime officiis,Alimentos y bebidas,Alim-3,Alim-1-2,562,157300.0,0.89,KG,True,2026-01-14
130,6934654722695,Quidem nihil,Ropa y calzado basico,Ropa-3,Ropa-1-2,386,24400.0,1.38,UN,True,2025-11-15
131,8485833394526,Nostrum beatae,Cuidado personal e higiene,Cuid-1,Cuid-2-1,408,93000.0,14.35,UN,True,2026-01-25
132,2885158799680,Animi voluptatem,Cuidado personal e higiene,Cuid-1,Cuid-1-2,387,137600.0,12.72,UN,True,2026-02-19
133,4608106200346,Totam architecto,Bebes y maternidad,Bebe-1,Bebe-3-2,598,82600.0,13.62,UN,True,2026-01-09
134,2442043805712,Amet ad,Hogar y limpieza,Hoga-3,Hoga-1-2,773,190600.0,4.66,KG,True,2026-01-03
135,9838638406663,Laudantium sapiente,Alimentos y bebidas,Alim-2,Alim-3-1,411,80800.0,19.7,UN,True,2025-12-28
136,5800439735987,Commodi cupiditate,Alimentos y bebidas,Alim-3,Alim-2-2,125,207500.0,11.19,KG,True,2026-03-21
137,9334721228162,Quia modi,Cuidado personal e higiene,Cuid-2,Cuid-2-1,262,38400.0,19.39,UN,True,2026-02-07
138,0648422940575,Dolorem temporibus,Bebes y maternidad,Bebe-2,Bebe-1-2,397,192800.0,3.33,LT,True,2025-09-16
139,2025909479854,Fugiat praesentium,Electronica y tecnologia,Elec-2,Elec-3-2,83,47500.0,8.13,UN,True,2026-02-05
140,1583281826884,Sequi excepturi,Bebes y maternidad,Bebe-3,Bebe-2-1,184,132900.0,6.75,UN,True,2025-10-06
141,6153355543983,Soluta esse,Cuidado personal e higiene,Cuid-2,Cuid-2-1,163,81500.0,15.11,UN,True,2026-02-25
142,7801573993057,Sunt enim,Hogar y limpieza,Hoga-2,Hoga-2-2,779,160100.0,14.96,UN,True,2025-11-07
143,6164840858871,Incidunt quaerat,Alimentos y bebidas,Alim-3,Alim-3-2,321,54800.0,,UN,True,2026-01-20
144,7043581128803,Vel repellat,Hogar y limpieza,Hoga-2,Hoga-3-1,704,199300.0,,UN,True,2026-01-29
145,1336138612075,Blanditiis illo,Electronica y tecnologia,Elec-3,Elec-3-1,442,144200.0,3.55,KG,True,2025-11-14
146,5011024819344,Aspernatur debitis,Ropa y calzado basico,Ropa-2,Ropa-2-2,405,239400.0,1.05,KG,True,2026-03-15
147,6676650618090,Nam repudiandae,Hogar y limpieza,Hoga-3,Hoga-3-2,751,178500.0,16.95,UN,True,2025-12-17
148,1901581449143,Temporibus veniam,Ropa y calzado basico,Ropa-2,Ropa-1-2,554,152600.0,5.83,UN,True,2025-11-27
149,7660728326849,Molestias et,Electronica y tecnologia,Elec-2,Elec-3-2,192,207600.0,2.4,UN,True,2025-12-11
150,2450882100998,Commodi ipsum,Cuidado personal e higiene,Cuid-1,Cuid-2-1,226,56500.0,7.12,KG,True,2025-11-04
151,6881435368224,Voluptates laborum,Bebes y maternidad,Bebe-2,Bebe-2-1,533,158900.0,1.59,UN,True,2025-09-25
152,2394312908788,Tempora laudantium,Hogar y limpieza,Hoga-1,Hoga-3-1,2,98800.0,19.58,UN,True,2026-03-19
153,1414139755233,Veritatis qui,Alimentos y bebidas,Alim-2,Alim-3-1,123,186500.0,6.33,UN,True,2026-02-13
154,1491357759496,Architecto totam,Bebes y maternidad,Bebe-3,Bebe-2-1,60,8100.0,18.66,UN,True,2026-02-13
155,2995562053367,Ad provident,Bebes y maternidad,Bebe-2,Bebe-2-1,572,108100.0,13.67,UN,True,2026-03-05
156,4525777547818,Perspiciatis maxime,Alimentos y bebidas,Alim-2,Alim-3-1,354,163600.0,11.34,UN,True,2026-01-04
157,2914283411089,Praesentium labore,Bebes y maternidad,Bebe-1,Bebe-3-2,10,116200.0,,KG,True,2026-03-19
158,0996930848877,Officia iure,Bebes y maternidad,Bebe-3,Bebe-3-1,594,61000.0,13.76,LT,False,2026-03-20
159,2563942788163,Consequuntur voluptas,Ropa y calzado basico,Ropa-2,Ropa-1-1,525,117200.0,13.74,UN,True,2025-10-23
160,5803928272291,Error culpa,Cuidado personal e higiene,Cuid-2,Cuid-1-2,575,212700.0,0.26,UN,False,2025-12-01
161,9275037314531,Quaerat et,Electronica y tecnologia,Elec-1,Elec-3-1,131,53300.0,18.16,KG,True,2025-09-23
162,0385677005184,Quod deleniti,Electronica y tecnologia,Elec-1,Elec-3-1,700,93100.0,7.39,UN,False,2026-01-22
163,4498926659185,Earum porro,Electronica y tecnologia,Elec-1,Elec-3-1,145,247600.0,7.1,UN,True,2025-09-26
164,4638655779086,Asperiores vel,Electronica y tecnologia,Elec-3,Elec-3-1,457,228400.0,8.16,UN,True,2026-02-03
165,2723184322253,Quidem hic,Electronica y tecnologia,Elec-3,Elec-2-1,448,10400.0,13.72,UN,True,2026-02-11
166,9136517773920,Harum facere,Electronica y tecnologia,Elec-1,Elec-2-2,175,133500.0,7.55,UN,True,2025-11-25
167,6030299228094,Molestias quidem,Ropa y calzado basico,Ropa-1,Ropa-3-1,301,18200.0,7.51,UN,True,2026-01-08
168,2024286990419,Tempore ipsum,Electronica y tecnologia,Elec-3,Elec-1-2,42,231100.0,1.32,UN,True,2026-03-12
169,3797723692922,Ad corporis,Alimentos y bebidas,Alim-2,Alim-3-1,378,111500.0,8.36,UN,True,2026-02-02
170,9842579913661,Vel eius,Alimentos y bebidas,Alim-1,Alim-3-2,542,105800.0,3.03,UN,False,2025-12-01
171,2103886291277,Suscipit quis,Bebes y maternidad,Bebe-2,Bebe-3-2,248,69700.0,17.12,UN,False,2026-03-04
172,9908811729800,Commodi exercitationem,Bebes y maternidad,Bebe-1,Bebe-1-1,431,143100.0,6.72,KG,True,2025-09-12
173,6865086376593,Quae maiores,Electronica y tecnologia,Elec-1,Elec-3-1,763,38000.0,19.22,KG,False,2025-10-19
174,9162473149868,Veritatis in,Cuidado personal e higiene,Cuid-2,Cuid-1-2,188,200100.0,13.71,LT,True,2025-11-08
175,4300981806353,Corrupti quo,Ropa y calzado basico,Ropa-3,Ropa-1-2,233,123800.0,15.14,KG,False,2025-11-15
176,6512694486953,Ipsa dolorum,Alimentos y bebidas,Alim-3,Alim-2-1,96,142500.0,18.96,UN,True,2026-01-16
177,9463688725886,Sint et,Hogar y limpieza,Hoga-1,Hoga-1-1,434,210500.0,4.82,UN,True,2026-02-09
178,7449562137213,Dolorem necessitatibus,Cuidado personal e higiene,Cuid-2,Cuid-3-2,164,47900.0,11.37,UN,True,2025-09-14
179,3865890260128,Hic iste,Alimentos y bebidas,Alim-3,Alim-3-2,684,45400.0,0.86,UN,True,2025-10-25
180,7961143519060,Odit aperiam,Ropa y calzado basico,Ropa-3,Ropa-1-1,233,106400.0,2.06,KG,True,2026-02-14
181,6984902770381,At optio,Electronica y tecnologia,Elec-3,Elec-3-1,532,197000.0,,UN,True,2025-12-14
182,4309883920532,Occaecati expedita,Cuidado personal e higiene,Cuid-1,Cuid-2-2,152,16500.0,13.67,LT,True,2025-11-05
183,0214656693800,Eum placeat,Electronica y tecnologia,Elec-1,Elec-3-2,259,199200.0,16.64,UN,True,2025-12-01
184,1184895543930,Ut amet,Alimentos y bebidas,Alim-1,Alim-3-2,137,126200.0,5.17,UN,True,2026-01-03
185,7690426818186,Atque architecto,Hogar y limpieza,Hoga-1,Hoga-2-1,442,141300.0,14.99,KG,True,2026-01-01
186,4518489476972,Nisi magni,Electronica y tecnologia,Elec-1,Elec-1-2,23,142000.0,4.52,UN,True,2026-02-16
187,3577907141633,Earum natus,Hogar y limpieza,Hoga-1,Hoga-1-2,67,15900.0,0.17,KG,True,2026-03-20
188,3565880434163,Aperiam laborum,Ropa y calzado basico,Ropa-2,Ropa-2-2,402,63900.0,1.14,KG,True,2026-02-12
189,5182755394230,Impedit recusandae,Cuidado personal e higiene,Cuid-2,Cuid-3-2,437,189300.0,11.73,KG,True,2025-09-24
190,7333433339526,Placeat blanditiis,Alimentos y bebidas,Alim-2,Alim-2-1,264,104200.0,9.97,KG,True,2025-11-27
191,1117908075951,Ea pariatur,Electronica y tecnologia,Elec-1,Elec-2-1,346,141000.0,5.44,UN,True,2025-12-09
192,7947284639201,Repellat eveniet,Bebes y maternidad,Bebe-1,Bebe-1-2,334,236300.0,0.18,UN,False,2026-01-07
193,8678085627188,Beatae sunt,Hogar y limpieza,Hoga-3,Hoga-3-1,607,13500.0,11.38,KG,True,2026-03-14
194,7500369155944,Amet quibusdam,Alimentos y bebidas,Alim-2,Alim-1-2,358,113500.0,16.36,UN,False,2025-12-02
195,2843479552766,Dolor molestias,Bebes y maternidad,Bebe-1,Bebe-3-2,679,91600.0,1.42,UN,True,2025-11-12
196,3655647292935,Doloremque tenetur,Hogar y limpieza,Hoga-3,Hoga-3-1,174,28400.0,14.74,UN,True,2026-03-02
197,1438663227028,Tenetur perspiciatis,Cuidado personal e higiene,Cuid-3,Cuid-1-1,160,237800.0,,UN,True,2026-01-30
198,6728857448908,Omnis ipsam,Electronica y tecnologia,Elec-3,Elec-1-1,323,240400.0,9.61,UN,True,2025-12-04
199,6120347175453,Nihil sapiente,Cuidado personal e higiene,Cuid-1,Cuid-2-2,66,79200.0,1.01,LT,True,2026-03-08
200,5884506159395,Sequi voluptatibus,Bebes y maternidad,Bebe-2,Bebe-1-2,537,236800.0,18.48,UN,True,2025-11-03
201,9824558771691,Sint a,Cuidado personal e higiene,Cuid-3,Cuid-3-2,313,10700.0,9.57,UN,True,2025-10-22
202,4722569961122,Nostrum voluptate,Electronica y tecnologia,Elec-3,Elec-3-2,294,245300.0,8.02,UN,True,2025-09-08
203,5355449647596,Adipisci in,Electronica y tecnologia,Elec-1,Elec-1-1,428,209300.0,17.24,UN,True,2025-09-20
204,8762202341320,Cum quae,Cuidado personal e higiene,Cuid-3,Cuid-2-2,66,55200.0,16.92,UN,True,2026-02-23
205,6111780068112,Nostrum sint,Hogar y limpieza,Hoga-2,Hoga-1-1,302,150700.0,14.56,UN,True,2025-09-19
206,4921643347221,Molestias accusamus,Alimentos y bebidas,Alim-2,Alim-1-1,778,200000.0,16.6,UN,True,2026-02-03
207,8200557784879,Similique magni,Electronica y tecnologia,Elec-2,Elec-3-1,503,81200.0,2.53,UN,True,2025-09-18
208,2829979688457,Molestiae necessitatibus,Ropa y calzado basico,Ropa-3,Ropa-3-2,460,89700.0,15.23,UN,True,2025-10-20
209,7831745642407,Consequuntur blanditiis,Bebes y maternidad,Bebe-1,Bebe-3-1,405,158000.0,6.59,UN,True,2025-11-13
210,0825478077404,Quos ea,Cuidado personal e higiene,Cuid-2,Cuid-1-1,375,38500.0,17.36,KG,True,2025-10-16
211,6493085368662,Quo repellat,Cuidado personal e higiene,Cuid-3,Cuid-2-2,750,31300.0,7.44,LT,True,2025-09-29
212,3266341638945,Delectus commodi,Electronica y tecnologia,Elec-2,Elec-2-1,745,64000.0,1.13,KG,True,2026-03-20
213,4846312241795,Voluptatibus ad,Ropa y calzado basico,Ropa-1,Ropa-3-2,328,185800.0,8.32,KG,True,2025-11-24
214,7497350208027,Perspiciatis ipsam,Bebes y maternidad,Bebe-1,Bebe-2-2,740,92900.0,15.15,UN,True,2025-11-27
215,1442703120736,Provident non,Alimentos y bebidas,Alim-2,Alim-3-1,66,127800.0,10.04,KG,True,2026-02-01
216,5647570512042,Incidunt est,Cuidado personal e higiene,Cuid-3,Cuid-1-2,256,50500.0,15.28,UN,True,2026-03-05
217,6187234601365,Magni ratione,Cuidado personal e higiene,Cuid-2,Cuid-2-2,242,50100.0,0.75,KG,True,2025-11-02
218,7303718376454,Ex adipisci,Cuidado personal e higiene,Cuid-3,Cuid-3-1,558,163300.0,3.58,UN,True,2025-12-03
219,2088147435037,Reprehenderit possimus,Hogar y limpieza,Hoga-2,Hoga-2-1,485,28900.0,11.29,UN,True,2025-12-08
220,1365024916300,Iste et,Bebes y maternidad,Bebe-2,Bebe-2-2,379,167600.0,7.74,UN,True,2025-10-26
221,0979251327191,Eius voluptas,Alimentos y bebidas,Alim-1,Alim-2-2,205,101400.0,13.62,UN,True,2025-09-29
222,5005281273582,Minus eius,Ropa y calzado basico,Ropa-2,Ropa-3-1,406,168500.0,19.25,UN,True,2026-03-07
223,5730652407784,Culpa fuga,Electronica y tecnologia,Elec-1,Elec-1-2,216,96700.0,13.21,UN,True,2026-01-21
224,4873928557491,Repellendus deleniti,Electronica y tecnologia,Elec-3,Elec-3-2,398,211800.0,8.38,LT,True,2026-01-17
225,8218274485702,Provident suscipit,Ropa y calzado basico,Ropa-1,Ropa-2-1,272,15800.0,10.87,UN,True,2025-11-06
226,8620959351866,Rerum nemo,Alimentos y bebidas,Alim-3,Alim-2-1,711,223500.0,18.26,UN,True,2026-01-14
227,3878294565119,Repellendus consequatur,Ropa y calzado basico,Ropa-1,Ropa-2-1,597,68600.0,13.48,UN,True,2025-10-01
228,8102203173108,Quas vitae,Cuidado personal e higiene,Cuid-2,Cuid-1-2,141,12600.0,16.07,UN,True,2025-09-27
229,9678994053916,Necessitatibus cumque,Electronica y tecnologia,Elec-1,Elec-3-1,753,141500.0,6.07,UN,True,2026-03-13
230,0371705865097,Unde pariatur,Ropa y calzado basico,Ropa-1,Ropa-3-2,528,57600.0,14.9,UN,True,2025-10-19
231,4801413811384,Ipsum tenetur,Electronica y tecnologia,Elec-3,Elec-3-1,281,115900.0,2.83,UN,True,2026-02-04
232,6338392886198,Nam quisquam,Cuidado personal e higiene,Cuid-1,Cuid-3-2,425,201000.0,15.01,UN,True,2025-10-29
233,5761228685282,Non esse,Hogar y limpieza,Hoga-2,Hoga-3-2,157,198300.0,17.64,UN,True,2026-01-12
234,9755855665935,Explicabo ipsum,Hogar y limpieza,Hoga-3,Hoga-2-2,38,150900.0,18.01,UN,False,2026-01-04
235,9836845776005,Unde harum,Alimentos y bebidas,Alim-2,Alim-3-2,337,244500.0,2.38,KG,True,2026-01-26
236,4908240433502,Rerum modi,Ropa y calzado basico,Ropa-1,Ropa-1-2,626,117000.0,16.61,KG,True,2026-03-13
237,4888992107527,Hic vel,Alimentos y bebidas,Alim-2,Alim-3-2,282,11800.0,2.24,UN,True,2025-11-28
238,2459334419695,Vitae dolores,Hogar y limpieza,Hoga-2,Hoga-2-1,308,205200.0,9.59,UN,True,2026-02-24
239,3157279194095,Doloribus aliquam,Electronica y tecnologia,Elec-1,Elec-3-2,793,56900.0,13.67,LT,True,2025-11-02
240,6105566139066,Nesciunt reiciendis,Alimentos y bebidas,Alim-1,Alim-2-1,790,45700.0,9.71,UN,False,2026-03-15
241,0480589258328,Rem vel,Bebes y maternidad,Bebe-2,Bebe-2-1,372,19400.0,6.83,UN,True,2025-12-12
242,0679981364625,Dolor labore,Hogar y limpieza,Hoga-2,Hoga-1-1,36,83300.0,,UN,True,2026-02-19
243,2517908641689,Laboriosam quia,Alimentos y bebidas,Alim-1,Alim-2-2,544,82900.0,13.23,UN,True,2026-02-16
244,6227837693890,Excepturi asperiores,Electronica y tecnologia,Elec-2,Elec-2-2,572,77100.0,11.68,KG,True,2026-01-08
245,8331465911665,Accusamus eius,Electronica y tecnologia,Elec-2,Elec-1-1,732,149100.0,10.59,KG,True,2026-03-15
246,5535590425971,Laudantium quibusdam,Electronica y tecnologia,Elec-1,Elec-1-1,759,188400.0,14.13,UN,False,2026-01-17
247,9270335211032,Assumenda ut,Ropa y calzado basico,Ropa-2,Ropa-2-1,504,234600.0,8.09,UN,True,2026-01-03
248,9240514770537,Voluptates voluptatum,Hogar y limpieza,Hoga-3,Hoga-1-2,86,25300.0,1.42,KG,True,2025-10-24
249,8338848792064,Quod officia,Ropa y calzado basico,Ropa-2,Ropa-3-1,200,39300.0,10.77,UN,True,2025-11-18
250,9804204394078,Maxime necessitatibus,Hogar y limpieza,Hoga-2,Hoga-1-1,574,148300.0,14.48,UN,True,2025-09-05
251,0164510463684,Sunt exercitationem,Electronica y tecnologia,Elec-3,Elec-2-2,486,26300.0,6.02,UN,True,2026-01-25
252,1579812387801,Facere illum,Alimentos y bebidas,Alim-2,Alim-1-1,349,93900.0,2.86,KG,True,2026-01-03
253,0384576205558,Sint consequatur,Electronica y tecnologia,Elec-1,Elec-2-2,322,156900.0,18.24,KG,False,2026-01-21
254,4384046084320,Animi quae,Cuidado personal e higiene,Cuid-2,Cuid-2-2,568,195600.0,17.28,UN,True,2026-01-07
255,5621689363924,Quas laudantium,Ropa y calzado basico,Ropa-2,Ropa-2-1,338,56000.0,12.39,KG,True,2025-10-23
256,6495782329830,Eveniet illum,Ropa y calzado basico,Ropa-2,Ropa-2-2,124,167700.0,15.74,UN,True,2026-03-22
257,2482629251885,Quos quisquam,Bebes y maternidad,Bebe-1,Bebe-2-1,784,162200.0,19.38,UN,True,2025-11-30
258,1252056647428,Excepturi blanditiis,Bebes y maternidad,Bebe-1,Bebe-1-2,280,215200.0,11.41,KG,True,2026-01-21
259,3122099499934,Sequi ea,Alimentos y bebidas,Alim-2,Alim-2-2,223,79800.0,4.92,LT,True,2025-09-30
260,9330517289751,Nulla dolorem,Alimentos y bebidas,Alim-3,Alim-2-1,56,188000.0,12.79,UN,True,2026-01-01
261,2677223306042,Odio numquam,Bebes y maternidad,Bebe-3,Bebe-2-1,376,188500.0,18.3,UN,True,2025-11-23
262,6333127975734,Quae eos,Hogar y limpieza,Hoga-3,Hoga-2-1,789,61300.0,13.82,LT,True,2026-03-08
263,6609656999887,Illo architecto,Alimentos y bebidas,Alim-1,Alim-3-2,128,156000.0,0.57,UN,True,2026-02-03
264,0817703886080,Praesentium reprehenderit,Cuidado personal e higiene,Cuid-2,Cuid-2-1,196,169400.0,,UN,True,2026-03-09
265,6803476447263,Vitae sunt,Bebes y maternidad,Bebe-2,Bebe-1-1,143,70100.0,15.09,UN,True,2025-11-05
266,4908277181292,Eaque deserunt,Hogar y limpieza,Hoga-2,Hoga-1-2,76,114000.0,8.07,UN,True,2026-01-14
267,8266570279372,Provident beatae,Alimentos y bebidas,Alim-2,Alim-1-1,483,110100.0,19.75,UN,True,2026-01-08
268,1452111751866,Quos commodi,Ropa y calzado basico,Ropa-2,Ropa-2-1,239,193800.0,14.45,UN,True,2025-10-24
269,8926860259223,Molestiae ut,Cuidado personal e higiene,Cuid-1,Cuid-3-2,601,2200.0,16.52,UN,True,2025-11-08
270,2206447421233,Pariatur commodi,Hogar y limpieza,Hoga-3,Hoga-3-1,321,126300.0,18.87,UN,True,2026-01-16
271,0940777809737,Porro odio,Alimentos y bebidas,Alim-3,Alim-2-1,510,47700.0,0.84,UN,True,2025-10-03
272,3977671990381,Vel consequatur,Electronica y tecnologia,Elec-1,Elec-1-2,72,162400.0,15.5,UN,True,2025-11-23
273,4983022050207,Cumque ab,Hogar y limpieza,Hoga-2,Hoga-3-1,264,170700.0,7.76,UN,False,2026-01-30
274,9945101622496,Et id,Bebes y maternidad,Bebe-2,Bebe-1-2,332,126300.0,17.39,UN,True,2026-02-19
275,9982795014558,Aperiam doloribus,Hogar y limpieza,Hoga-3,Hoga-2-2,48,136400.0,17.58,KG,True,2025-12-30
276,6168147214583,Asperiores porro,Cuidado personal e higiene,Cuid-3,Cuid-3-2,336,80100.0,16.58,LT,True,2026-01-15
277,6833901981796,Est nostrum,Alimentos y bebidas,Alim-2,Alim-2-2,377,79700.0,15.6,UN,True,2026-02-16
278,4695489952993,At praesentium,Cuidado personal e higiene,Cuid-3,Cuid-1-1,324,186800.0,15.9,UN,True,2025-10-20
279,7877293430103,Ipsa ipsum,Hogar y limpieza,Hoga-3,Hoga-1-2,404,34700.0,5.97,KG,True,2026-01-17
280,7139660558309,Odit facilis,Alimentos y bebidas,Alim-3,Alim-2-1,638,193300.0,8.16,UN,True,2026-01-29
281,3441448850159,Corrupti pariatur,Hogar y limpieza,Hoga-1,Hoga-1-2,617,164400.0,2.35,LT,True,2026-02-14
282,5699023557704,Sunt sint,Bebes y maternidad,Bebe-3,Bebe-2-2,12,221300.0,16.62,UN,True,2026-01-03
283,2727857608491,At provident,Ropa y calzado basico,Ropa-2,Ropa-2-1,513,66500.0,12.94,UN,True,2025-10-04
284,5880395512402,Fugit tempore,Electronica y tecnologia,Elec-1,Elec-2-2,724,127500.0,12.27,UN,True,2025-09-14
285,5682996291454,Quia ab,Bebes y maternidad,Bebe-3,Bebe-1-1,698,11700.0,4.96,UN,False,2026-01-04
286,0461735743844,Ad assumenda,Ropa y calzado basico,Ropa-3,Ropa-3-2,259,228300.0,12.32,KG,True,2025-10-29
287,2150317807828,Aliquam accusantium,Electronica y tecnologia,Elec-2,Elec-2-2,627,169500.0,9.12,KG,False,2025-11-16
288,3578452182300,Consectetur eum,Bebes y maternidad,Bebe-2,Bebe-3-1,641,156500.0,19.91,UN,False,2025-12-05
289,7681040915702,Excepturi assumenda,Alimentos y bebidas,Alim-2,Alim-2-1,293,183700.0,17.27,UN,True,2026-01-31
290,1840943533444,Vitae tempore,Ropa y calzado basico,Ropa-1,Ropa-1-1,696,72500.0,10.54,LT,True,2025-11-13
291,8571422410989,Dolores cumque,Cuidado personal e higiene,Cuid-3,Cuid-2-2,506,151800.0,16.18,KG,True,2025-12-29
292,8138585424934,Harum quo,Ropa y calzado basico,Ropa-1,Ropa-2-2,601,200600.0,3.33,UN,True,2025-12-12
293,2149587020709,Repudiandae ad,Bebes y maternidad,Bebe-2,Bebe-2-2,598,24400.0,2.07,UN,True,2025-09-14
294,1601662997951,Facere accusamus,Hogar y limpieza,Hoga-1,Hoga-3-2,626,239800.0,12.63,UN,True,2026-01-20
295,4538179217173,Beatae consectetur,Alimentos y bebidas,Alim-3,Alim-3-1,766,223200.0,14.55,UN,False,2025-12-19
296,4773329456259,Expedita temporibus,Hogar y limpieza,Hoga-3,Hoga-3-2,686,240800.0,1.11,KG,True,2025-10-18
297,5770171577247,Rem dolorem,Hogar y limpieza,Hoga-2,Hoga-2-1,338,202500.0,4.06,KG,True,2026-01-30
298,5992816158141,Corrupti libero,Bebes y maternidad,Bebe-2,Bebe-2-2,450,75000.0,10.77,LT,True,2025-09-23
299,8769639382766,Ut tempora,Bebes y maternidad,Bebe-3,Bebe-2-1,519,146200.0,1.3,UN,True,2025-10-26
300,1539669583214,Quos autem,Electronica y tecnologia,Elec-3,Elec-1-2,686,31800.0,8.51,LT,True,2025-10-21
301,9719975817247,Repellendus distinctio,Bebes y maternidad,Bebe-3,Bebe-3-1,315,189000.0,9.67,LT,False,2026-01-12
302,6191965701324,Omnis porro,Hogar y limpieza,Hoga-1,Hoga-3-2,251,40100.0,18.44,UN,True,2026-03-20
303,9022784699738,Dignissimos fugiat,Hogar y limpieza,Hoga-2,Hoga-1-1,591,217000.0,6.35,KG,True,2026-02-19
304,3549465190989,Illo expedita,Bebes y maternidad,Bebe-3,Bebe-3-2,764,61700.0,3.41,UN,True,2025-10-01
305,6240580085149,Tenetur occaecati,Ropa y calzado basico,Ropa-1,Ropa-3-2,730,41800.0,,UN,True,2025-09-17
306,0369656666832,Voluptatum nihil,Electronica y tecnologia,Elec-3,Elec-2-1,119,19600.0,2.48,UN,False,2026-02-08
307,2723865624225,Illo iste,Hogar y limpieza,Hoga-1,Hoga-3-2,736,178400.0,15.03,UN,False,2025-12-28
308,0102762126797,Minus autem,Ropa y calzado basico,Ropa-3,Ropa-1-2,632,48200.0,8.93,UN,True,2025-11-14
309,6927868765329,Quas ipsa,Ropa y calzado basico,Ropa-2,Ropa-1-1,126,51000.0,4.01,UN,True,2026-02-28
310,6909738468950,Nobis ratione,Hogar y limpieza,Hoga-3,Hoga-2-1,6,44100.0,,UN,True,2025-10-09
311,0097519712845,Rem consequuntur,Alimentos y bebidas,Alim-3,Alim-2-2,164,77800.0,15.76,UN,True,2025-09-29
312,7818913718942,Minima voluptas,Alimentos y bebidas,Alim-1,Alim-2-2,744,235400.0,2.33,UN,True,2025-12-12
313,9058077879563,Tempora quisquam,Alimentos y bebidas,Alim-2,Alim-3-2,604,122700.0,5.42,UN,False,2025-10-27
314,5442094940797,Eius enim,Hogar y limpieza,Hoga-3,Hoga-1-2,461,66700.0,17.0,LT,True,2025-10-20
315,2904904712817,Nam iure,Electronica y tecnologia,Elec-1,Elec-1-1,505,44300.0,13.86,UN,True,2026-01-07
316,4429444019298,Sit numquam,Ropa y calzado basico,Ropa-3,Ropa-2-1,331,6700.0,18.91,KG,True,2025-11-03
317,2752437280514,Ipsa placeat,Cuidado personal e higiene,Cuid-1,Cuid-1-2,725,92500.0,1.57,LT,True,2025-12-30
318,2927663723955,Aperiam suscipit,Ropa y calzado basico,Ropa-2,Ropa-3-1,125,29300.0,15.52,KG,True,2025-12-26
319,0410276747835,Rerum corporis,Electronica y tecnologia,Elec-2,Elec-2-1,252,8700.0,1.57,KG,True,2026-02-09
320,6674286047659,Illum quam,Alimentos y bebidas,Alim-3,Alim-3-2,161,27500.0,6.77,UN,True,2026-03-18
321,8018569454419,Officiis voluptas,Hogar y limpieza,Hoga-3,Hoga-3-1,679,81000.0,15.03,LT,True,2026-01-07
322,4967393852585,Cumque sed,Cuidado personal e higiene,Cuid-2,Cuid-1-1,433,188200.0,14.23,UN,True,2025-10-31
323,0010618175342,Ea voluptatem,Bebes y maternidad,Bebe-1,Bebe-1-2,548,18600.0,0.09,KG,True,2025-12-28
324,4300910939114,Veniam sequi,Bebes y maternidad,Bebe-2,Bebe-1-2,736,170300.0,4.08,UN,True,2025-12-09
325,1926921244714,Accusantium quaerat,Ropa y calzado basico,Ropa-2,Ropa-3-1,157,155900.0,15.58,UN,True,2025-12-03
326,7465421406658,Et et,Electronica y tecnologia,Elec-3,Elec-3-2,772,220700.0,2.57,KG,True,2025-11-11
327,0442717396272,Quasi delectus,Hogar y limpieza,Hoga-3,Hoga-2-1,102,47600.0,6.56,KG,True,2025-09-19
328,1286391741015,Minus laborum,Cuidado personal e higiene,Cuid-2,Cuid-1-1,604,199000.0,3.72,KG,True,2025-10-23
329,1947072006426,Nisi cupiditate,Ropa y calzado basico,Ropa-3,Ropa-3-2,563,216500.0,2.27,LT,True,2025-12-31
330,5690877661838,Reiciendis optio,Alimentos y bebidas,Alim-1,Alim-1-2,661,244200.0,16.74,KG,True,2025-09-18
331,0671985546014,Quibusdam tempora,Cuidado personal e higiene,Cuid-1,Cuid-3-1,127,202500.0,1.27,UN,True,2025-10-05
332,5851743280632,Repellendus minus,Alimentos y bebidas,Alim-1,Alim-3-1,768,32700.0,10.74,LT,True,2025-12-27
333,4615717320301,Quisquam aut,Hogar y limpieza,Hoga-3,Hoga-1-1,636,236900.0,13.87,UN,True,2026-03-22
334,9376184787008,Deleniti minus,Cuidado personal e higiene,Cuid-1,Cuid-2-2,89,204100.0,1.2,UN,True,2025-10-07
335,5050613878294,Necessitatibus neque,Cuidado personal e higiene,Cuid-2,Cuid-1-1,446,54700.0,12.69,UN,True,2025-09-19
336,3102707903206,Vero sint,Hogar y limpieza,Hoga-3,Hoga-2-2,654,43000.0,6.71,UN,True,2025-11-12
337,2041792911172,Repellendus cumque,Bebes y maternidad,Bebe-3,Bebe-3-1,382,234200.0,16.68,UN,True,2025-09-19
338,9931365651983,Molestiae rem,Electronica y tecnologia,Elec-3,Elec-3-2,305,40600.0,15.96,KG,True,2026-03-02
339,2530925114264,Reiciendis dolore,Ropa y calzado basico,Ropa-1,Ropa-3-2,221,194700.0,15.89,UN,True,2026-02-08
340,2582739021962,Officia odio,Bebes y maternidad,Bebe-2,Bebe-2-2,413,102500.0,8.0,KG,True,2025-09-27
341,2071002194675,Veniam alias,Bebes y maternidad,Bebe-2,Bebe-1-1,788,181500.0,16.46,UN,True,2025-09-24
342,2324876329095,Veniam provident,Hogar y limpieza,Hoga-3,Hoga-3-1,487,24800.0,12.62,LT,True,2025-12-21
343,2791456083317,Tempora nisi,Bebes y maternidad,Bebe-2,Bebe-2-2,578,181800.0,7.6,UN,True,2025-11-24
344,8195883734035,Voluptatem minus,Bebes y maternidad,Bebe-2,Bebe-1-2,624,129000.0,1.66,UN,True,2026-01-20
345,1277220054369,Libero odit,Bebes y maternidad,Bebe-1,Bebe-2-2,623,225300.0,1.38,KG,False,2026-03-08
346,4597010822075,Impedit quidem,Hogar y limpieza,Hoga-1,Hoga-2-1,321,48700.0,5.07,UN,True,2025-11-09
347,8113799563532,Nisi minima,Cuidado personal e higiene,Cuid-2,Cuid-3-1,615,29100.0,,UN,True,2026-02-08
348,1531363631796,Saepe odio,Electronica y tecnologia,Elec-1,Elec-1-2,263,50700.0,18.55,UN,True,2025-11-09
349,7062397265274,Numquam ut,Bebes y maternidad,Bebe-2,Bebe-3-1,468,21500.0,20.0,UN,True,2025-10-20
350,3543520904214,Ipsum sapiente,Bebes y maternidad,Bebe-3,Bebe-2-1,242,245100.0,2.92,UN,True,2026-03-17
351,7762534929297,Officiis porro,Electronica y tecnologia,Elec-2,Elec-1-2,752,32500.0,18.86,UN,False,2025-10-24
352,8316873977403,Nostrum perspiciatis,Alimentos y bebidas,Alim-2,Alim-1-2,585,51800.0,14.15,UN,True,2025-10-02
353,6335693929067,Error voluptate,Hogar y limpieza,Hoga-1,Hoga-3-2,468,202800.0,10.0,KG,True,2025-12-31
354,0078068671777,Vel sunt,Ropa y calzado basico,Ropa-2,Ropa-2-2,362,63200.0,19.1,UN,True,2026-01-01
355,3180632543100,Quae ad,Electronica y tecnologia,Elec-2,Elec-2-1,417,57100.0,14.29,UN,True,2025-12-10
356,7427990772626,Animi officiis,Hogar y limpieza,Hoga-1,Hoga-1-2,624,168700.0,11.89,KG,True,2025-09-21
357,5701658046499,Ipsum aliquid,Hogar y limpieza,Hoga-1,Hoga-3-2,219,100900.0,4.23,KG,True,2025-09-27
358,8931950850167,Neque qui,Alimentos y bebidas,Alim-3,Alim-3-2,663,209200.0,4.93,KG,True,2026-02-02
359,5790552818325,Deleniti earum,Cuidado personal e higiene,Cuid-3,Cuid-2-1,226,160300.0,18.23,KG,True,2025-10-05
360,5381793355481,Ullam expedita,Ropa y calzado basico,Ropa-2,Ropa-3-2,114,73500.0,4.34,LT,True,2025-10-29
361,6401557788177,Pariatur ex,Cuidado personal e higiene,Cuid-3,Cuid-1-2,590,150300.0,0.69,LT,True,2026-02-11
362,8847951371160,Et recusandae,Bebes y maternidad,Bebe-1,Bebe-1-2,567,216900.0,5.36,UN,True,2025-11-10
363,2411241272381,Excepturi hic,Alimentos y bebidas,Alim-1,Alim-2-2,268,92400.0,9.64,UN,True,2025-11-11
364,0468275670432,Omnis id,Electronica y tecnologia,Elec-3,Elec-3-2,520,184600.0,7.67,UN,True,2026-03-06
365,1038569557986,Voluptas consectetur,Hogar y limpieza,Hoga-1,Hoga-1-2,583,105100.0,18.72,UN,True,2026-02-10
366,8774924243752,Vel doloribus,Ropa y calzado basico,Ropa-2,Ropa-2-2,631,136700.0,8.4,UN,False,2026-01-23
367,4025472928429,Nostrum praesentium,Bebes y maternidad,Bebe-1,Bebe-1-1,763,184000.0,17.79,UN,True,2025-10-11
368,2223105927456,Ratione provident,Electronica y tecnologia,Elec-1,Elec-2-1,684,17000.0,11.91,UN,True,2025-10-30
369,2380552578287,Necessitatibus labore,Electronica y tecnologia,Elec-2,Elec-2-1,352,114800.0,,LT,False,2026-01-01
370,4106727520886,Occaecati asperiores,Ropa y calzado basico,Ropa-2,Ropa-3-2,185,25600.0,3.25,UN,True,2026-02-18
371,5474929751704,Occaecati exercitationem,Electronica y tecnologia,Elec-3,Elec-2-2,78,181800.0,5.46,KG,True,2025-12-14
372,2814069375157,Tenetur quisquam,Cuidado personal e higiene,Cuid-3,Cuid-2-2,460,152700.0,17.35,LT,True,2026-01-30
373,0939834301871,Maxime facilis,Hogar y limpieza,Hoga-2,Hoga-2-2,534,83100.0,15.61,UN,True,2025-11-08
374,1863759980561,Necessitatibus a,Cuidado personal e higiene,Cuid-2,Cuid-1-1,553,20900.0,8.98,UN,True,2025-11-16
375,2656504554785,Magni dolor,Hogar y limpieza,Hoga-1,Hoga-1-2,8,231600.0,18.18,KG,True,2026-01-03
376,1376742662998,Beatae officia,Electronica y tecnologia,Elec-1,Elec-3-2,562,80100.0,16.39,UN,True,2025-12-26
377,1234785196101,Eos deleniti,Cuidado personal e higiene,Cuid-1,Cuid-1-2,630,70300.0,,UN,True,2025-09-28
378,6462879232649,Atque expedita,Cuidado personal e higiene,Cuid-3,Cuid-3-1,578,27000.0,12.14,UN,True,2025-11-20
379,8704947873001,Esse a,Ropa y calzado basico,Ropa-1,Ropa-1-1,421,145200.0,15.99,UN,True,2026-02-22
380,2447146273017,Tempore iusto,Hogar y limpieza,Hoga-2,Hoga-3-2,13,67900.0,16.18,KG,True,2025-12-19
381,4719597964713,Quam nulla,Cuidado personal e higiene,Cuid-3,Cuid-1-1,392,211000.0,1.87,LT,True,2026-01-30
382,5890429025723,Vero ratione,Ropa y calzado basico,Ropa-3,Ropa-3-1,516,171300.0,4.53,UN,True,2026-02-16
383,5204565044812,Reprehenderit doloremque,Ropa y calzado basico,Ropa-2,Ropa-3-1,456,3000.0,8.29,LT,True,2025-10-31
384,8321928554454,Sunt quaerat,Ropa y calzado basico,Ropa-1,Ropa-1-1,460,142300.0,,UN,True,2025-10-20
385,1895202845769,Qui accusantium,Ropa y calzado basico,Ropa-2,Ropa-3-1,414,59500.0,2.22,KG,True,2025-12-29
386,5213283389884,Doloremque veritatis,Bebes y maternidad,Bebe-2,Bebe-2-1,442,5800.0,12.59,KG,False,2025-12-08
387,8167112075455,Dolore repudiandae,Electronica y tecnologia,Elec-1,Elec-2-1,260,155600.0,10.17,UN,True,2026-03-03
388,2798524013221,Unde laborum,Cuidado personal e higiene,Cuid-3,Cuid-1-1,484,52800.0,3.14,LT,True,2025-10-10
389,3423216110764,Iusto praesentium,Bebes y maternidad,Bebe-3,Bebe-3-1,226,225100.0,11.75,LT,True,2025-11-27
390,0310890714018,Nam sit,Cuidado personal e higiene,Cuid-1,Cuid-3-1,394,144200.0,1.29,UN,True,2025-09-13
391,4011939325016,Esse aspernatur,Cuidado personal e higiene,Cuid-1,Cuid-1-2,333,53900.0,7.69,KG,True,2025-11-15
392,2495528938917,Quam quasi,Ropa y calzado basico,Ropa-1,Ropa-3-1,572,244800.0,15.86,UN,True,2025-12-30
393,1908334280138,Quidem esse,Bebes y maternidad,Bebe-3,Bebe-1-2,716,137500.0,17.81,UN,True,2026-02-10
394,8759271256631,Praesentium vitae,Hogar y limpieza,Hoga-1,Hoga-1-1,507,43000.0,4.94,UN,True,2026-02-19
395,8361517182750,Aliquid nulla,Ropa y calzado basico,Ropa-3,Ropa-2-2,109,130300.0,17.2,UN,True,2025-09-04
396,4801571647948,Sapiente reprehenderit,Bebes y maternidad,Bebe-3,Bebe-1-1,535,239900.0,,UN,True,2026-02-25
397,7386463175206,Atque voluptate,Ropa y calzado basico,Ropa-2,Ropa-1-1,260,107200.0,12.16,UN,True,2026-01-19
398,7167811266919,Veniam sapiente,Alimentos y bebidas,Alim-2,Alim-2-2,40,107500.0,19.64,LT,False,2025-10-14
399,2153539613673,Accusamus nesciunt,Electronica y tecnologia,Elec-3,Elec-1-1,154,116400.0,4.96,UN,True,2025-10-17
400,4994657967846,Debitis eaque,Cuidado personal e higiene,Cuid-3,Cuid-1-1,800,71500.0,1.43,KG,True,2026-02-06
401,2711477320109,Vitae ut,Bebes y maternidad,Bebe-1,Bebe-3-1,342,42100.0,16.88,UN,True,2026-01-20
402,1702695249915,Totam blanditiis,Alimentos y bebidas,Alim-1,Alim-2-2,162,145600.0,9.84,UN,True,2025-10-15
403,1877347784851,Laborum id,Bebes y maternidad,Bebe-2,Bebe-3-1,107,223800.0,,KG,True,2025-11-30
404,8800616756771,Et inventore,Cuidado personal e higiene,Cuid-1,Cuid-2-2,521,184500.0,1.15,UN,True,2026-02-22
405,0028427624678,Impedit soluta,Hogar y limpieza,Hoga-1,Hoga-2-1,609,25900.0,1.34,UN,True,2025-09-08
406,1978897782806,Beatae recusandae,Cuidado personal e higiene,Cuid-3,Cuid-1-2,283,101400.0,1.86,LT,True,2025-12-15
407,6479695450096,Porro ipsa,Ropa y calzado basico,Ropa-2,Ropa-3-1,83,3300.0,3.71,UN,True,2026-02-25
408,0255905616553,Odit a,Hogar y limpieza,Hoga-2,Hoga-1-1,284,78400.0,19.41,UN,True,2025-09-04
409,6503334911416,Tempore quisquam,Ropa y calzado basico,Ropa-1,Ropa-1-2,533,168000.0,5.66,UN,True,2025-12-22
410,5208507698644,Illo quis,Alimentos y bebidas,Alim-1,Alim-3-1,92,74000.0,16.35,UN,True,2025-12-24
411,0790569659176,Nam placeat,Hogar y limpieza,Hoga-1,Hoga-3-2,215,210500.0,0.44,KG,True,2025-11-05
412,1357852945638,Cupiditate culpa,Bebes y maternidad,Bebe-2,Bebe-2-2,2,120400.0,6.47,UN,True,2025-12-20
413,7183440496398,Voluptatibus nulla,Bebes y maternidad,Bebe-1,Bebe-1-2,378,168000.0,18.13,UN,True,2026-01-22
414,1919541987635,Dolore impedit,Cuidado personal e higiene,Cuid-2,Cuid-1-2,137,221200.0,3.74,UN,True,2025-10-30
415,5148468536640,Similique quia,Hogar y limpieza,Hoga-1,Hoga-2-1,160,171300.0,5.72,UN,True,2025-12-12
416,9878208297376,Suscipit ipsam,Hogar y limpieza,Hoga-2,Hoga-3-2,91,224500.0,16.54,UN,True,2025-12-20
417,4896908357232,Reprehenderit minus,Electronica y tecnologia,Elec-2,Elec-2-1,585,202400.0,2.47,LT,True,2025-09-10
418,2466513644243,Excepturi facere,Electronica y tecnologia,Elec-1,Elec-1-2,392,142600.0,1.11,KG,True,2025-10-16
419,9363123034774,Eligendi nisi,Alimentos y bebidas,Alim-2,Alim-1-2,759,75700.0,19.32,UN,True,2026-01-12
420,8660324204489,Minima architecto,Ropa y calzado basico,Ropa-1,Ropa-2-2,317,75900.0,8.13,LT,True,2025-12-10
421,2070015941658,Sint explicabo,Cuidado personal e higiene,Cuid-1,Cuid-3-2,178,219100.0,13.17,KG,True,2026-03-16
422,1623198189846,Corporis nesciunt,Cuidado personal e higiene,Cuid-3,Cuid-1-2,164,15400.0,2.59,UN,True,2026-02-21
423,7139155963632,Dicta suscipit,Bebes y maternidad,Bebe-3,Bebe-1-2,763,235500.0,4.44,UN,True,2025-10-18
424,2123476490781,Voluptatem voluptate,Ropa y calzado basico,Ropa-2,Ropa-1-2,472,83100.0,9.23,UN,True,2026-03-22
425,5158673425752,Mollitia odit,Hogar y limpieza,Hoga-3,Hoga-1-1,261,185200.0,13.52,UN,True,2026-02-23
426,4090034864514,Dolorum fugiat,Bebes y maternidad,Bebe-2,Bebe-2-2,524,83800.0,5.9,UN,True,2025-11-27
427,8376064413431,Accusamus quae,Hogar y limpieza,Hoga-1,Hoga-1-1,447,238400.0,17.7,UN,True,2026-01-06
428,2756041776562,Sequi modi,Electronica y tecnologia,Elec-3,Elec-2-1,92,11000.0,15.63,LT,True,2025-10-29
429,1248156985706,Dolorem ratione,Cuidado personal e higiene,Cuid-2,Cuid-3-1,562,89600.0,11.05,UN,True,2025-09-19
430,0272063459112,Vel possimus,Cuidado personal e higiene,Cuid-2,Cuid-3-2,96,217100.0,9.21,UN,True,2025-10-21
431,2382965772429,Aspernatur blanditiis,Hogar y limpieza,Hoga-2,Hoga-3-1,160,70000.0,12.41,LT,True,2026-01-27
432,9543165266931,Expedita dicta,Electronica y tecnologia,Elec-1,Elec-1-1,571,70400.0,14.65,UN,True,2025-12-27
433,0089317342065,Consequuntur minima,Ropa y calzado basico,Ropa-3,Ropa-1-1,356,224900.0,2.74,UN,True,2025-12-01
434,9694215291080,Nam nisi,Hogar y limpieza,Hoga-2,Hoga-1-2,178,208000.0,17.06,UN,True,2025-12-09
435,6771333447629,Occaecati assumenda,Bebes y maternidad,Bebe-2,Bebe-3-1,55,28200.0,9.81,UN,False,2026-02-09
436,6393436262048,At veritatis,Electronica y tecnologia,Elec-1,Elec-1-2,475,145900.0,18.71,UN,False,2026-01-21
437,4397359710725,Sit autem,Alimentos y bebidas,Alim-3,Alim-2-2,558,57400.0,,UN,False,2026-01-09
438,5636694118001,Quaerat omnis,Ropa y calzado basico,Ropa-1,Ropa-1-1,163,55400.0,0.66,KG,True,2025-12-13
439,5375990048963,Cumque officiis,Electronica y tecnologia,Elec-1,Elec-1-1,334,154600.0,7.72,UN,True,2025-09-04
440,4652809242875,Culpa ab,Hogar y limpieza,Hoga-3,Hoga-3-1,276,32700.0,10.55,KG,True,2025-11-09
441,5721586241506,Fugiat iusto,Hogar y limpieza,Hoga-1,Hoga-2-1,714,118500.0,10.81,KG,True,2025-09-29
442,2745644948568,Similique rem,Cuidado personal e higiene,Cuid-2,Cuid-2-1,633,65400.0,16.46,UN,True,2026-02-05
443,2572870320321,Sapiente dolore,Electronica y tecnologia,Elec-3,Elec-3-1,220,213800.0,2.87,UN,True,2025-11-13
444,0742761707582,Aperiam pariatur,Electronica y tecnologia,Elec-3,Elec-1-2,411,139500.0,12.47,UN,False,2025-10-22
445,7771215134226,Beatae quas,Hogar y limpieza,Hoga-2,Hoga-1-2,739,55300.0,18.85,UN,True,2025-12-09
446,8499390892616,Sequi quo,Cuidado personal e higiene,Cuid-3,Cuid-2-2,277,231800.0,19.93,UN,True,2025-12-08
447,3715041659151,Velit adipisci,Hogar y limpieza,Hoga-3,Hoga-2-1,113,206100.0,,UN,True,2026-03-09
448,2017774905095,Distinctio doloribus,Hogar y limpieza,Hoga-3,Hoga-2-1,239,67800.0,19.45,UN,True,2025-10-09
449,7592304501893,Beatae exercitationem,Hogar y limpieza,Hoga-1,Hoga-1-2,486,240300.0,2.49,UN,True,2026-02-15
450,6164236103264,Corporis quos,Cuidado personal e higiene,Cuid-3,Cuid-3-2,794,68400.0,10.76,UN,True,2025-10-17
451,6421476492511,Reprehenderit tenetur,Electronica y tecnologia,Elec-1,Elec-1-1,247,74600.0,4.97,UN,True,2026-02-11
452,5837767499618,Nam aliquid,Cuidado personal e higiene,Cuid-3,Cuid-2-2,47,97700.0,12.15,LT,True,2025-12-20
453,6592661085730,Ipsam aliquid,Electronica y tecnologia,Elec-1,Elec-2-2,146,42900.0,0.79,UN,True,2025-12-20
454,2788147617425,Eaque ipsa,Alimentos y bebidas,Alim-1,Alim-3-1,331,172400.0,4.8,KG,True,2026-01-22
455,2438649081087,Molestiae corrupti,Hogar y limpieza,Hoga-1,Hoga-2-2,76,140200.0,6.05,UN,True,2025-09-22
456,1866179454919,Tempora consectetur,Ropa y calzado basico,Ropa-2,Ropa-3-1,28,223800.0,18.32,UN,True,2026-02-10
457,8017226016458,Pariatur ex,Ropa y calzado basico,Ropa-1,Ropa-1-1,525,61700.0,11.69,KG,True,2026-01-31
458,9779452321940,Impedit consectetur,Ropa y calzado basico,Ropa-1,Ropa-2-2,660,44200.0,14.18,LT,True,2025-10-13
459,1680061027766,Perspiciatis voluptatibus,Ropa y calzado basico,Ropa-2,Ropa-3-1,187,90900.0,13.54,KG,True,2025-09-21
460,9749956412208,Facere commodi,Alimentos y bebidas,Alim-3,Alim-2-1,419,38200.0,,LT,True,2026-01-26
461,3103037236835,Hic nemo,Hogar y limpieza,Hoga-2,Hoga-2-2,459,236600.0,,UN,True,2025-09-22
462,1472760122770,Laborum maiores,Electronica y tecnologia,Elec-2,Elec-3-1,535,179900.0,2.19,LT,True,2025-12-28
463,7079334960505,In itaque,Ropa y calzado basico,Ropa-2,Ropa-1-2,784,199500.0,9.2,KG,True,2025-10-25
464,1667998407670,Blanditiis ducimus,Electronica y tecnologia,Elec-2,Elec-2-1,709,187500.0,18.83,KG,True,2026-01-25
465,8997308069582,Expedita enim,Bebes y maternidad,Bebe-2,Bebe-3-2,253,62200.0,,KG,True,2026-03-07
466,1467179576023,Laboriosam maiores,Cuidado personal e higiene,Cuid-2,Cuid-3-2,781,36900.0,,KG,True,2026-02-19
467,4375738395978,Repudiandae autem,Alimentos y bebidas,Alim-1,Alim-3-2,28,108500.0,16.54,UN,True,2026-01-31
468,2466572934170,Nesciunt incidunt,Alimentos y bebidas,Alim-1,Alim-3-2,770,207600.0,18.14,UN,True,2026-01-10
469,2232971674333,Sit commodi,Electronica y tecnologia,Elec-3,Elec-1-2,115,84000.0,5.91,UN,True,2025-09-19
470,8005452280156,Laudantium ullam,Electronica y tecnologia,Elec-2,Elec-3-1,92,4400.0,18.63,UN,True,2026-03-12
471,6193183745500,Neque necessitatibus,Cuidado personal e higiene,Cuid-1,Cuid-2-2,96,165700.0,12.18,UN,True,2026-03-06
472,8428910771193,Earum alias,Ropa y calzado basico,Ropa-1,Ropa-2-2,98,51600.0,10.19,KG,True,2025-09-16
473,9180812135242,Voluptas eius,Ropa y calzado basico,Ropa-3,Ropa-2-2,371,136600.0,15.58,UN,True,2026-02-07
474,7871255213766,Modi eligendi,Hogar y limpieza,Hoga-1,Hoga-3-2,513,5700.0,4.81,UN,True,2025-09-25
475,0375482145656,Eveniet quam,Cuidado personal e higiene,Cuid-1,Cuid-2-1,596,128200.0,16.26,UN,True,2026-01-02
476,3286326667852,Neque inventore,Ropa y calzado basico,Ropa-3,Ropa-3-1,13,99600.0,13.02,UN,True,2025-10-23
477,0720811556267,Quaerat natus,Ropa y calzado basico,Ropa-2,Ropa-1-1,238,220300.0,16.0,UN,True,2025-09-29
478,0602908466843,Iusto ad,Cuidado personal e higiene,Cuid-2,Cuid-1-2,106,181000.0,17.12,UN,True,2025-10-20
479,5504892673892,Asperiores occaecati,Cuidado personal e higiene,Cuid-3,Cuid-2-1,117,10900.0,12.37,UN,True,2025-11-07
480,9756341085626,Impedit fuga,Hogar y limpieza,Hoga-1,Hoga-1-1,598,197800.0,0.78,UN,True,2025-11-12
481,8843188485205,Eos itaque,Electronica y tecnologia,Elec-2,Elec-3-2,513,198200.0,5.99,UN,True,2025-11-03
482,0894346810542,Dolorum ipsum,Alimentos y bebidas,Alim-3,Alim-1-1,168,166500.0,17.57,UN,True,2025-12-05
483,8510174907538,Totam a,Bebes y maternidad,Bebe-2,Bebe-2-2,241,232500.0,12.56,UN,True,2026-01-10
484,9989354492680,At reiciendis,Hogar y limpieza,Hoga-1,Hoga-1-2,740,201200.0,17.81,KG,True,2025-12-05
485,3158935712660,Commodi neque,Hogar y limpieza,Hoga-3,Hoga-1-1,461,56300.0,7.72,KG,True,2025-12-30
486,1106273715869,Maiores eveniet,Alimentos y bebidas,Alim-3,Alim-2-1,192,96600.0,10.12,LT,True,2025-11-19
487,9886497677625,Nam facilis,Bebes y maternidad,Bebe-1,Bebe-1-1,748,88800.0,17.26,UN,False,2025-10-29
488,2827728813778,Officiis adipisci,Cuidado personal e higiene,Cuid-1,Cuid-1-2,159,127200.0,15.25,UN,True,2025-10-03
489,0285196115947,Mollitia totam,Bebes y maternidad,Bebe-3,Bebe-1-1,234,238500.0,7.58,UN,True,2025-11-05
490,0821545447026,Nostrum sint,Hogar y limpieza,Hoga-1,Hoga-1-1,555,154700.0,0.5,UN,False,2025-10-12
491,2960443270188,Nobis sunt,Bebes y maternidad,Bebe-3,Bebe-2-2,410,79600.0,17.61,UN,True,2025-12-16
492,5106794975670,Veritatis perferendis,Cuidado personal e higiene,Cuid-1,Cuid-1-2,56,235500.0,15.74,UN,True,2026-01-12
493,9228777251994,Placeat quae,Alimentos y bebidas,Alim-3,Alim-2-1,646,175700.0,9.01,UN,True,2026-02-20
494,6636580741206,Sunt consequuntur,Ropa y calzado basico,Ropa-3,Ropa-3-1,183,68000.0,10.95,UN,True,2025-11-01
495,9481813989095,Eos fuga,Ropa y calzado basico,Ropa-2,Ropa-2-2,554,226800.0,4.13,UN,True,2025-09-29
496,8378018204331,At ipsa,Electronica y tecnologia,Elec-1,Elec-2-1,268,87400.0,8.27,UN,False,2026-02-14
497,9718956907052,Laboriosam distinctio,Alimentos y bebidas,Alim-2,Alim-1-2,602,130000.0,3.31,KG,True,2026-01-27
498,6260856411182,Harum harum,Bebes y maternidad,Bebe-3,Bebe-3-1,719,120800.0,4.25,UN,False,2025-11-06
499,2422412462098,Quo non,Hogar y limpieza,Hoga-3,Hoga-2-2,619,231100.0,16.94,UN,True,2026-03-22
500,5200461526544,Harum reprehenderit,Bebes y maternidad,Bebe-1,Bebe-1-1,737,67900.0,7.28,UN,True,2026-01-10
501,6103399378867,At vitae,Bebes y maternidad,Bebe-2,Bebe-3-2,432,84700.0,16.3,UN,True,2026-01-31
502,1405786170630,Ipsam esse,Bebes y maternidad,Bebe-3,Bebe-2-2,53,165700.0,9.5,UN,True,2025-11-13
503,0489138249671,Laborum alias,Ropa y calzado basico,Ropa-1,Ropa-2-1,429,221900.0,1.46,UN,True,2025-12-01
504,1832582386871,Rem ad,Ropa y calzado basico,Ropa-3,Ropa-3-1,369,30500.0,7.26,UN,True,2025-11-12
505,0079420074946,Velit fuga,Electronica y tecnologia,Elec-1,Elec-1-2,576,54100.0,3.21,UN,False,2026-01-28
506,6539840289145,Eius laudantium,Alimentos y bebidas,Alim-3,Alim-3-2,199,237100.0,13.89,UN,True,2026-02-13
507,1612846398556,Autem quasi,Hogar y limpieza,Hoga-1,Hoga-3-1,559,194800.0,18.23,KG,True,2026-02-23
508,4743553795028,Harum animi,Ropa y calzado basico,Ropa-1,Ropa-2-1,354,87800.0,15.27,UN,True,2025-11-09
509,0970026876814,Minus eos,Ropa y calzado basico,Ropa-2,Ropa-1-1,537,90700.0,15.58,UN,True,2026-02-04
510,1807156956200,Sapiente dolor,Electronica y tecnologia,Elec-2,Elec-1-1,336,118400.0,17.24,LT,True,2026-01-18
511,1753703045319,Sapiente facere,Ropa y calzado basico,Ropa-1,Ropa-3-2,306,169100.0,15.54,UN,True,2025-09-06
512,9433750479306,Tempore necessitatibus,Alimentos y bebidas,Alim-2,Alim-1-1,172,141100.0,11.39,KG,True,2026-02-10
513,3614987283997,Maiores consequuntur,Hogar y limpieza,Hoga-1,Hoga-1-1,663,194500.0,14.3,UN,True,2025-09-30
514,9219212493840,Enim dignissimos,Electronica y tecnologia,Elec-3,Elec-3-2,55,15400.0,8.35,LT,True,2025-09-29
515,3089487060568,Odit blanditiis,Bebes y maternidad,Bebe-1,Bebe-3-1,189,205100.0,1.46,UN,True,2025-09-25
516,6418775803049,Architecto aliquid,Cuidado personal e higiene,Cuid-2,Cuid-1-1,342,16400.0,14.13,UN,True,2025-12-22
517,6875063519035,In sit,Cuidado personal e higiene,Cuid-3,Cuid-3-2,125,220500.0,14.45,LT,True,2025-09-10
518,6133254110769,Ullam reprehenderit,Hogar y limpieza,Hoga-1,Hoga-2-2,734,12700.0,4.51,UN,True,2025-12-13
519,0954317350580,Corporis doloribus,Cuidado personal e higiene,Cuid-1,Cuid-3-2,277,33700.0,19.08,UN,True,2026-01-24
520,3199717911000,Nobis hic,Electronica y tecnologia,Elec-3,Elec-1-1,194,46700.0,1.1,KG,True,2025-12-20
521,6512070496118,Ex quas,Electronica y tecnologia,Elec-1,Elec-1-1,204,57300.0,14.73,KG,True,2025-10-27
522,0804661963991,Fuga optio,Ropa y calzado basico,Ropa-3,Ropa-2-1,154,101600.0,19.37,UN,False,2025-11-09
523,0767699150781,Alias similique,Bebes y maternidad,Bebe-2,Bebe-1-1,531,164600.0,6.22,UN,True,2026-01-26
524,5931109193926,Ratione consequuntur,Alimentos y bebidas,Alim-3,Alim-2-2,386,223400.0,18.25,UN,True,2025-11-10
525,8456797232001,Repellat dolore,Cuidado personal e higiene,Cuid-1,Cuid-1-1,185,132100.0,16.54,LT,True,2026-01-15
526,2496854982278,Tenetur ad,Cuidado personal e higiene,Cuid-1,Cuid-3-2,699,134100.0,14.89,UN,True,2026-01-19
527,4954508920383,Magni architecto,Cuidado personal e higiene,Cuid-3,Cuid-3-2,526,81200.0,19.08,UN,True,2025-12-17
528,8065333153771,Sequi consequatur,Ropa y calzado basico,Ropa-3,Ropa-3-2,323,200600.0,13.1,UN,True,2025-11-17
529,9599594652173,Molestiae error,Alimentos y bebidas,Alim-3,Alim-3-1,411,29400.0,9.92,UN,True,2025-09-15
530,0730337933756,Excepturi reiciendis,Alimentos y bebidas,Alim-1,Alim-3-1,525,76700.0,13.53,UN,True,2026-01-30
531,6362050150819,Veritatis distinctio,Bebes y maternidad,Bebe-2,Bebe-2-2,122,26100.0,8.27,UN,True,2025-11-04
532,2473950033424,Unde exercitationem,Bebes y maternidad,Bebe-2,Bebe-2-1,647,55100.0,6.53,UN,True,2025-12-03
533,3425832302417,Mollitia debitis,Cuidado personal e higiene,Cuid-2,Cuid-3-1,207,147500.0,1.69,UN,True,2025-09-09
534,0261534735527,Ipsum reprehenderit,Cuidado personal e higiene,Cuid-1,Cuid-3-1,24,33200.0,,UN,True,2026-01-30
535,8961122338650,Est deleniti,Electronica y tecnologia,Elec-2,Elec-3-2,418,27000.0,16.07,UN,True,2026-03-05
536,5963099384251,Quod nobis,Electronica y tecnologia,Elec-2,Elec-3-2,702,206800.0,18.91,UN,True,2026-02-26
537,3042897317912,Magni porro,Bebes y maternidad,Bebe-1,Bebe-1-2,587,31300.0,19.5,KG,True,2025-11-04
538,2868578725583,Cumque culpa,Hogar y limpieza,Hoga-2,Hoga-3-2,247,152800.0,4.17,UN,False,2025-09-21
539,7774969033371,Voluptate sequi,Alimentos y bebidas,Alim-1,Alim-3-2,319,89300.0,,UN,True,2025-09-22
540,3634669254817,Dolores voluptatum,Hogar y limpieza,Hoga-1,Hoga-2-1,477,224300.0,11.54,UN,True,2025-11-19
541,2147853907891,Impedit rem,Electronica y tecnologia,Elec-1,Elec-3-1,187,177500.0,3.56,KG,True,2025-09-04
542,5677665754606,Corrupti deserunt,Electronica y tecnologia,Elec-2,Elec-2-2,657,16700.0,11.65,UN,True,2025-10-09
543,2734151488810,Quaerat error,Electronica y tecnologia,Elec-1,Elec-3-1,237,224100.0,7.29,LT,True,2026-01-04
544,4311150835357,A alias,Bebes y maternidad,Bebe-2,Bebe-1-1,174,104600.0,18.85,UN,False,2025-09-12
545,4443928404455,Nobis doloribus,Ropa y calzado basico,Ropa-2,Ropa-3-2,77,76000.0,5.14,UN,True,2026-01-06
546,6690782633370,Excepturi quibusdam,Cuidado personal e higiene,Cuid-3,Cuid-1-1,555,168800.0,,UN,True,2026-02-24
547,3898775153666,Culpa quam,Hogar y limpieza,Hoga-1,Hoga-2-1,21,180100.0,17.94,UN,True,2026-03-21
548,3778052924076,Error ullam,Ropa y calzado basico,Ropa-2,Ropa-1-1,645,77200.0,14.73,LT,True,2026-03-17
549,5536668459096,Soluta dolores,Hogar y limpieza,Hoga-1,Hoga-2-1,779,89200.0,4.33,UN,True,2025-10-31
550,0225999966360,Fugiat maiores,Hogar y limpieza,Hoga-2,Hoga-1-2,89,40800.0,5.24,KG,True,2026-01-11
551,1863715974122,Cum nesciunt,Cuidado personal e higiene,Cuid-2,Cuid-3-2,78,149200.0,19.42,LT,True,2025-09-13
552,1820970231643,Possimus rem,Cuidado personal e higiene,Cuid-3,Cuid-2-1,748,239300.0,1.56,KG,True,2025-10-21
553,3348170580258,Commodi possimus,Ropa y calzado basico,Ropa-2,Ropa-3-2,100,105300.0,2.39,UN,True,2026-02-06
554,6621286716320,Odio natus,Bebes y maternidad,Bebe-3,Bebe-1-1,327,249100.0,19.57,KG,True,2025-10-14
555,3467299493871,Cupiditate vero,Ropa y calzado basico,Ropa-1,Ropa-1-2,697,45800.0,15.55,UN,True,2025-11-03
556,4302716938599,Rem nostrum,Cuidado personal e higiene,Cuid-1,Cuid-3-1,112,199400.0,14.94,UN,True,2025-11-25
557,7779014754690,Accusamus porro,Alimentos y bebidas,Alim-1,Alim-3-1,531,232200.0,3.25,UN,True,2025-11-09
558,2632967629161,Sit blanditiis,Alimentos y bebidas,Alim-2,Alim-2-1,307,172600.0,9.8,LT,True,2026-01-29
559,0324841376811,Consequatur optio,Hogar y limpieza,Hoga-1,Hoga-3-1,349,29100.0,16.82,KG,True,2026-03-04
560,5118567243800,Dicta similique,Electronica y tecnologia,Elec-1,Elec-3-1,745,83000.0,6.61,UN,True,2025-12-20
561,7017656360047,Distinctio ex,Bebes y maternidad,Bebe-1,Bebe-2-1,520,23200.0,3.9,KG,True,2025-12-28
562,1257771183725,Eum voluptatibus,Bebes y maternidad,Bebe-3,Bebe-3-2,256,151200.0,0.27,UN,True,2026-01-28
563,7422091241866,Itaque recusandae,Alimentos y bebidas,Alim-3,Alim-3-1,748,249500.0,12.47,UN,True,2025-11-23
564,2104275230839,Cupiditate expedita,Ropa y calzado basico,Ropa-1,Ropa-3-1,465,94900.0,5.91,UN,True,2025-12-03
565,7081647090060,Eos magni,Cuidado personal e higiene,Cuid-3,Cuid-2-1,80,42400.0,17.28,UN,True,2026-03-13
566,3353310600536,Enim blanditiis,Cuidado personal e higiene,Cuid-1,Cuid-1-2,315,68600.0,5.71,UN,True,2025-11-20
567,1312206815586,Minima expedita,Electronica y tecnologia,Elec-2,Elec-1-2,195,143600.0,3.07,KG,True,2025-10-27
568,3938661331553,Libero non,Alimentos y bebidas,Alim-1,Alim-3-1,514,143100.0,19.21,LT,True,2025-09-08
569,2065063731498,Doloremque quisquam,Hogar y limpieza,Hoga-2,Hoga-3-1,689,59000.0,19.3,UN,True,2025-09-08
570,5013649718927,Officia deserunt,Electronica y tecnologia,Elec-3,Elec-1-2,32,188200.0,13.72,UN,True,2026-02-04
571,4195625257154,Ipsa libero,Cuidado personal e higiene,Cuid-3,Cuid-2-2,625,23800.0,18.57,UN,True,2025-10-20
572,0997683890304,Voluptatem tempora,Electronica y tecnologia,Elec-2,Elec-1-2,734,156500.0,3.28,KG,True,2026-01-30
573,9143639102576,Adipisci fugit,Hogar y limpieza,Hoga-2,Hoga-1-1,796,107600.0,9.23,UN,True,2025-09-12
574,4326303975248,Voluptate aliquam,Ropa y calzado basico,Ropa-3,Ropa-3-1,529,33500.0,4.12,UN,False,2026-02-10
575,5086403553386,Repellat explicabo,Cuidado personal e higiene,Cuid-1,Cuid-2-1,252,159300.0,9.6,UN,True,2025-11-24
576,0339685270171,Corporis fugiat,Alimentos y bebidas,Alim-2,Alim-1-2,117,168900.0,15.83,UN,True,2026-02-14
577,1302321298333,Occaecati vel,Electronica y tecnologia,Elec-1,Elec-2-2,756,111100.0,16.91,LT,True,2026-02-17
578,8167423362930,Praesentium consectetur,Cuidado personal e higiene,Cuid-3,Cuid-2-2,331,199900.0,0.13,UN,True,2025-12-27
579,4497347156624,Nobis quo,Ropa y calzado basico,Ropa-2,Ropa-3-1,275,128300.0,7.82,UN,True,2026-03-18
580,7768962706615,Doloremque quibusdam,Alimentos y bebidas,Alim-2,Alim-3-2,588,72900.0,19.88,UN,True,2026-03-12
581,4982824674741,Vel similique,Electronica y tecnologia,Elec-2,Elec-2-1,573,238500.0,11.81,UN,False,2026-01-22
582,6897152732309,Quidem doloribus,Bebes y maternidad,Bebe-1,Bebe-2-2,648,236100.0,5.96,UN,False,2025-12-11
583,0857666567497,Autem quidem,Alimentos y bebidas,Alim-1,Alim-2-1,707,25700.0,7.81,UN,False,2026-03-08
584,1601692364587,Totam debitis,Cuidado personal e higiene,Cuid-3,Cuid-2-2,702,236600.0,6.49,KG,True,2026-03-16
585,7506633705020,Illum illo,Bebes y maternidad,Bebe-1,Bebe-1-1,137,194300.0,8.98,UN,True,2025-11-24
586,4972439920111,Molestiae quo,Electronica y tecnologia,Elec-1,Elec-1-2,136,28400.0,8.92,UN,True,2025-11-07
587,6691836264489,Dolorem consequatur,Cuidado personal e higiene,Cuid-1,Cuid-3-2,165,130800.0,10.16,UN,True,2025-11-03
588,8694611952432,Natus earum,Cuidado personal e higiene,Cuid-3,Cuid-2-1,502,10700.0,9.32,UN,True,2026-03-10
589,6402701168647,Minus delectus,Ropa y calzado basico,Ropa-1,Ropa-2-2,465,148000.0,10.35,UN,True,2025-10-04
590,6225223728171,Sapiente placeat,Bebes y maternidad,Bebe-3,Bebe-1-1,686,233400.0,0.61,KG,False,2025-09-04
591,9323023467911,Ab error,Hogar y limpieza,Hoga-2,Hoga-3-2,676,93300.0,1.14,UN,True,2025-12-13
592,2141614150939,Quasi non,Hogar y limpieza,Hoga-3,Hoga-1-1,651,128100.0,7.45,KG,True,2026-03-13
593,7710040901382,Temporibus id,Ropa y calzado basico,Ropa-2,Ropa-2-2,64,58400.0,17.7,UN,True,2025-11-08
594,0698477596555,Temporibus voluptatem,Cuidado personal e higiene,Cuid-1,Cuid-3-2,557,136200.0,15.83,UN,True,2025-12-13
595,5535669055108,Unde tempore,Cuidado personal e higiene,Cuid-2,Cuid-2-1,681,201000.0,2.25,UN,True,2025-09-25
596,7620918435799,Temporibus nulla,Ropa y calzado basico,Ropa-2,Ropa-3-2,786,55400.0,9.92,UN,True,2026-02-15
597,7863050505733,Eveniet dicta,Cuidado personal e higiene,Cuid-1,Cuid-1-2,275,139300.0,12.11,UN,True,2026-03-09
598,9769156716494,Dolorem esse,Ropa y calzado basico,Ropa-2,Ropa-3-1,622,90000.0,9.65,KG,True,2026-01-08
599,3289802714873,Deserunt deserunt,Hogar y limpieza,Hoga-1,Hoga-3-1,325,187500.0,13.97,UN,True,2025-09-28
600,2717833321162,Explicabo dolore,Bebes y maternidad,Bebe-3,Bebe-2-1,129,176100.0,19.95,UN,True,2025-09-23
601,0256434712877,Non eligendi,Alimentos y bebidas,Alim-3,Alim-3-2,272,175300.0,1.97,UN,True,2026-01-29
602,1539915668634,Odio quos,Bebes y maternidad,Bebe-1,Bebe-2-1,201,95700.0,10.33,UN,True,2025-09-29
603,3414111593196,Error mollitia,Cuidado personal e higiene,Cuid-2,Cuid-3-2,730,150600.0,10.27,UN,True,2025-09-17
604,5256904098369,Quam beatae,Alimentos y bebidas,Alim-2,Alim-3-2,141,163500.0,11.27,UN,True,2026-03-01
605,6552899316082,Dolore laboriosam,Ropa y calzado basico,Ropa-1,Ropa-3-2,105,170800.0,3.38,UN,True,2025-12-18
606,7524377294204,Explicabo corporis,Electronica y tecnologia,Elec-2,Elec-3-1,464,144700.0,12.79,UN,True,2026-01-01
607,9548149737469,Impedit laboriosam,Bebes y maternidad,Bebe-1,Bebe-2-1,460,217000.0,0.93,KG,True,2026-01-16
608,0523302764208,Deleniti quasi,Alimentos y bebidas,Alim-1,Alim-2-1,449,63700.0,14.84,KG,True,2025-11-11
609,8656756618444,Placeat quis,Alimentos y bebidas,Alim-3,Alim-1-2,119,15800.0,13.28,UN,True,2025-10-20
610,3861259047294,Hic perferendis,Electronica y tecnologia,Elec-2,Elec-3-2,399,240700.0,6.64,UN,True,2025-12-16
611,2774233305918,Laborum similique,Bebes y maternidad,Bebe-3,Bebe-3-1,743,17100.0,,UN,True,2025-09-19
612,2662015720182,Ab hic,Hogar y limpieza,Hoga-2,Hoga-2-1,72,225900.0,16.58,UN,True,2025-11-02
613,5962630136748,Facilis omnis,Ropa y calzado basico,Ropa-3,Ropa-1-1,639,153800.0,10.81,UN,True,2025-12-31
614,9261764750117,Id voluptatem,Bebes y maternidad,Bebe-3,Bebe-2-2,101,229800.0,19.81,UN,True,2026-03-11
615,1178309997419,Consectetur numquam,Bebes y maternidad,Bebe-2,Bebe-3-1,188,142100.0,16.61,UN,True,2026-01-02
616,9267649215184,Nisi ipsa,Electronica y tecnologia,Elec-2,Elec-3-1,719,205600.0,2.8,UN,True,2026-02-01
617,2606888718983,Error fugit,Ropa y calzado basico,Ropa-2,Ropa-1-1,239,180900.0,11.84,UN,True,2025-11-05
618,1312920875101,Fugiat autem,Electronica y tecnologia,Elec-3,Elec-1-1,418,132200.0,11.64,UN,False,2025-09-15
619,2932184011849,A laborum,Ropa y calzado basico,Ropa-2,Ropa-2-2,306,92100.0,13.08,UN,True,2025-11-18
620,5826034084879,Officia repudiandae,Electronica y tecnologia,Elec-2,Elec-1-1,492,2700.0,18.82,UN,True,2026-01-20
621,2975859883105,In vel,Electronica y tecnologia,Elec-1,Elec-3-1,325,64200.0,9.87,KG,True,2025-09-13
622,3032432983955,Aliquid molestiae,Hogar y limpieza,Hoga-3,Hoga-2-1,356,238000.0,1.59,UN,True,2026-02-24
623,4296184462673,Voluptas iste,Electronica y tecnologia,Elec-2,Elec-2-2,654,70300.0,9.61,UN,True,2025-11-02
624,1462831435984,Ducimus laudantium,Ropa y calzado basico,Ropa-1,Ropa-1-1,444,188500.0,15.77,KG,True,2026-01-19
625,9262566093143,Esse dolorum,Bebes y maternidad,Bebe-2,Bebe-2-2,452,128100.0,7.2,UN,True,2026-02-27
626,1818615155423,Repellendus expedita,Electronica y tecnologia,Elec-2,Elec-3-1,645,78500.0,0.59,UN,True,2026-01-04
627,3401636112841,Suscipit debitis,Alimentos y bebidas,Alim-1,Alim-2-2,343,247800.0,6.1,KG,True,2025-10-08
628,9718594849103,Fugiat in,Electronica y tecnologia,Elec-3,Elec-1-2,659,13600.0,13.66,UN,True,2025-10-25
629,2562588967925,Fugiat ut,Cuidado personal e higiene,Cuid-3,Cuid-1-2,576,146400.0,1.77,LT,True,2025-12-06
630,4082226940533,Quidem eveniet,Alimentos y bebidas,Alim-3,Alim-3-2,707,116500.0,,KG,True,2026-03-18
631,9672757844681,Hic minima,Alimentos y bebidas,Alim-2,Alim-3-2,367,21000.0,2.71,UN,True,2026-01-17
632,3414651113120,Cumque repellat,Electronica y tecnologia,Elec-1,Elec-1-2,447,55100.0,9.54,UN,True,2026-01-05
633,9014870682779,Repudiandae maxime,Bebes y maternidad,Bebe-1,Bebe-2-1,103,174200.0,2.87,UN,True,2026-02-11
634,8816093068535,Ipsum ab,Electronica y tecnologia,Elec-3,Elec-1-2,90,28900.0,2.23,UN,True,2025-10-02
635,8909728321522,Quo totam,Hogar y limpieza,Hoga-1,Hoga-2-2,86,200700.0,13.97,UN,False,2025-09-20
636,8506762515384,Voluptatem sed,Alimentos y bebidas,Alim-3,Alim-1-2,507,157000.0,3.2,LT,True,2025-12-29
637,1447443096341,Odio perspiciatis,Ropa y calzado basico,Ropa-3,Ropa-3-2,261,27000.0,3.14,UN,True,2025-12-31
638,8079705097549,Ipsum fuga,Alimentos y bebidas,Alim-1,Alim-3-1,232,73100.0,11.87,KG,True,2025-10-25
639,5105265016737,Possimus deleniti,Bebes y maternidad,Bebe-3,Bebe-1-2,483,36000.0,0.92,UN,True,2026-01-07
640,1882617024377,Quisquam cumque,Ropa y calzado basico,Ropa-1,Ropa-2-1,319,199800.0,0.71,UN,True,2025-10-04
641,6545628417723,Iste velit,Bebes y maternidad,Bebe-2,Bebe-1-1,108,134200.0,8.66,KG,False,2025-10-13
642,2560531340269,Odio aliquam,Cuidado personal e higiene,Cuid-2,Cuid-2-2,446,2700.0,7.33,UN,True,2026-03-01
643,6502374167876,Nobis nisi,Alimentos y bebidas,Alim-3,Alim-1-1,441,136600.0,10.92,UN,True,2025-09-10
644,2568621102254,Dolorum laborum,Cuidado personal e higiene,Cuid-2,Cuid-1-2,112,121700.0,19.87,UN,True,2025-12-24
645,8030569067444,A corporis,Ropa y calzado basico,Ropa-3,Ropa-3-1,216,161500.0,8.72,UN,True,2026-02-19
646,7163928234148,Voluptatibus nobis,Cuidado personal e higiene,Cuid-2,Cuid-1-1,190,10600.0,11.54,UN,True,2026-01-24
647,3637189239234,Doloribus ea,Bebes y maternidad,Bebe-3,Bebe-3-1,557,10800.0,,UN,True,2025-12-01
648,1260432609311,Alias in,Alimentos y bebidas,Alim-3,Alim-1-2,200,88600.0,9.69,KG,True,2025-11-05
649,0668433567080,Earum unde,Alimentos y bebidas,Alim-3,Alim-2-1,23,172800.0,15.63,UN,True,2025-09-16
650,6041454563509,Occaecati numquam,Cuidado personal e higiene,Cuid-2,Cuid-2-1,214,167300.0,,KG,False,2025-09-28
651,2000534749169,Cupiditate facilis,Ropa y calzado basico,Ropa-2,Ropa-3-2,376,71000.0,12.76,KG,True,2025-12-28
652,2475541108252,Similique illo,Electronica y tecnologia,Elec-3,Elec-1-2,616,55600.0,18.65,UN,True,2025-12-18
653,5598953439619,Quo pariatur,Hogar y limpieza,Hoga-3,Hoga-1-1,42,171400.0,0.06,KG,True,2025-11-18
654,1291093371187,Doloremque id,Electronica y tecnologia,Elec-3,Elec-3-1,705,8700.0,18.02,KG,True,2025-11-01
655,9547382023681,Quas explicabo,Electronica y tecnologia,Elec-2,Elec-3-1,265,140100.0,9.98,UN,False,2025-09-20
656,4855716176886,Reprehenderit delectus,Electronica y tecnologia,Elec-3,Elec-3-1,275,107200.0,12.15,UN,True,2025-09-28
657,0294240903676,Nobis cum,Electronica y tecnologia,Elec-3,Elec-1-2,13,61300.0,9.03,KG,True,2025-10-31
658,8812786866945,Laudantium doloribus,Alimentos y bebidas,Alim-3,Alim-1-2,222,131000.0,5.26,LT,True,2026-03-07
659,3202939087887,Quas vitae,Cuidado personal e higiene,Cuid-1,Cuid-3-1,376,55900.0,1.37,LT,True,2025-11-08
660,4434481230834,Veritatis ex,Electronica y tecnologia,Elec-2,Elec-2-1,501,142000.0,18.91,UN,True,2025-09-27
661,4024240338101,Ab iste,Alimentos y bebidas,Alim-3,Alim-2-2,614,38900.0,12.5,KG,True,2025-12-27
662,5955184269451,Nisi quo,Hogar y limpieza,Hoga-3,Hoga-1-2,419,102600.0,17.48,UN,True,2025-09-29
663,0053424089168,Deleniti asperiores,Alimentos y bebidas,Alim-3,Alim-1-2,81,128600.0,,KG,True,2025-11-23
664,4983735439627,Ratione architecto,Ropa y calzado basico,Ropa-1,Ropa-3-1,314,9900.0,5.6,UN,True,2026-01-27
665,7365271727227,Quaerat doloribus,Alimentos y bebidas,Alim-1,Alim-3-2,589,153500.0,6.75,LT,True,2025-09-25
666,3972404226935,Adipisci pariatur,Alimentos y bebidas,Alim-3,Alim-1-2,512,188100.0,4.66,LT,True,2026-03-07
667,1216376182090,Temporibus provident,Electronica y tecnologia,Elec-3,Elec-3-1,468,239100.0,9.98,UN,False,2026-01-09
668,1660100231422,Ab saepe,Cuidado personal e higiene,Cuid-1,Cuid-2-2,407,52400.0,18.73,LT,True,2026-03-05
669,9001851327972,Provident quam,Hogar y limpieza,Hoga-2,Hoga-2-1,404,53800.0,17.53,UN,True,2026-01-27
670,2457230848106,Ducimus dolores,Cuidado personal e higiene,Cuid-3,Cuid-2-1,795,77600.0,9.93,UN,True,2026-03-16
671,0184186203032,Amet repellendus,Cuidado personal e higiene,Cuid-1,Cuid-3-1,480,222900.0,7.01,UN,True,2025-12-14
672,6625436172134,Delectus magnam,Ropa y calzado basico,Ropa-3,Ropa-2-2,478,102900.0,12.25,UN,True,2025-09-07
673,1451951510923,Dolorum sunt,Ropa y calzado basico,Ropa-1,Ropa-2-2,269,76800.0,12.26,UN,True,2025-09-16
674,2685926249450,Cum ab,Cuidado personal e higiene,Cuid-1,Cuid-3-2,393,185800.0,13.69,UN,True,2025-10-10
675,1475410225265,Tenetur voluptatibus,Ropa y calzado basico,Ropa-3,Ropa-1-2,569,11400.0,10.74,UN,True,2025-09-24
676,7711964215227,Rerum harum,Ropa y calzado basico,Ropa-2,Ropa-3-1,687,138100.0,0.58,UN,True,2026-02-12
677,6557676952361,Dicta eius,Electronica y tecnologia,Elec-2,Elec-2-1,624,113600.0,1.57,UN,True,2026-03-11
678,6878878836199,Tempora laborum,Electronica y tecnologia,Elec-3,Elec-2-2,530,157000.0,19.48,KG,True,2026-01-06
679,6893135030585,Veritatis facilis,Bebes y maternidad,Bebe-1,Bebe-3-1,623,183300.0,14.94,UN,True,2025-10-11
680,7210552472863,Porro recusandae,Hogar y limpieza,Hoga-2,Hoga-2-2,27,82600.0,18.97,UN,True,2026-03-18
681,3330212606507,Beatae error,Hogar y limpieza,Hoga-2,Hoga-2-2,216,159800.0,6.82,UN,True,2025-11-04
682,1917920252138,Architecto dolore,Electronica y tecnologia,Elec-3,Elec-2-2,195,132000.0,10.72,KG,False,2026-02-27
683,1096227284766,Porro repellendus,Bebes y maternidad,Bebe-1,Bebe-3-1,524,35200.0,6.47,UN,True,2026-01-19
684,5704120092826,Delectus repudiandae,Ropa y calzado basico,Ropa-2,Ropa-3-1,603,220700.0,18.18,KG,True,2025-11-30
685,0667849843627,Repellendus accusamus,Alimentos y bebidas,Alim-2,Alim-3-2,119,189100.0,5.79,KG,True,2026-02-09
686,4186236903622,Doloremque ipsam,Hogar y limpieza,Hoga-2,Hoga-1-1,155,230600.0,13.89,KG,True,2026-01-14
687,8917756620562,Commodi adipisci,Ropa y calzado basico,Ropa-3,Ropa-2-1,397,180700.0,3.54,UN,True,2026-03-05
688,3411159503422,Accusantium veniam,Cuidado personal e higiene,Cuid-2,Cuid-2-1,775,62700.0,2.15,UN,True,2026-01-03
689,8113904383031,Doloremque dolores,Bebes y maternidad,Bebe-3,Bebe-1-1,3,108800.0,3.15,UN,True,2025-11-22
690,4199097005145,Perferendis sapiente,Ropa y calzado basico,Ropa-3,Ropa-3-1,704,97900.0,10.61,UN,False,2025-09-22
691,0546835652156,Ratione deleniti,Bebes y maternidad,Bebe-3,Bebe-1-1,155,10900.0,16.9,UN,False,2026-03-21
692,6818209679040,Magni officiis,Alimentos y bebidas,Alim-3,Alim-1-1,215,103800.0,19.99,UN,True,2026-02-07
693,2271133228892,Rem rem,Electronica y tecnologia,Elec-2,Elec-1-1,506,87700.0,12.47,UN,False,2025-09-24
694,8572545960634,Quam qui,Electronica y tecnologia,Elec-1,Elec-1-2,584,3000.0,10.7,UN,True,2026-01-03
695,3991297102485,Expedita iusto,Electronica y tecnologia,Elec-3,Elec-2-2,700,212100.0,15.75,UN,True,2026-02-16
696,1717524214958,Similique voluptas,Bebes y maternidad,Bebe-2,Bebe-2-2,5,37700.0,1.32,UN,True,2026-01-21
697,5112747472196,Vel explicabo,Hogar y limpieza,Hoga-1,Hoga-2-2,40,126200.0,16.2,UN,False,2025-10-28
698,7054669275890,Error dolores,Electronica y tecnologia,Elec-1,Elec-1-2,383,196600.0,15.18,UN,True,2025-10-01
699,5516874090382,Non aliquid,Ropa y calzado basico,Ropa-1,Ropa-1-1,447,151900.0,10.61,UN,True,2026-03-10
700,0214629613675,Eveniet dolorum,Ropa y calzado basico,Ropa-3,Ropa-3-2,209,44000.0,0.51,UN,True,2025-11-17
701,1577871121664,Dolores in,Ropa y calzado basico,Ropa-1,Ropa-1-2,510,155300.0,4.08,KG,True,2026-02-24
702,3651559737144,Architecto quod,Hogar y limpieza,Hoga-3,Hoga-2-1,213,189900.0,7.43,KG,True,2025-12-06
703,7082723590962,Ab totam,Bebes y maternidad,Bebe-2,Bebe-2-2,746,214000.0,18.83,UN,True,2026-02-03
704,0567303064424,Omnis pariatur,Alimentos y bebidas,Alim-1,Alim-2-2,142,81000.0,12.79,UN,True,2025-10-22
705,1214614768341,Temporibus aliquid,Hogar y limpieza,Hoga-2,Hoga-3-1,525,10400.0,10.23,UN,True,2026-01-02
706,2016542356770,Accusantium eveniet,Electronica y tecnologia,Elec-3,Elec-2-1,425,152800.0,9.79,KG,True,2025-12-25
707,8265960893198,Perspiciatis quibusdam,Alimentos y bebidas,Alim-3,Alim-3-1,83,58000.0,15.61,UN,True,2025-10-16
708,9255027275165,Corporis porro,Hogar y limpieza,Hoga-2,Hoga-3-2,484,195700.0,6.51,UN,True,2026-01-18
709,4807279103366,Corrupti laborum,Electronica y tecnologia,Elec-2,Elec-1-2,118,170600.0,1.94,UN,True,2025-12-05
710,8296353390550,Architecto modi,Electronica y tecnologia,Elec-1,Elec-1-1,432,193800.0,13.56,KG,True,2026-01-12
711,0448177665583,Quis itaque,Alimentos y bebidas,Alim-1,Alim-2-2,509,241900.0,6.61,UN,True,2025-09-10
712,6851276528927,Dignissimos impedit,Cuidado personal e higiene,Cuid-2,Cuid-2-2,58,147000.0,6.55,KG,True,2025-09-28
713,8664649111101,Modi accusantium,Cuidado personal e higiene,Cuid-2,Cuid-2-1,173,226300.0,9.12,UN,False,2026-01-23
714,9617981789049,Quae quaerat,Electronica y tecnologia,Elec-1,Elec-1-1,237,161200.0,4.89,KG,True,2026-03-22
715,6337861371579,Ratione reprehenderit,Cuidado personal e higiene,Cuid-3,Cuid-1-2,743,47100.0,18.44,LT,True,2025-09-27
716,6605384444637,Maxime repellat,Electronica y tecnologia,Elec-2,Elec-2-1,177,200200.0,16.95,UN,True,2025-09-09
717,0600025895522,Dolorem veniam,Ropa y calzado basico,Ropa-1,Ropa-3-2,737,174000.0,19.82,UN,True,2025-10-25
718,9638639609625,Architecto quis,Ropa y calzado basico,Ropa-3,Ropa-3-2,428,244500.0,19.29,KG,True,2025-09-12
719,6265826312810,Itaque cum,Cuidado personal e higiene,Cuid-1,Cuid-3-2,759,62400.0,6.32,KG,True,2025-10-23
720,9648253110605,Magnam blanditiis,Bebes y maternidad,Bebe-3,Bebe-1-1,666,84600.0,7.64,UN,True,2026-01-20
721,9209819602752,Ea deserunt,Alimentos y bebidas,Alim-1,Alim-2-2,235,205700.0,13.98,UN,True,2026-02-08
722,2334383640415,Tenetur quaerat,Alimentos y bebidas,Alim-2,Alim-3-2,448,17600.0,0.37,LT,True,2026-01-08
723,2091179112449,Nesciunt molestiae,Alimentos y bebidas,Alim-2,Alim-3-1,574,159000.0,19.88,UN,True,2025-11-23
724,2117536170614,Aperiam adipisci,Cuidado personal e higiene,Cuid-3,Cuid-2-1,63,134800.0,0.27,LT,True,2025-10-04
725,7136657224025,Rem reprehenderit,Bebes y maternidad,Bebe-1,Bebe-2-1,531,43900.0,10.65,UN,True,2025-12-19
726,9901557998028,Soluta odit,Cuidado personal e higiene,Cuid-3,Cuid-1-2,368,43000.0,13.39,UN,True,2026-03-15
727,8413908088230,Voluptas illum,Ropa y calzado basico,Ropa-2,Ropa-3-2,29,202900.0,18.29,LT,True,2025-10-15
728,5130523124473,Repellat hic,Hogar y limpieza,Hoga-1,Hoga-2-1,694,5800.0,12.9,UN,False,2025-12-21
729,3158477686344,Culpa corporis,Alimentos y bebidas,Alim-2,Alim-2-2,213,187200.0,11.96,UN,True,2025-11-09
730,2346199423762,Numquam culpa,Hogar y limpieza,Hoga-3,Hoga-2-1,700,183700.0,6.04,UN,True,2025-11-14
731,7694591966390,Minima reprehenderit,Alimentos y bebidas,Alim-2,Alim-2-2,166,163100.0,11.84,UN,True,2025-12-15
732,5517208496498,Assumenda ex,Hogar y limpieza,Hoga-1,Hoga-1-2,434,103600.0,15.01,UN,True,2025-10-07
733,8560125625318,Necessitatibus impedit,Electronica y tecnologia,Elec-2,Elec-3-2,297,9000.0,,UN,False,2025-10-12
734,3552510505379,Provident porro,Electronica y tecnologia,Elec-2,Elec-2-1,715,200800.0,15.6,UN,True,2025-09-12
735,9538164938316,Expedita optio,Cuidado personal e higiene,Cuid-1,Cuid-1-2,763,33200.0,1.44,UN,True,2026-01-19
736,8491966553303,Debitis voluptatem,Ropa y calzado basico,Ropa-1,Ropa-2-1,617,71600.0,6.74,UN,True,2026-03-04
737,7704611729598,Laborum sint,Electronica y tecnologia,Elec-3,Elec-3-2,677,236800.0,19.2,LT,True,2025-12-02
738,6390409074264,Veniam ut,Cuidado personal e higiene,Cuid-1,Cuid-2-2,616,76900.0,6.5,KG,True,2026-01-06
739,0880501716446,Adipisci corrupti,Hogar y limpieza,Hoga-2,Hoga-2-1,235,65300.0,12.46,UN,True,2026-03-19
740,5561857906471,Dignissimos ipsam,Alimentos y bebidas,Alim-3,Alim-2-1,737,243400.0,10.42,LT,False,2026-02-02
741,7159103002152,Sed repellat,Bebes y maternidad,Bebe-1,Bebe-3-1,425,23300.0,18.74,UN,True,2025-10-23
742,6321358004019,Nobis quae,Ropa y calzado basico,Ropa-2,Ropa-3-2,275,41900.0,3.3,UN,True,2026-02-06
743,0414596422977,Hic quasi,Cuidado personal e higiene,Cuid-1,Cuid-3-1,154,110700.0,6.02,UN,True,2025-11-22
744,1252967188393,Voluptas enim,Ropa y calzado basico,Ropa-3,Ropa-1-2,568,197300.0,17.25,KG,True,2026-03-14
745,7745731441588,Fugiat eum,Ropa y calzado basico,Ropa-2,Ropa-3-2,222,221300.0,13.34,UN,True,2026-03-07
746,3311703037635,Voluptatem deleniti,Electronica y tecnologia,Elec-3,Elec-3-1,523,189400.0,10.88,UN,True,2025-09-12
747,7153988547289,Recusandae vitae,Alimentos y bebidas,Alim-3,Alim-2-2,53,244100.0,7.93,LT,False,2026-02-28
748,1235679836318,Voluptas numquam,Bebes y maternidad,Bebe-2,Bebe-2-2,508,6200.0,8.26,KG,True,2025-10-22
749,4624912711302,Quis ut,Bebes y maternidad,Bebe-1,Bebe-1-1,515,155600.0,18.7,KG,True,2025-12-09
750,7240787541812,Nobis sunt,Bebes y maternidad,Bebe-2,Bebe-2-2,420,30900.0,,KG,True,2026-01-31
751,5632686850744,Porro autem,Bebes y maternidad,Bebe-1,Bebe-1-1,526,227800.0,18.59,UN,True,2025-09-28
752,5106634362943,Iusto ipsa,Bebes y maternidad,Bebe-2,Bebe-1-1,796,234000.0,19.45,UN,True,2025-09-07
753,8978610313105,Unde ea,Ropa y calzado basico,Ropa-1,Ropa-3-2,671,77200.0,10.96,KG,True,2025-11-24
754,0943181439668,Reiciendis voluptas,Alimentos y bebidas,Alim-3,Alim-1-2,352,207300.0,12.22,UN,True,2025-12-29
755,6134732354941,Labore veniam,Hogar y limpieza,Hoga-2,Hoga-2-2,698,158300.0,13.14,UN,True,2025-12-30
756,0128974325124,Sit saepe,Cuidado personal e higiene,Cuid-1,Cuid-1-2,764,26900.0,16.79,LT,True,2026-03-13
757,2572076502415,Iste placeat,Cuidado personal e higiene,Cuid-3,Cuid-2-2,129,151500.0,13.2,UN,True,2025-10-24
758,2095790737104,Beatae repellendus,Ropa y calzado basico,Ropa-3,Ropa-2-2,288,244100.0,2.34,UN,True,2026-01-24
759,0943882211457,Incidunt nulla,Ropa y calzado basico,Ropa-2,Ropa-2-2,595,78400.0,18.85,UN,False,2025-10-12
760,7758474570545,Velit ullam,Electronica y tecnologia,Elec-1,Elec-2-1,412,2300.0,13.24,KG,True,2025-12-02
761,5897148026321,Praesentium asperiores,Ropa y calzado basico,Ropa-2,Ropa-3-2,108,244200.0,17.4,LT,True,2025-12-19
762,5703965313615,Aperiam omnis,Alimentos y bebidas,Alim-2,Alim-2-1,379,104700.0,8.52,UN,True,2025-11-28
763,4878245569646,Commodi sapiente,Cuidado personal e higiene,Cuid-3,Cuid-3-2,299,108900.0,9.52,UN,True,2025-10-09
764,4309859167954,Blanditiis temporibus,Bebes y maternidad,Bebe-1,Bebe-3-2,592,178700.0,13.79,KG,True,2025-10-12
765,4107272849828,Voluptatibus architecto,Hogar y limpieza,Hoga-3,Hoga-2-1,413,151900.0,15.54,UN,True,2026-02-25
766,4741407034910,Eveniet maiores,Electronica y tecnologia,Elec-1,Elec-1-1,112,76900.0,1.62,UN,True,2026-03-13
767,0740650042547,Eaque est,Hogar y limpieza,Hoga-1,Hoga-1-2,40,26800.0,8.18,UN,True,2025-09-18
768,8821423691437,Natus et,Cuidado personal e higiene,Cuid-2,Cuid-3-1,230,207200.0,15.41,UN,True,2025-10-20
769,0753666144945,Laudantium soluta,Ropa y calzado basico,Ropa-1,Ropa-2-1,126,121900.0,19.85,UN,True,2026-03-20
770,2965923426833,Distinctio cum,Ropa y calzado basico,Ropa-2,Ropa-2-2,702,168800.0,0.28,KG,True,2025-09-27
771,4414978266126,Sunt optio,Ropa y calzado basico,Ropa-2,Ropa-3-2,217,215400.0,5.33,UN,True,2025-12-20
772,8758575676671,Dolorum eligendi,Hogar y limpieza,Hoga-1,Hoga-1-2,508,6400.0,9.32,KG,True,2025-10-31
773,0806129439857,Fugiat accusamus,Electronica y tecnologia,Elec-3,Elec-3-1,103,215100.0,4.5,UN,True,2026-03-19
774,2989406260783,Labore suscipit,Bebes y maternidad,Bebe-1,Bebe-1-1,354,188400.0,0.59,UN,True,2026-01-30
775,7010415914970,Commodi minima,Electronica y tecnologia,Elec-3,Elec-3-1,748,236800.0,,KG,True,2026-02-01
776,5019803828723,Iste quibusdam,Hogar y limpieza,Hoga-3,Hoga-1-1,515,59900.0,13.01,UN,True,2025-09-17
777,3244079311026,Quisquam tenetur,Cuidado personal e higiene,Cuid-2,Cuid-1-2,231,82000.0,8.35,UN,True,2025-10-04
778,9181331708764,Nostrum nihil,Electronica y tecnologia,Elec-1,Elec-3-1,599,166000.0,7.43,UN,True,2026-02-09
779,0146723849790,Expedita culpa,Hogar y limpieza,Hoga-3,Hoga-1-1,401,231600.0,19.71,KG,True,2025-10-19
780,1620223288376,Unde totam,Electronica y tecnologia,Elec-1,Elec-3-1,189,248200.0,9.58,KG,True,2025-11-29
781,7441975466171,Fugit vel,Alimentos y bebidas,Alim-1,Alim-2-1,798,105400.0,15.97,UN,True,2025-09-25
782,6620471960944,Est quis,Cuidado personal e higiene,Cuid-3,Cuid-1-2,751,135700.0,5.78,KG,True,2025-09-08
783,0970527740256,Omnis aspernatur,Ropa y calzado basico,Ropa-2,Ropa-1-2,454,44300.0,16.61,UN,True,2026-01-27
784,8835868122593,Minus culpa,Hogar y limpieza,Hoga-3,Hoga-3-1,27,174100.0,16.48,UN,True,2025-10-09
785,5724461767924,At laboriosam,Hogar y limpieza,Hoga-1,Hoga-2-2,330,209700.0,5.39,UN,True,2025-10-07
786,9884259959965,Incidunt dignissimos,Electronica y tecnologia,Elec-2,Elec-3-1,412,200100.0,13.13,LT,True,2026-02-19
787,1002311775331,Cum culpa,Hogar y limpieza,Hoga-3,Hoga-1-2,744,87800.0,13.66,UN,True,2026-01-24
788,1266109410174,Voluptatem quasi,Ropa y calzado basico,Ropa-3,Ropa-3-1,587,240900.0,8.88,UN,True,2025-10-16
789,5902517629833,Provident sit,Cuidado personal e higiene,Cuid-2,Cuid-2-2,178,31800.0,15.49,KG,True,2026-02-22
790,3477433268319,Labore similique,Ropa y calzado basico,Ropa-3,Ropa-3-2,409,124500.0,6.17,UN,True,2026-03-17
791,9013020569816,Facere saepe,Cuidado personal e higiene,Cuid-1,Cuid-2-2,144,139500.0,9.71,UN,True,2025-11-25
792,5287339785593,Voluptatum cum,Hogar y limpieza,Hoga-2,Hoga-1-1,380,135100.0,19.8,UN,True,2025-12-03
793,8217661912845,Soluta dignissimos,Electronica y tecnologia,Elec-1,Elec-3-1,429,190000.0,3.61,UN,True,2026-01-14
794,1173098503445,Voluptatum molestiae,Bebes y maternidad,Bebe-3,Bebe-3-1,408,153200.0,3.0,UN,True,2025-10-03
795,6512418938980,Itaque velit,Cuidado personal e higiene,Cuid-3,Cuid-2-1,342,21100.0,2.89,UN,True,2026-03-02
796,4690819740059,Repellendus iusto,Electronica y tecnologia,Elec-3,Elec-3-1,350,46600.0,19.96,KG,True,2025-09-29
797,6435023850372,Cumque pariatur,Alimentos y bebidas,Alim-3,Alim-1-1,638,134000.0,3.24,KG,True,2026-02-01
798,1990516991871,Enim eveniet,Alimentos y bebidas,Alim-1,Alim-1-2,405,174200.0,,LT,True,2025-12-28
799,2401078356743,Mollitia ullam,Ropa y calzado basico,Ropa-2,Ropa-1-1,34,129500.0,13.91,UN,False,2025-09-30
800,3000389608702,Molestias nisi,Ropa y calzado basico,Ropa-3,Ropa-2-1,593,90200.0,15.2,UN,True,2025-12-01
801,6626682171957,Inventore quo,Hogar y limpieza,Hoga-1,Hoga-1-2,495,14700.0,10.56,UN,True,2025-11-01
802,5356033190368,Cumque hic,Electronica y tecnologia,Elec-2,Elec-2-1,557,196900.0,19.65,UN,True,2026-03-10
803,8900301027244,Et commodi,Hogar y limpieza,Hoga-3,Hoga-1-2,569,125300.0,0.83,UN,True,2025-12-20
804,0559342967118,Esse odio,Cuidado personal e higiene,Cuid-2,Cuid-3-2,139,135600.0,12.44,UN,True,2025-11-16
805,1483753745845,Fuga adipisci,Hogar y limpieza,Hoga-3,Hoga-3-1,778,118300.0,12.15,UN,True,2025-10-26
806,3845881056978,A voluptates,Cuidado personal e higiene,Cuid-2,Cuid-3-2,793,67800.0,6.46,KG,True,2025-10-02
807,4132834831522,Consectetur reiciendis,Ropa y calzado basico,Ropa-2,Ropa-1-2,117,70500.0,17.99,UN,True,2025-12-14
808,0377107044962,Quisquam aspernatur,Hogar y limpieza,Hoga-2,Hoga-3-2,176,17700.0,11.08,LT,True,2025-12-14
809,4104967066706,Cum corrupti,Cuidado personal e higiene,Cuid-2,Cuid-1-2,197,177500.0,4.96,UN,True,2026-03-13
810,3362680408505,Ab nemo,Electronica y tecnologia,Elec-3,Elec-3-1,774,69400.0,1.81,LT,True,2026-01-11
811,9549305966013,Expedita quos,Ropa y calzado basico,Ropa-3,Ropa-2-2,746,76000.0,,UN,True,2025-12-03
812,8648769984265,Doloremque ducimus,Cuidado personal e higiene,Cuid-1,Cuid-2-1,213,248400.0,17.95,UN,True,2025-11-17
813,7320441384594,Harum fugit,Bebes y maternidad,Bebe-3,Bebe-1-2,505,97700.0,5.04,UN,True,2025-10-26
814,6094544901491,Ex dolore,Hogar y limpieza,Hoga-2,Hoga-3-1,195,128700.0,18.14,UN,True,2026-01-11
815,5427707070573,Molestiae laborum,Electronica y tecnologia,Elec-2,Elec-3-2,31,97800.0,2.45,KG,True,2025-10-03
816,8360914985179,Fuga reiciendis,Bebes y maternidad,Bebe-1,Bebe-2-2,185,74000.0,,UN,True,2025-09-05
817,2444723229030,Ipsam beatae,Hogar y limpieza,Hoga-2,Hoga-3-2,62,3500.0,16.68,KG,True,2026-03-03
818,1028795083045,Vel quam,Cuidado personal e higiene,Cuid-2,Cuid-3-2,679,214000.0,2.37,UN,False,2025-09-10
819,4058093511879,Sequi sunt,Ropa y calzado basico,Ropa-2,Ropa-1-2,629,119300.0,,LT,True,2025-10-19
820,1813359561646,Unde provident,Alimentos y bebidas,Alim-1,Alim-3-2,148,180500.0,16.08,UN,True,2025-12-24
821,2059556574907,Cumque temporibus,Hogar y limpieza,Hoga-3,Hoga-2-2,454,239700.0,1.61,UN,True,2025-10-12
822,2504290193582,Repellendus placeat,Bebes y maternidad,Bebe-2,Bebe-2-1,165,2700.0,5.28,KG,True,2026-01-16
823,8953690261133,Provident ullam,Hogar y limpieza,Hoga-2,Hoga-1-1,453,169400.0,16.03,UN,True,2025-12-23
824,9898681809781,Ut iure,Ropa y calzado basico,Ropa-1,Ropa-3-2,717,31400.0,18.16,UN,True,2025-09-19
825,8754394353533,Itaque at,Electronica y tecnologia,Elec-1,Elec-3-2,704,115600.0,15.36,UN,True,2025-12-05
826,7513765158815,Odio sapiente,Cuidado personal e higiene,Cuid-3,Cuid-1-2,667,212000.0,17.8,UN,True,2026-02-17
827,5793763928364,Culpa laborum,Cuidado personal e higiene,Cuid-1,Cuid-2-2,193,19700.0,11.22,KG,True,2025-11-20
828,9294455116688,Id excepturi,Electronica y tecnologia,Elec-3,Elec-2-2,153,247400.0,15.6,UN,True,2026-01-17
829,2973270216489,Natus repellendus,Alimentos y bebidas,Alim-3,Alim-3-2,129,146000.0,6.92,KG,True,2025-12-28
830,7120602128865,Quos animi,Hogar y limpieza,Hoga-2,Hoga-3-2,102,100000.0,15.72,LT,True,2025-12-05
831,6526834155999,Temporibus error,Hogar y limpieza,Hoga-3,Hoga-1-2,492,6800.0,13.61,KG,True,2025-12-26
832,9101576764721,Fugit maiores,Bebes y maternidad,Bebe-2,Bebe-2-1,527,147500.0,11.52,UN,True,2025-12-10
833,2981209957655,Sed facere,Alimentos y bebidas,Alim-3,Alim-2-1,706,124700.0,19.85,UN,True,2025-09-17
834,7289413475091,Quibusdam saepe,Bebes y maternidad,Bebe-1,Bebe-2-1,73,55400.0,9.42,LT,True,2025-11-30
835,8898645652201,Enim aliquam,Hogar y limpieza,Hoga-2,Hoga-2-2,213,123600.0,12.4,KG,True,2025-11-25
836,3684995154213,Id sint,Electronica y tecnologia,Elec-2,Elec-1-2,583,5200.0,10.22,UN,False,2026-02-06
837,4477324491344,Fugit architecto,Electronica y tecnologia,Elec-3,Elec-1-1,546,249900.0,5.25,LT,True,2026-01-26
838,2138820908836,Qui aperiam,Cuidado personal e higiene,Cuid-1,Cuid-2-1,342,84400.0,6.64,UN,True,2025-12-27
839,0705349678278,Sequi atque,Bebes y maternidad,Bebe-3,Bebe-3-1,122,121100.0,19.58,KG,True,2025-11-19
840,4117674124157,Aliquid ab,Cuidado personal e higiene,Cuid-1,Cuid-2-2,388,196600.0,7.87,UN,True,2026-01-08
841,1315285478154,Nesciunt repudiandae,Alimentos y bebidas,Alim-1,Alim-1-2,138,178800.0,13.6,KG,False,2026-03-22
842,0618538003297,Itaque natus,Ropa y calzado basico,Ropa-2,Ropa-3-2,429,222400.0,11.36,KG,True,2026-02-18
843,6334727274234,Similique quis,Electronica y tecnologia,Elec-1,Elec-3-1,722,235400.0,17.8,UN,True,2025-10-21
844,1830617893202,Consectetur sed,Bebes y maternidad,Bebe-2,Bebe-2-2,157,48900.0,15.17,UN,True,2025-10-30
845,6496935782434,Quidem voluptates,Hogar y limpieza,Hoga-3,Hoga-1-1,95,98800.0,1.66,LT,True,2025-12-12
846,4776958741314,Esse eaque,Alimentos y bebidas,Alim-3,Alim-3-2,591,172300.0,7.14,KG,True,2026-01-14
847,4675361275150,Eaque blanditiis,Alimentos y bebidas,Alim-1,Alim-2-2,20,13200.0,14.25,UN,True,2026-01-16
848,6277963044837,Nam optio,Hogar y limpieza,Hoga-2,Hoga-3-1,787,179800.0,3.27,LT,False,2026-02-07
849,6085456676645,Repudiandae dolores,Cuidado personal e higiene,Cuid-2,Cuid-1-2,620,3200.0,10.09,UN,True,2025-12-22
850,0473504763922,Molestias molestiae,Bebes y maternidad,Bebe-1,Bebe-1-1,323,228700.0,6.39,UN,True,2026-02-15
851,8319952980066,Illo ad,Alimentos y bebidas,Alim-2,Alim-2-2,291,180100.0,1.34,LT,True,2025-09-11
852,1558108358329,Voluptates ex,Bebes y maternidad,Bebe-2,Bebe-3-1,310,142200.0,19.94,UN,True,2025-10-17
853,8634255638309,Voluptatum architecto,Cuidado personal e higiene,Cuid-3,Cuid-2-2,318,108400.0,18.59,KG,True,2025-12-15
854,0081867024408,Occaecati laborum,Alimentos y bebidas,Alim-1,Alim-1-2,672,247000.0,14.96,KG,True,2025-12-17
855,3304166241114,A labore,Cuidado personal e higiene,Cuid-1,Cuid-2-2,640,184700.0,4.06,UN,True,2026-03-16
856,8600892196397,Recusandae repellat,Alimentos y bebidas,Alim-3,Alim-3-2,164,202200.0,19.77,UN,True,2026-01-13
857,4568044731497,Reiciendis alias,Hogar y limpieza,Hoga-3,Hoga-1-1,144,206700.0,12.63,KG,True,2025-11-24
858,7646136847480,Ullam non,Cuidado personal e higiene,Cuid-1,Cuid-3-1,433,7400.0,19.32,UN,True,2025-12-30
859,8360765817391,Hic adipisci,Electronica y tecnologia,Elec-1,Elec-3-2,521,15600.0,0.9,UN,False,2025-09-27
860,0637579145216,Quas cum,Electronica y tecnologia,Elec-2,Elec-2-1,582,51200.0,3.51,UN,True,2025-11-21
861,1823793126974,Assumenda minus,Alimentos y bebidas,Alim-3,Alim-3-2,251,164500.0,13.56,UN,True,2025-09-08
862,8930746452059,Occaecati culpa,Alimentos y bebidas,Alim-1,Alim-3-1,386,156700.0,18.15,UN,True,2025-10-04
863,9960438787533,Aspernatur repellat,Alimentos y bebidas,Alim-1,Alim-1-1,84,82600.0,3.56,UN,True,2025-11-25
864,5778811616202,Corporis numquam,Cuidado personal e higiene,Cuid-3,Cuid-1-1,365,243300.0,6.38,KG,True,2025-09-05
865,2812371067289,Soluta minus,Alimentos y bebidas,Alim-3,Alim-1-2,550,25100.0,11.78,UN,False,2025-10-11
866,7286604164482,Maxime consequuntur,Cuidado personal e higiene,Cuid-3,Cuid-1-2,244,194600.0,19.99,UN,True,2026-03-01
867,5959224839581,Ad itaque,Electronica y tecnologia,Elec-3,Elec-2-1,255,121300.0,16.0,UN,True,2026-02-17
868,9477352287051,Sed dolorem,Cuidado personal e higiene,Cuid-3,Cuid-3-1,370,105900.0,18.48,KG,True,2025-12-26
869,6227104331876,Alias quis,Cuidado personal e higiene,Cuid-1,Cuid-3-2,694,8300.0,13.52,UN,True,2026-03-13
870,5109792158359,Modi iure,Hogar y limpieza,Hoga-1,Hoga-1-2,484,182500.0,17.55,UN,True,2025-09-10
871,0344694596488,Esse praesentium,Electronica y tecnologia,Elec-1,Elec-2-2,736,193400.0,10.17,KG,False,2026-03-11
872,8319213424919,Illum repellendus,Cuidado personal e higiene,Cuid-1,Cuid-1-1,50,81100.0,2.53,UN,False,2025-12-12
873,2896599949732,Fugit libero,Cuidado personal e higiene,Cuid-3,Cuid-2-2,680,130200.0,14.21,UN,True,2025-11-17
874,2033192227052,Voluptas magnam,Hogar y limpieza,Hoga-2,Hoga-1-2,36,152400.0,12.05,KG,True,2026-02-09
875,1028767548138,Quibusdam eius,Alimentos y bebidas,Alim-1,Alim-3-1,258,93200.0,9.73,UN,True,2025-12-03
876,8666754858193,Saepe eaque,Hogar y limpieza,Hoga-1,Hoga-3-2,342,154700.0,5.54,UN,True,2026-01-02
877,3242687741860,Blanditiis qui,Bebes y maternidad,Bebe-1,Bebe-1-2,190,109700.0,15.69,UN,True,2025-11-06
878,5205756398363,Maiores nostrum,Hogar y limpieza,Hoga-2,Hoga-3-1,792,219800.0,16.42,KG,True,2025-12-17
879,5203758309455,Molestiae iusto,Alimentos y bebidas,Alim-2,Alim-2-2,715,180200.0,7.32,LT,True,2025-09-29
880,1548094047604,Facere recusandae,Ropa y calzado basico,Ropa-1,Ropa-3-2,457,29400.0,18.56,UN,False,2025-10-16
881,4409079772782,Exercitationem facere,Alimentos y bebidas,Alim-3,Alim-2-1,363,200300.0,7.43,LT,True,2025-12-24
882,1050922216101,Officiis quaerat,Cuidado personal e higiene,Cuid-1,Cuid-1-1,610,85700.0,2.2,KG,True,2026-03-11
883,7051843905529,Corrupti dignissimos,Alimentos y bebidas,Alim-2,Alim-2-2,567,234000.0,3.37,UN,True,2025-10-11
884,9580660138240,Neque quas,Bebes y maternidad,Bebe-2,Bebe-1-2,385,151600.0,9.92,UN,True,2025-12-28
885,1270493862044,Quo quam,Bebes y maternidad,Bebe-2,Bebe-2-1,662,8800.0,1.64,UN,True,2025-09-15
886,4851579197112,Cupiditate ab,Electronica y tecnologia,Elec-3,Elec-1-1,155,184100.0,14.38,UN,True,2025-12-14
887,1212590203573,Optio sunt,Electronica y tecnologia,Elec-3,Elec-3-1,223,34400.0,15.91,UN,True,2026-02-20
888,1343240642425,Suscipit quos,Electronica y tecnologia,Elec-1,Elec-3-1,15,219600.0,11.01,UN,True,2025-11-10
889,9563343244742,Minus voluptatibus,Electronica y tecnologia,Elec-2,Elec-1-1,96,237200.0,17.87,UN,True,2026-02-10
890,1759558720968,Sunt velit,Electronica y tecnologia,Elec-1,Elec-2-1,160,174400.0,19.09,UN,False,2025-11-21
891,2893654358843,Excepturi dolorum,Bebes y maternidad,Bebe-2,Bebe-3-1,500,134200.0,,UN,True,2026-03-08
892,1834374018274,Assumenda beatae,Ropa y calzado basico,Ropa-2,Ropa-1-1,685,151300.0,1.83,KG,True,2026-01-07
893,2795596905157,Sapiente officiis,Alimentos y bebidas,Alim-2,Alim-2-1,473,108400.0,4.66,KG,True,2025-11-08
894,0267551254270,Animi sunt,Hogar y limpieza,Hoga-1,Hoga-3-2,357,22700.0,13.17,UN,True,2025-10-27
895,8207979966739,Esse adipisci,Bebes y maternidad,Bebe-1,Bebe-2-2,217,232400.0,8.15,KG,False,2026-02-25
896,4595764038162,Porro sunt,Hogar y limpieza,Hoga-1,Hoga-3-1,82,83600.0,13.72,UN,True,2025-12-09
897,6496902824983,Qui cumque,Cuidado personal e higiene,Cuid-1,Cuid-2-1,468,79600.0,13.35,UN,True,2025-11-22
898,3922501425762,Officiis nisi,Bebes y maternidad,Bebe-2,Bebe-2-2,113,49400.0,12.13,KG,True,2025-12-30
899,2702324412337,Debitis expedita,Electronica y tecnologia,Elec-3,Elec-1-1,633,248100.0,3.2,LT,True,2025-09-18
900,6132850725179,Doloribus itaque,Electronica y tecnologia,Elec-1,Elec-1-1,328,235800.0,5.75,LT,True,2025-10-10
901,8637673162524,Iusto quia,Hogar y limpieza,Hoga-1,Hoga-1-2,281,88700.0,7.59,UN,True,2025-12-04
902,6546968157904,Quisquam cum,Alimentos y bebidas,Alim-2,Alim-3-1,22,66500.0,,UN,True,2025-11-01
903,3923555809966,Blanditiis tenetur,Hogar y limpieza,Hoga-3,Hoga-3-2,194,201700.0,13.66,KG,True,2025-12-23
904,1327303461567,Soluta totam,Hogar y limpieza,Hoga-1,Hoga-3-2,11,106800.0,12.92,KG,True,2025-11-12
905,2624467046227,Cum doloremque,Bebes y maternidad,Bebe-1,Bebe-1-2,581,242000.0,13.46,UN,True,2025-11-29
906,6817151602526,Nulla officiis,Cuidado personal e higiene,Cuid-2,Cuid-2-2,392,225500.0,10.09,UN,True,2026-02-06
907,9867076604645,Nihil consequuntur,Alimentos y bebidas,Alim-2,Alim-3-1,629,190300.0,0.84,UN,True,2026-02-08
908,1978575851268,Magni consequatur,Hogar y limpieza,Hoga-3,Hoga-3-2,453,24300.0,4.06,UN,True,2025-11-01
909,8612059438974,Quisquam aliquam,Bebes y maternidad,Bebe-1,Bebe-1-1,764,176100.0,2.85,UN,True,2025-11-13
910,6074017750955,Odio provident,Hogar y limpieza,Hoga-1,Hoga-3-1,628,246800.0,1.33,UN,True,2026-01-09
911,4654084245602,Fugiat ipsa,Hogar y limpieza,Hoga-2,Hoga-1-2,119,94600.0,6.42,UN,True,2026-03-07
912,7540915086322,Debitis fuga,Ropa y calzado basico,Ropa-2,Ropa-1-2,94,220600.0,15.77,KG,True,2025-12-21
913,1812276457933,Molestias omnis,Electronica y tecnologia,Elec-3,Elec-3-1,712,103200.0,2.35,UN,True,2025-09-18
914,8970155029169,Nostrum voluptates,Cuidado personal e higiene,Cuid-2,Cuid-2-1,216,242900.0,2.27,UN,True,2026-01-01
915,8154660241616,Ad assumenda,Bebes y maternidad,Bebe-2,Bebe-2-1,613,164100.0,2.53,UN,True,2026-01-26
916,3944988305979,Facere unde,Electronica y tecnologia,Elec-1,Elec-2-2,503,25900.0,5.43,LT,True,2026-03-10
917,3642480962446,Deserunt laborum,Alimentos y bebidas,Alim-1,Alim-3-2,562,120800.0,4.08,UN,True,2026-03-08
918,0630624479519,Sequi numquam,Hogar y limpieza,Hoga-3,Hoga-1-1,214,14300.0,0.33,KG,True,2026-01-20
919,3305319497969,Neque ipsam,Bebes y maternidad,Bebe-1,Bebe-3-2,251,100000.0,5.57,UN,True,2025-12-23
920,9586780555578,Praesentium consectetur,Hogar y limpieza,Hoga-2,Hoga-2-1,444,229000.0,19.93,UN,True,2025-10-07
921,2773826460911,Ea labore,Electronica y tecnologia,Elec-3,Elec-1-1,18,59600.0,6.76,LT,True,2026-02-26
922,7851385445770,Facere in,Electronica y tecnologia,Elec-3,Elec-2-1,250,237700.0,4.26,UN,True,2025-12-08
923,0299295966041,Laudantium quisquam,Ropa y calzado basico,Ropa-1,Ropa-2-1,407,26800.0,9.94,UN,True,2026-01-20
924,8736826911634,Incidunt nulla,Bebes y maternidad,Bebe-1,Bebe-1-2,164,166900.0,4.63,LT,True,2026-01-29
925,3194226865363,Reiciendis vel,Alimentos y bebidas,Alim-3,Alim-2-1,229,241500.0,11.21,UN,True,2025-09-06
926,9455158886364,Libero commodi,Electronica y tecnologia,Elec-3,Elec-2-2,787,164200.0,8.04,UN,True,2025-11-17
927,7747226408571,Saepe mollitia,Electronica y tecnologia,Elec-1,Elec-2-1,232,225000.0,17.94,LT,True,2026-01-16
928,2169666309327,At facere,Alimentos y bebidas,Alim-2,Alim-3-1,722,247800.0,18.56,UN,True,2025-12-07
929,9981996059320,Rem sint,Ropa y calzado basico,Ropa-1,Ropa-3-1,742,161200.0,14.28,UN,True,2026-01-13
930,9715096883277,Ad atque,Alimentos y bebidas,Alim-3,Alim-2-1,540,196000.0,4.35,KG,True,2025-12-25
931,5327352410390,Unde voluptatibus,Hogar y limpieza,Hoga-3,Hoga-2-2,123,9900.0,9.5,KG,True,2025-09-04
932,7739732781958,Fuga aliquam,Cuidado personal e higiene,Cuid-1,Cuid-2-1,165,108000.0,6.14,UN,True,2025-11-04
933,2371006876165,Voluptate repudiandae,Alimentos y bebidas,Alim-2,Alim-2-1,748,73500.0,15.98,UN,True,2025-11-24
934,4819807704600,Adipisci iusto,Ropa y calzado basico,Ropa-2,Ropa-1-2,2,206400.0,0.63,KG,True,2025-11-19
935,5687611249124,Incidunt tenetur,Cuidado personal e higiene,Cuid-1,Cuid-1-2,404,170000.0,13.27,KG,True,2025-09-11
936,5652373415179,In ipsa,Cuidado personal e higiene,Cuid-1,Cuid-1-1,478,154400.0,6.5,UN,True,2025-09-07
937,7345475749492,Rem nisi,Bebes y maternidad,Bebe-3,Bebe-2-1,671,233000.0,9.65,UN,True,2025-11-01
938,0228403595446,Dolores totam,Bebes y maternidad,Bebe-2,Bebe-3-1,717,24000.0,6.49,UN,True,2026-02-21
939,2947742229468,Minima dignissimos,Alimentos y bebidas,Alim-1,Alim-2-2,227,238600.0,7.33,UN,True,2026-03-20
940,4303942904587,Culpa nihil,Cuidado personal e higiene,Cuid-1,Cuid-2-2,403,27000.0,13.5,KG,True,2026-02-18
941,8679252985858,Laudantium expedita,Ropa y calzado basico,Ropa-2,Ropa-2-1,508,88100.0,11.93,LT,True,2026-03-11
942,6728727601532,Quod sint,Ropa y calzado basico,Ropa-3,Ropa-3-1,773,158300.0,4.92,UN,True,2026-03-08
943,4332491357797,Odit esse,Bebes y maternidad,Bebe-2,Bebe-2-1,446,86700.0,0.92,LT,True,2026-01-18
944,0833506158148,Reprehenderit veniam,Electronica y tecnologia,Elec-3,Elec-2-1,98,171300.0,17.13,KG,True,2025-09-28
945,8881079833421,Architecto officia,Alimentos y bebidas,Alim-2,Alim-3-1,740,194300.0,9.87,KG,True,2025-11-16
946,3372094841317,Necessitatibus molestias,Bebes y maternidad,Bebe-3,Bebe-1-1,410,207500.0,12.39,LT,True,2026-01-29
947,2840333997718,Natus placeat,Alimentos y bebidas,Alim-3,Alim-2-2,144,46500.0,9.8,UN,True,2025-11-22
948,8051371717310,Magnam voluptates,Alimentos y bebidas,Alim-1,Alim-2-2,153,47200.0,12.4,LT,True,2025-10-27
949,8939749096178,Distinctio facere,Ropa y calzado basico,Ropa-1,Ropa-3-2,164,15000.0,12.56,UN,True,2025-09-11
950,3997046947253,Temporibus in,Electronica y tecnologia,Elec-3,Elec-3-2,578,123700.0,0.35,UN,True,2025-11-10
951,8784448354889,Ducimus accusantium,Alimentos y bebidas,Alim-3,Alim-3-1,760,36100.0,10.69,UN,True,2025-11-10
952,4712705877226,Excepturi corporis,Cuidado personal e higiene,Cuid-1,Cuid-2-2,354,81000.0,10.07,UN,True,2026-02-13
953,1641758231330,Iste perspiciatis,Electronica y tecnologia,Elec-2,Elec-1-2,79,210400.0,1.96,KG,True,2026-02-07
954,4845871493928,Repudiandae rerum,Cuidado personal e higiene,Cuid-3,Cuid-2-2,711,237300.0,14.93,UN,True,2025-09-26
955,5236229258792,Possimus accusamus,Ropa y calzado basico,Ropa-3,Ropa-3-2,508,205900.0,4.76,UN,True,2025-12-16
956,6434745245558,Necessitatibus laborum,Hogar y limpieza,Hoga-1,Hoga-3-2,457,2200.0,1.14,UN,True,2026-03-03
957,7469660606527,Quos at,Electronica y tecnologia,Elec-3,Elec-3-1,49,142900.0,16.07,UN,True,2025-12-08
958,7403344505669,Corporis delectus,Hogar y limpieza,Hoga-2,Hoga-1-1,777,43300.0,17.31,UN,True,2026-03-14
959,5883398741138,Hic maxime,Hogar y limpieza,Hoga-3,Hoga-3-2,62,95200.0,4.85,UN,True,2025-09-22
960,2579706734994,Aspernatur pariatur,Hogar y limpieza,Hoga-1,Hoga-3-2,489,108100.0,13.77,LT,True,2025-11-07
961,6010548574172,Nulla quo,Ropa y calzado basico,Ropa-2,Ropa-3-2,478,235800.0,0.15,KG,True,2026-03-06
962,2156229493814,Eveniet nostrum,Electronica y tecnologia,Elec-1,Elec-3-1,412,159200.0,14.44,UN,True,2026-01-25
963,7359848840211,Et itaque,Electronica y tecnologia,Elec-2,Elec-2-1,442,68400.0,9.32,UN,True,2025-10-30
964,5573257375535,Animi veniam,Electronica y tecnologia,Elec-1,Elec-2-2,319,161400.0,15.86,UN,True,2026-03-01
965,4490216667085,Soluta nihil,Cuidado personal e higiene,Cuid-2,Cuid-1-1,459,238100.0,7.89,UN,False,2025-11-19
966,0850960858742,Quaerat architecto,Bebes y maternidad,Bebe-3,Bebe-1-1,292,16700.0,7.05,UN,True,2026-02-09
967,9511918182814,Corporis reiciendis,Electronica y tecnologia,Elec-2,Elec-3-2,379,204400.0,16.82,UN,True,2025-11-09
968,9793164772517,Deserunt dignissimos,Ropa y calzado basico,Ropa-1,Ropa-3-2,543,55800.0,,UN,True,2025-11-10
969,2957860694093,Officia cumque,Bebes y maternidad,Bebe-2,Bebe-3-1,594,40000.0,3.78,KG,False,2025-11-08
970,6003562439589,Nihil nesciunt,Bebes y maternidad,Bebe-2,Bebe-2-1,123,224900.0,8.27,UN,False,2025-11-16
971,7395923234216,Dolores enim,Ropa y calzado basico,Ropa-3,Ropa-1-1,794,2500.0,11.95,UN,True,2026-01-01
972,0890285155331,Sequi tenetur,Ropa y calzado basico,Ropa-1,Ropa-1-1,78,185800.0,0.15,UN,True,2026-02-12
973,3426433502718,Eum magnam,Hogar y limpieza,Hoga-1,Hoga-3-2,221,23600.0,11.52,KG,False,2026-01-07
974,6073607763368,Ducimus nihil,Ropa y calzado basico,Ropa-2,Ropa-2-2,278,155300.0,7.6,LT,True,2025-09-09
975,9112898123172,A blanditiis,Cuidado personal e higiene,Cuid-3,Cuid-3-1,259,156000.0,12.62,UN,True,2026-01-01
976,9556331857482,Officiis suscipit,Ropa y calzado basico,Ropa-2,Ropa-2-1,282,216000.0,18.14,UN,True,2025-11-29
977,1700666155418,Occaecati doloribus,Alimentos y bebidas,Alim-1,Alim-2-2,259,206000.0,8.85,UN,True,2025-09-17
978,6431670450231,Nesciunt laboriosam,Bebes y maternidad,Bebe-1,Bebe-3-2,349,171900.0,11.11,UN,True,2025-11-09
979,2902822700930,Iusto quae,Cuidado personal e higiene,Cuid-3,Cuid-1-2,611,96400.0,9.28,UN,True,2026-03-16
980,4596262282255,Atque enim,Electronica y tecnologia,Elec-3,Elec-3-2,662,43300.0,2.41,UN,True,2025-11-12
981,1207346549500,Debitis nostrum,Alimentos y bebidas,Alim-1,Alim-2-1,279,159600.0,15.87,UN,True,2026-01-24
982,0507026086983,Consequuntur eaque,Alimentos y bebidas,Alim-1,Alim-1-1,207,125200.0,17.71,UN,True,2025-10-13
983,2210531611776,Iusto ullam,Bebes y maternidad,Bebe-1,Bebe-1-1,542,21300.0,16.24,UN,True,2026-02-27
984,6872904774257,Facilis deleniti,Bebes y maternidad,Bebe-2,Bebe-3-1,48,239000.0,18.95,UN,True,2026-02-13
985,8591779323824,Odio ab,Cuidado personal e higiene,Cuid-3,Cuid-2-2,357,80000.0,9.39,LT,False,2025-10-05
986,2311649133423,Blanditiis velit,Alimentos y bebidas,Alim-1,Alim-3-2,177,2500.0,13.06,UN,True,2026-01-20
987,4579889425656,Quod debitis,Ropa y calzado basico,Ropa-3,Ropa-3-1,487,225600.0,3.41,UN,True,2026-03-09
988,2906032020321,Error eligendi,Bebes y maternidad,Bebe-1,Bebe-2-1,63,145100.0,19.54,KG,True,2026-03-03
989,6509775396737,Tenetur delectus,Cuidado personal e higiene,Cuid-3,Cuid-3-1,664,183800.0,11.63,KG,True,2026-01-26
990,7948714855246,Temporibus sunt,Electronica y tecnologia,Elec-1,Elec-3-1,216,39900.0,5.27,UN,True,2026-01-27
991,5787158415607,Aspernatur asperiores,Cuidado personal e higiene,Cuid-3,Cuid-1-2,412,102300.0,16.12,UN,True,2025-12-13
992,8213711842544,Doloremque itaque,Ropa y calzado basico,Ropa-2,Ropa-3-2,458,162000.0,11.75,UN,True,2025-10-03
993,7681826832308,Vitae et,Hogar y limpieza,Hoga-1,Hoga-1-1,381,64200.0,19.0,UN,True,2025-09-08
994,3589298808583,Aperiam harum,Alimentos y bebidas,Alim-1,Alim-1-1,359,176000.0,15.41,UN,True,2025-11-01
995,3825212932898,Natus optio,Cuidado personal e higiene,Cuid-3,Cuid-2-2,214,59900.0,17.55,UN,True,2025-10-24
996,6340646867754,Ipsa ad,Electronica y tecnologia,Elec-2,Elec-3-2,619,53900.0,10.96,UN,True,2026-03-05
997,2401484399105,Odit consequatur,Ropa y calzado basico,Ropa-2,Ropa-1-1,413,4900.0,10.37,UN,True,2026-02-18
998,6227236266930,Quisquam minima,Alimentos y bebidas,Alim-3,Alim-2-2,173,71900.0,15.16,UN,True,2025-11-07
999,3513426192374,Est eveniet,Bebes y maternidad,Bebe-2,Bebe-3-1,210,63200.0,2.15,UN,True,2025-11-18
1000,2450184819734,Culpa autem,Electronica y tecnologia,Elec-2,Elec-1-1,351,191600.0,1.13,UN,True,2026-01-30
1001,7418972154066,Laboriosam necessitatibus,Bebes y maternidad,Bebe-2,Bebe-3-2,675,143300.0,19.67,UN,True,2026-01-17
1002,4176927438113,Impedit voluptatem,Bebes y maternidad,Bebe-1,Bebe-3-2,770,46100.0,18.33,KG,True,2026-02-28
1003,9953766014440,Quae est,Alimentos y bebidas,Alim-1,Alim-1-2,312,142900.0,19.12,KG,True,2026-01-28
1004,8564510173972,Iste nesciunt,Alimentos y bebidas,Alim-1,Alim-1-1,317,57900.0,1.29,UN,True,2026-01-20
1005,3964178996985,Dolorum quos,Ropa y calzado basico,Ropa-2,Ropa-3-2,104,107500.0,5.42,UN,True,2026-02-06
1006,6091919113596,Officia labore,Cuidado personal e higiene,Cuid-2,Cuid-1-2,437,222300.0,18.04,LT,True,2026-03-01
1007,9660577980665,Earum vitae,Alimentos y bebidas,Alim-3,Alim-1-1,192,180400.0,1.84,UN,True,2025-11-19
1008,0392051460743,Corrupti quaerat,Hogar y limpieza,Hoga-3,Hoga-3-1,656,163500.0,9.06,UN,True,2025-10-24
1009,5553470574236,Facilis quis,Bebes y maternidad,Bebe-1,Bebe-3-2,428,71800.0,6.86,UN,True,2026-03-04
1010,8856527155981,Ex ex,Ropa y calzado basico,Ropa-3,Ropa-2-2,178,32900.0,17.6,UN,True,2025-10-06
1011,3541165972636,Minus illo,Electronica y tecnologia,Elec-3,Elec-2-1,734,188700.0,10.39,UN,True,2025-11-01
1012,4755752250130,Recusandae distinctio,Cuidado personal e higiene,Cuid-2,Cuid-3-1,653,142800.0,5.84,KG,True,2025-10-01
1013,9488488269132,Culpa laborum,Hogar y limpieza,Hoga-2,Hoga-2-2,241,156400.0,10.51,LT,True,2026-02-18
1014,1196425856267,Distinctio voluptatibus,Ropa y calzado basico,Ropa-1,Ropa-2-1,97,243800.0,2.29,UN,True,2026-03-06
1015,1499153703828,Repudiandae nesciunt,Alimentos y bebidas,Alim-1,Alim-3-1,212,88400.0,14.64,KG,True,2025-11-27
1016,4073333732043,Explicabo maiores,Electronica y tecnologia,Elec-1,Elec-2-2,302,200600.0,12.39,KG,True,2025-09-23
1017,3097768893620,Quasi omnis,Alimentos y bebidas,Alim-2,Alim-2-1,326,140600.0,12.03,KG,True,2025-10-20
1018,8969645465532,At minus,Cuidado personal e higiene,Cuid-2,Cuid-2-1,658,60300.0,8.78,UN,True,2025-12-28
1019,5851253892189,Molestiae earum,Cuidado personal e higiene,Cuid-1,Cuid-2-2,775,15100.0,5.92,UN,True,2025-11-11
1020,7851935837499,Totam similique,Ropa y calzado basico,Ropa-1,Ropa-2-2,598,154800.0,1.35,LT,True,2026-02-01
1021,0797796120875,Eos architecto,Bebes y maternidad,Bebe-1,Bebe-2-1,677,75800.0,18.94,UN,True,2026-02-10
1022,8057215149408,Eos delectus,Alimentos y bebidas,Alim-2,Alim-2-1,101,174500.0,8.36,UN,True,2025-11-30
1023,9762637484530,Dolorem consequatur,Ropa y calzado basico,Ropa-3,Ropa-3-2,120,175800.0,9.94,UN,True,2026-01-04
1024,9862895090594,Nostrum quod,Electronica y tecnologia,Elec-2,Elec-2-2,727,115000.0,7.55,UN,True,2025-09-16
1025,1191862339229,Quam aperiam,Bebes y maternidad,Bebe-1,Bebe-1-1,492,135000.0,19.76,UN,True,2025-10-01
1026,0715116966675,Omnis a,Bebes y maternidad,Bebe-1,Bebe-1-1,189,157400.0,15.93,UN,True,2025-11-10
1027,2521452647127,Consequatur quam,Alimentos y bebidas,Alim-1,Alim-1-2,634,118200.0,,LT,True,2025-09-28
1028,4633515718403,Dolor blanditiis,Ropa y calzado basico,Ropa-3,Ropa-3-1,140,219600.0,12.18,UN,True,2025-09-06
1029,9080512080050,Voluptates iusto,Electronica y tecnologia,Elec-3,Elec-2-1,615,20800.0,,LT,True,2026-01-19
1030,6409951239721,Labore porro,Alimentos y bebidas,Alim-1,Alim-1-2,707,245000.0,15.88,LT,True,2025-09-08
1031,8351295927285,Fuga veniam,Cuidado personal e higiene,Cuid-1,Cuid-3-1,392,10300.0,19.95,KG,True,2025-10-21
1032,2709081441525,Commodi deleniti,Bebes y maternidad,Bebe-1,Bebe-1-2,526,53600.0,14.9,UN,True,2026-01-26
1033,9821739295786,Maxime consequuntur,Electronica y tecnologia,Elec-3,Elec-1-2,586,177700.0,17.31,KG,True,2025-10-15
1034,6718153523737,Dolorum corporis,Hogar y limpieza,Hoga-1,Hoga-3-2,705,23100.0,10.08,UN,True,2025-10-19
1035,6050791815899,Quisquam quisquam,Cuidado personal e higiene,Cuid-3,Cuid-2-1,467,67000.0,7.5,UN,True,2026-01-31
1036,9886834527347,Eaque voluptate,Bebes y maternidad,Bebe-2,Bebe-3-2,235,40200.0,12.88,LT,True,2025-09-08
1037,6666170715874,Earum illum,Cuidado personal e higiene,Cuid-1,Cuid-3-2,162,181400.0,15.0,UN,True,2025-11-07
1038,9647408031499,Accusantium totam,Alimentos y bebidas,Alim-3,Alim-3-2,285,145600.0,4.59,LT,True,2025-12-20
1039,9825080046356,Autem optio,Electronica y tecnologia,Elec-2,Elec-1-1,45,18000.0,10.09,UN,True,2025-09-17
1040,8068828503174,Repellat aut,Bebes y maternidad,Bebe-3,Bebe-3-1,559,116100.0,2.32,UN,True,2026-01-12
1041,2351373990060,Rerum incidunt,Cuidado personal e higiene,Cuid-1,Cuid-3-1,296,53700.0,4.37,KG,True,2025-11-27
1042,3140352635608,Fugiat voluptatem,Cuidado personal e higiene,Cuid-2,Cuid-1-2,570,242000.0,17.64,UN,True,2025-11-05
1043,2293946943465,Voluptatum laboriosam,Hogar y limpieza,Hoga-2,Hoga-3-2,50,28800.0,2.94,UN,True,2025-12-26
1044,0666437490601,Suscipit maiores,Cuidado personal e higiene,Cuid-2,Cuid-2-1,258,150300.0,16.24,KG,True,2025-09-11
1045,7231112712854,Pariatur nostrum,Electronica y tecnologia,Elec-1,Elec-3-2,317,121500.0,7.48,UN,True,2026-01-02
1046,2464844941161,Molestias repellendus,Cuidado personal e higiene,Cuid-2,Cuid-2-2,71,145400.0,13.29,UN,True,2025-12-05
1047,3187328077116,Minus distinctio,Alimentos y bebidas,Alim-3,Alim-2-1,664,239200.0,18.21,UN,True,2025-09-15
1048,3062113695723,Laborum eligendi,Cuidado personal e higiene,Cuid-3,Cuid-1-1,479,86600.0,15.63,UN,True,2026-02-08
1049,7908335090259,Neque odio,Bebes y maternidad,Bebe-1,Bebe-3-1,676,187700.0,,UN,True,2025-12-03
1050,4257306624812,Corporis corporis,Bebes y maternidad,Bebe-3,Bebe-2-1,642,113000.0,5.26,UN,True,2025-09-17
1051,3235707139846,Placeat cupiditate,Electronica y tecnologia,Elec-3,Elec-1-2,28,165900.0,7.27,UN,True,2025-11-14
1052,8228501168803,Deleniti aperiam,Hogar y limpieza,Hoga-1,Hoga-1-2,693,92700.0,14.67,LT,True,2026-01-31
1053,9255021306094,Eum inventore,Ropa y calzado basico,Ropa-1,Ropa-3-2,56,58300.0,15.56,UN,True,2025-12-02
1054,0691309810799,Maiores voluptas,Cuidado personal e higiene,Cuid-3,Cuid-1-2,697,22700.0,15.81,KG,True,2025-11-20
1055,6496737945778,Perferendis voluptate,Electronica y tecnologia,Elec-1,Elec-2-1,536,27200.0,14.82,UN,True,2025-09-12
1056,2785324264250,Fugiat cupiditate,Ropa y calzado basico,Ropa-1,Ropa-3-1,656,239900.0,4.67,UN,True,2025-09-16
1057,0642076836253,Suscipit numquam,Ropa y calzado basico,Ropa-2,Ropa-1-1,400,197500.0,5.82,LT,True,2025-11-02
1058,3666777675550,Laboriosam modi,Cuidado personal e higiene,Cuid-2,Cuid-2-2,129,62700.0,18.84,UN,True,2025-10-28
1059,6283333939573,Laborum sit,Ropa y calzado basico,Ropa-2,Ropa-1-1,120,133200.0,11.1,UN,True,2026-01-10
1060,8654362718749,Doloribus eos,Electronica y tecnologia,Elec-2,Elec-3-2,95,179100.0,15.1,KG,True,2025-12-07
1061,9603358268620,Ab architecto,Bebes y maternidad,Bebe-3,Bebe-3-1,645,89400.0,,KG,False,2025-09-29
1062,7036924926938,Delectus ea,Cuidado personal e higiene,Cuid-3,Cuid-1-1,427,111100.0,18.49,UN,True,2026-01-12
1063,2657327599809,Illum dolorum,Electronica y tecnologia,Elec-1,Elec-2-2,174,180200.0,17.38,KG,True,2026-03-14
1064,1110005155328,Delectus eveniet,Ropa y calzado basico,Ropa-1,Ropa-2-1,100,58400.0,5.26,LT,True,2026-02-22
1065,3415959775249,Odio consectetur,Cuidado personal e higiene,Cuid-1,Cuid-3-2,63,132500.0,17.7,UN,True,2026-03-21
1066,4182226189625,Necessitatibus molestiae,Ropa y calzado basico,Ropa-2,Ropa-2-1,207,54100.0,6.04,UN,True,2025-12-09
1067,8874312710269,Ipsa eum,Alimentos y bebidas,Alim-2,Alim-2-2,600,2800.0,8.85,UN,True,2025-11-15
1068,7672095799270,Esse ut,Ropa y calzado basico,Ropa-3,Ropa-3-1,714,173200.0,17.03,UN,True,2025-09-15
1069,0795515122940,Earum voluptate,Electronica y tecnologia,Elec-2,Elec-1-2,487,177400.0,,UN,True,2026-01-18
1070,6213541597098,Magnam blanditiis,Cuidado personal e higiene,Cuid-1,Cuid-2-1,797,248900.0,5.85,UN,True,2025-12-01
1071,9625438480753,Sapiente soluta,Alimentos y bebidas,Alim-3,Alim-1-1,316,46900.0,13.39,UN,True,2026-01-09
1072,2034476504715,Sit odio,Ropa y calzado basico,Ropa-1,Ropa-2-1,267,185400.0,19.99,UN,True,2025-11-03
1073,5802909046371,Sunt dolore,Cuidado personal e higiene,Cuid-3,Cuid-2-2,555,237100.0,2.66,UN,True,2025-10-07
1074,6604655866529,At at,Hogar y limpieza,Hoga-3,Hoga-3-1,108,161900.0,14.04,UN,True,2026-01-20
1075,5483744171581,Atque ipsum,Alimentos y bebidas,Alim-3,Alim-2-1,730,240900.0,10.56,UN,True,2025-11-20
1076,1021312512936,Deleniti sint,Bebes y maternidad,Bebe-3,Bebe-1-1,625,248600.0,8.24,UN,False,2025-12-18
1077,1100591297519,Dolorem numquam,Electronica y tecnologia,Elec-1,Elec-3-1,28,200800.0,15.01,UN,True,2026-03-19
1078,9102312110635,Accusamus sint,Bebes y maternidad,Bebe-2,Bebe-3-1,150,249800.0,11.12,UN,True,2025-10-30
1079,3016583737926,Vero repellendus,Alimentos y bebidas,Alim-2,Alim-3-2,503,157200.0,15.97,UN,True,2025-09-29
1080,7490728012349,Error aspernatur,Cuidado personal e higiene,Cuid-2,Cuid-3-2,591,125300.0,14.89,UN,True,2026-01-24
1081,2893113253269,Nihil optio,Electronica y tecnologia,Elec-3,Elec-1-2,175,229600.0,19.7,UN,True,2025-12-28
1082,9496843645385,Nobis suscipit,Electronica y tecnologia,Elec-2,Elec-2-1,598,208100.0,,UN,True,2025-11-22
1083,0442101750963,Facere debitis,Ropa y calzado basico,Ropa-1,Ropa-1-2,380,29300.0,1.38,KG,True,2026-01-01
1084,1701595919454,Architecto tempora,Bebes y maternidad,Bebe-3,Bebe-1-2,541,77100.0,15.6,UN,False,2026-03-07
1085,7575747583398,Voluptatem cum,Ropa y calzado basico,Ropa-2,Ropa-3-1,340,66600.0,13.01,UN,True,2025-10-07
1086,2056775677723,Consectetur praesentium,Alimentos y bebidas,Alim-3,Alim-3-2,364,214100.0,1.84,UN,True,2026-02-09
1087,2660256265066,Voluptate exercitationem,Cuidado personal e higiene,Cuid-1,Cuid-1-2,312,59800.0,12.13,UN,True,2025-12-20
1088,2292310672451,Autem animi,Bebes y maternidad,Bebe-3,Bebe-1-1,126,77400.0,15.03,UN,True,2026-02-12
1089,3076248433792,Autem animi,Electronica y tecnologia,Elec-1,Elec-3-2,153,130700.0,3.98,UN,True,2026-03-06
1090,7662705115798,Similique cum,Bebes y maternidad,Bebe-2,Bebe-1-1,135,20900.0,8.73,LT,True,2025-10-05
1091,4238736704251,Aliquam vero,Electronica y tecnologia,Elec-3,Elec-1-1,643,240400.0,10.87,UN,True,2025-09-27
1092,4969192845522,Fuga mollitia,Alimentos y bebidas,Alim-2,Alim-1-2,339,123800.0,8.29,UN,True,2025-09-04
1093,5971075633538,Amet architecto,Hogar y limpieza,Hoga-1,Hoga-1-1,304,49200.0,17.53,KG,True,2025-10-11
1094,5748595325935,Iure ea,Ropa y calzado basico,Ropa-3,Ropa-1-2,685,69200.0,3.42,LT,True,2025-11-12
1095,9933797058163,Tenetur aperiam,Electronica y tecnologia,Elec-3,Elec-3-2,710,199900.0,15.44,UN,False,2025-10-25
1096,2951877941768,Ipsa reprehenderit,Alimentos y bebidas,Alim-1,Alim-2-2,188,159200.0,15.57,UN,True,2026-02-15
1097,3425073305598,Laboriosam molestias,Cuidado personal e higiene,Cuid-1,Cuid-2-2,284,117200.0,8.99,UN,True,2026-02-01
1098,7824575983390,Nesciunt quibusdam,Bebes y maternidad,Bebe-1,Bebe-3-2,330,84200.0,10.81,KG,True,2025-11-13
1099,9140388436600,Natus voluptatum,Bebes y maternidad,Bebe-1,Bebe-2-2,672,225400.0,3.11,UN,True,2025-12-28
1100,4432400615724,Laborum commodi,Ropa y calzado basico,Ropa-2,Ropa-3-2,538,193600.0,3.94,UN,True,2025-11-05
1101,7682975147435,Adipisci eligendi,Alimentos y bebidas,Alim-1,Alim-2-1,436,180100.0,10.66,UN,True,2025-12-13
1102,9742925010580,Quo saepe,Electronica y tecnologia,Elec-3,Elec-2-1,189,112600.0,4.53,UN,True,2025-11-01
1103,7525680656253,Magnam eos,Ropa y calzado basico,Ropa-1,Ropa-2-1,309,245300.0,16.14,KG,True,2026-02-09
1104,9045990802716,Optio vitae,Electronica y tecnologia,Elec-2,Elec-3-2,24,178100.0,12.34,UN,True,2025-10-19
1105,1221823155510,Tempora ducimus,Electronica y tecnologia,Elec-2,Elec-3-1,564,107100.0,1.18,UN,True,2026-03-18
1106,6517680866283,Deleniti officia,Hogar y limpieza,Hoga-2,Hoga-3-2,736,240200.0,7.19,UN,True,2026-03-09
1107,1372143308008,Voluptatibus quia,Cuidado personal e higiene,Cuid-1,Cuid-1-1,630,224100.0,17.18,KG,True,2025-10-13
1108,3700332285560,Eum rem,Cuidado personal e higiene,Cuid-2,Cuid-3-2,248,185500.0,5.59,UN,True,2025-12-27
1109,6084706810396,Ducimus sapiente,Ropa y calzado basico,Ropa-2,Ropa-3-1,387,192200.0,14.41,LT,True,2026-02-13
1110,0339705195828,Accusamus doloremque,Alimentos y bebidas,Alim-2,Alim-1-2,767,107100.0,1.92,UN,True,2026-02-19
1111,6328094485867,Laboriosam error,Alimentos y bebidas,Alim-3,Alim-3-2,341,127800.0,18.61,UN,True,2025-11-17
1112,2394535461473,Ducimus inventore,Hogar y limpieza,Hoga-2,Hoga-1-1,672,49500.0,9.01,UN,True,2025-12-22
1113,0798632106138,Fugiat quia,Ropa y calzado basico,Ropa-2,Ropa-1-2,462,149700.0,9.86,UN,True,2025-10-03
1114,3943945703940,Quisquam quisquam,Electronica y tecnologia,Elec-1,Elec-3-1,400,93700.0,11.42,UN,True,2025-10-24
1115,3804032537650,Adipisci porro,Electronica y tecnologia,Elec-1,Elec-1-2,469,88200.0,7.3,UN,True,2025-10-25
1116,7692778943196,Nemo sapiente,Electronica y tecnologia,Elec-2,Elec-2-1,179,237200.0,14.52,UN,True,2025-10-31
1117,1009004047690,Voluptatum nostrum,Alimentos y bebidas,Alim-2,Alim-2-2,341,42900.0,0.34,UN,True,2025-11-22
1118,2105336514608,Magnam officiis,Cuidado personal e higiene,Cuid-3,Cuid-3-2,244,207800.0,,KG,True,2026-01-19
1119,4014247310729,Pariatur natus,Alimentos y bebidas,Alim-3,Alim-2-2,607,71800.0,3.82,UN,True,2026-03-02
1120,0113798440979,Ipsam ipsa,Ropa y calzado basico,Ropa-1,Ropa-3-1,490,9100.0,12.73,KG,True,2025-12-29
1121,1231660076763,Error rem,Ropa y calzado basico,Ropa-2,Ropa-3-1,320,12000.0,17.82,KG,False,2025-12-08
1122,2090144734044,Libero saepe,Cuidado personal e higiene,Cuid-2,Cuid-2-2,659,108400.0,1.32,UN,True,2026-01-22
1123,3370096873046,Doloremque quod,Cuidado personal e higiene,Cuid-1,Cuid-3-2,363,114700.0,17.06,UN,True,2026-01-04
1124,5195778255884,Reiciendis consequuntur,Cuidado personal e higiene,Cuid-2,Cuid-3-2,763,81400.0,16.4,UN,True,2025-12-02
1125,2556296575428,Facere nisi,Bebes y maternidad,Bebe-2,Bebe-2-1,485,167900.0,1.58,KG,True,2025-09-10
1126,7865619425575,Ex aut,Hogar y limpieza,Hoga-1,Hoga-3-1,709,122400.0,2.91,UN,True,2025-12-21
1127,7820582958291,Doloremque ullam,Ropa y calzado basico,Ropa-2,Ropa-2-2,790,20400.0,7.03,UN,True,2025-09-16
1128,2361618808197,Impedit laboriosam,Hogar y limpieza,Hoga-3,Hoga-1-2,262,88300.0,2.34,UN,True,2026-01-04
1129,0482357155860,Vitae ex,Ropa y calzado basico,Ropa-1,Ropa-1-1,209,27300.0,15.18,UN,True,2026-03-10
1130,8639561372305,Facilis odit,Electronica y tecnologia,Elec-2,Elec-2-1,669,17600.0,10.11,UN,True,2026-02-10
1131,8172143643818,Facilis repellendus,Cuidado personal e higiene,Cuid-1,Cuid-1-1,186,53700.0,8.24,UN,True,2026-02-18
1132,3000413211472,Voluptatibus vero,Bebes y maternidad,Bebe-1,Bebe-2-1,602,175700.0,,UN,True,2025-12-05
1133,1656094565346,At autem,Ropa y calzado basico,Ropa-3,Ropa-2-1,142,174600.0,5.89,UN,True,2025-12-10
1134,6997990707559,Necessitatibus aliquid,Ropa y calzado basico,Ropa-2,Ropa-2-1,696,215600.0,17.44,UN,True,2025-12-18
1135,0476816995708,Quaerat fuga,Bebes y maternidad,Bebe-1,Bebe-1-2,552,189600.0,13.1,LT,True,2025-10-14
1136,6071748113172,Veritatis omnis,Cuidado personal e higiene,Cuid-2,Cuid-3-2,417,134800.0,6.96,UN,True,2026-03-19
1137,6539705487396,Quisquam vero,Alimentos y bebidas,Alim-1,Alim-2-1,360,79500.0,10.82,UN,True,2025-09-12
1138,6102908718279,Cumque quos,Electronica y tecnologia,Elec-2,Elec-1-1,510,3400.0,5.23,UN,True,2026-03-21
1139,4968049187273,Dolore dignissimos,Cuidado personal e higiene,Cuid-1,Cuid-2-2,311,162500.0,19.7,UN,True,2026-03-18
1140,4204956121376,Dolorem error,Hogar y limpieza,Hoga-2,Hoga-2-2,319,73800.0,8.74,UN,True,2026-03-11
1141,7306260423591,Temporibus fugiat,Cuidado personal e higiene,Cuid-2,Cuid-2-1,164,64000.0,17.94,UN,True,2025-09-05
1142,7371122299072,Veritatis fugit,Hogar y limpieza,Hoga-2,Hoga-2-2,127,243800.0,19.56,KG,True,2026-03-13
1143,7560858167049,Tempora rem,Hogar y limpieza,Hoga-2,Hoga-1-1,713,45200.0,10.74,KG,True,2025-10-21
1144,6861114576836,Illum hic,Hogar y limpieza,Hoga-1,Hoga-3-1,600,10000.0,14.61,UN,True,2025-10-26
1145,2102192378580,Odit vel,Ropa y calzado basico,Ropa-1,Ropa-2-1,355,237400.0,11.47,KG,True,2026-01-18
1146,4712961803328,Incidunt quidem,Electronica y tecnologia,Elec-1,Elec-1-1,666,77900.0,1.88,UN,True,2025-11-22
1147,4260508018495,Incidunt qui,Hogar y limpieza,Hoga-2,Hoga-3-2,487,99600.0,,KG,True,2026-03-10
1148,8042537337770,Libero vel,Alimentos y bebidas,Alim-2,Alim-2-2,480,22100.0,9.16,UN,True,2025-12-12
1149,3126881228214,Nam sit,Electronica y tecnologia,Elec-3,Elec-2-2,91,102200.0,17.89,UN,True,2025-09-27
1150,7819236534608,Ipsa incidunt,Cuidado personal e higiene,Cuid-1,Cuid-2-1,431,243100.0,13.13,UN,True,2025-10-21
1151,6056035679326,Iure beatae,Cuidado personal e higiene,Cuid-1,Cuid-2-2,87,174100.0,2.15,UN,False,2026-02-05
1152,7986239847162,Voluptates fuga,Hogar y limpieza,Hoga-3,Hoga-2-2,548,119500.0,8.37,KG,True,2025-12-28
1153,9061812054644,Dolorum cumque,Alimentos y bebidas,Alim-3,Alim-1-1,54,78300.0,3.96,UN,True,2025-11-09
1154,7548954787699,Suscipit maxime,Hogar y limpieza,Hoga-3,Hoga-1-1,412,92800.0,3.44,UN,True,2025-10-17
1155,8999275175884,Officiis deserunt,Cuidado personal e higiene,Cuid-1,Cuid-3-1,294,153600.0,14.32,UN,False,2026-01-17
1156,9144449835531,Sit repudiandae,Bebes y maternidad,Bebe-1,Bebe-2-2,105,65100.0,0.65,KG,True,2025-10-27
1157,9354358644968,Consectetur facere,Bebes y maternidad,Bebe-1,Bebe-2-2,379,39700.0,19.32,UN,True,2025-09-23
1158,3924358853798,Delectus modi,Alimentos y bebidas,Alim-1,Alim-1-1,161,174700.0,9.03,UN,True,2025-12-24
1159,8214339527530,Aspernatur perferendis,Electronica y tecnologia,Elec-3,Elec-3-2,196,217600.0,9.82,UN,True,2026-02-23
1160,6749785249146,At est,Electronica y tecnologia,Elec-3,Elec-1-2,712,225600.0,6.02,UN,True,2025-11-04
1161,1686013477894,Eligendi repellendus,Hogar y limpieza,Hoga-3,Hoga-1-1,280,210700.0,1.76,UN,True,2026-01-23
1162,4896340679176,Blanditiis fugit,Hogar y limpieza,Hoga-3,Hoga-1-1,324,133600.0,11.79,UN,True,2025-12-02
1163,6651221500141,Eveniet quibusdam,Ropa y calzado basico,Ropa-2,Ropa-3-2,6,197600.0,6.93,LT,False,2026-03-14
1164,1884216309008,Delectus nulla,Hogar y limpieza,Hoga-2,Hoga-2-2,241,231700.0,12.5,KG,True,2026-01-03
1165,1594463339993,Necessitatibus id,Alimentos y bebidas,Alim-3,Alim-1-2,281,7800.0,11.14,UN,True,2025-12-13
1166,4853208953267,Ut nam,Hogar y limpieza,Hoga-3,Hoga-1-2,576,104200.0,4.38,UN,True,2025-10-19
1167,3890219947114,Cum delectus,Cuidado personal e higiene,Cuid-2,Cuid-2-2,96,52600.0,9.26,KG,True,2026-02-28
1168,3633792234109,Error sapiente,Hogar y limpieza,Hoga-3,Hoga-2-1,744,249200.0,6.2,UN,True,2025-09-13
1169,3469967331164,Libero iste,Cuidado personal e higiene,Cuid-2,Cuid-3-2,103,232500.0,4.83,KG,True,2025-12-21
1170,7726960843763,Fuga maiores,Alimentos y bebidas,Alim-2,Alim-1-2,523,200900.0,15.41,UN,True,2025-10-27
1171,8550789679352,Tempore dignissimos,Bebes y maternidad,Bebe-3,Bebe-3-1,4,75400.0,0.29,KG,True,2025-12-15
1172,2196263355648,Iusto rem,Alimentos y bebidas,Alim-2,Alim-3-1,656,238100.0,5.41,UN,False,2026-03-19
1173,3436970931704,Culpa eos,Ropa y calzado basico,Ropa-3,Ropa-2-1,558,9300.0,10.65,LT,True,2025-09-22
1174,6955607676162,Numquam doloribus,Ropa y calzado basico,Ropa-2,Ropa-1-2,671,48600.0,9.55,UN,True,2025-09-14
1175,4534547223982,Accusamus neque,Electronica y tecnologia,Elec-1,Elec-3-2,746,155000.0,18.81,KG,True,2026-02-13
1176,9830650312199,Omnis nulla,Bebes y maternidad,Bebe-1,Bebe-2-2,668,198700.0,16.88,UN,True,2026-01-21
1177,8041847242644,Tempore vel,Alimentos y bebidas,Alim-2,Alim-1-2,498,221100.0,,UN,True,2025-11-25
1178,2364281319090,Esse assumenda,Cuidado personal e higiene,Cuid-2,Cuid-1-2,671,76500.0,,UN,False,2025-10-18
1179,2487623039118,Sit veritatis,Cuidado personal e higiene,Cuid-2,Cuid-3-1,77,98900.0,8.61,UN,True,2026-01-02
1180,1428178522824,Officia ratione,Electronica y tecnologia,Elec-3,Elec-2-2,517,114800.0,0.78,UN,True,2025-10-25
1181,3052480880624,Alias excepturi,Electronica y tecnologia,Elec-1,Elec-3-1,792,8700.0,16.44,UN,True,2026-01-12
1182,2072239594733,Similique similique,Bebes y maternidad,Bebe-1,Bebe-2-1,302,216300.0,8.64,LT,True,2025-11-23
1183,7213290162041,Error facere,Hogar y limpieza,Hoga-3,Hoga-2-1,781,85800.0,6.45,KG,True,2026-02-05
1184,7876886878599,Natus ratione,Cuidado personal e higiene,Cuid-2,Cuid-1-2,406,51400.0,12.15,KG,True,2026-01-13
1185,9648628720316,Nam dolorem,Bebes y maternidad,Bebe-2,Bebe-2-1,375,103500.0,15.1,UN,True,2025-12-28
1186,9541966645054,Asperiores perferendis,Ropa y calzado basico,Ropa-1,Ropa-1-1,241,178200.0,10.48,UN,True,2025-09-23
1187,7303627924630,Laboriosam error,Ropa y calzado basico,Ropa-2,Ropa-2-2,87,218000.0,3.03,UN,True,2026-01-05
1188,2037476775376,Recusandae cum,Hogar y limpieza,Hoga-2,Hoga-1-2,702,55400.0,18.44,UN,False,2026-01-21
1189,2603214505767,Sapiente commodi,Hogar y limpieza,Hoga-2,Hoga-2-1,577,44800.0,2.3,UN,True,2025-12-17
1190,6194588707155,Unde tempore,Hogar y limpieza,Hoga-1,Hoga-2-1,321,236100.0,19.39,KG,True,2025-12-31
1191,5348201284009,Reprehenderit eaque,Ropa y calzado basico,Ropa-2,Ropa-1-1,770,138600.0,8.88,UN,True,2026-01-04
1192,8385076597596,Quo dolore,Cuidado personal e higiene,Cuid-2,Cuid-1-2,148,92700.0,18.94,UN,True,2025-10-20
1193,5450891776808,Quas vitae,Bebes y maternidad,Bebe-1,Bebe-3-1,623,51400.0,18.3,UN,True,2025-12-01
1194,8981265742237,Recusandae blanditiis,Cuidado personal e higiene,Cuid-1,Cuid-1-1,362,248800.0,8.16,UN,True,2025-09-29
1195,1964630040234,Quaerat eos,Hogar y limpieza,Hoga-3,Hoga-1-1,500,180400.0,16.01,UN,True,2026-02-06
1196,6936268943015,Iste accusantium,Cuidado personal e higiene,Cuid-3,Cuid-1-2,30,56000.0,1.84,UN,True,2025-10-03
1197,2047137271178,Numquam ex,Electronica y tecnologia,Elec-2,Elec-2-2,489,24600.0,1.7,UN,True,2026-02-13
1198,5957498855825,Soluta provident,Ropa y calzado basico,Ropa-3,Ropa-3-1,544,51400.0,7.15,UN,True,2026-01-09
1199,9849330674588,Incidunt quibusdam,Bebes y maternidad,Bebe-3,Bebe-1-1,783,63400.0,12.22,KG,True,2025-12-16
1200,4760944128333,Tempore iste,Ropa y calzado basico,Ropa-1,Ropa-2-1,277,29500.0,0.24,LT,True,2025-12-13
1201,3721885666958,Labore accusamus,Cuidado personal e higiene,Cuid-2,Cuid-2-1,59,59000.0,10.33,UN,True,2025-10-03
1202,4132971506666,Magni amet,Cuidado personal e higiene,Cuid-3,Cuid-1-2,50,31000.0,19.51,UN,True,2026-01-12
1203,2670551437761,Mollitia quaerat,Bebes y maternidad,Bebe-1,Bebe-3-2,120,95700.0,17.18,UN,True,2025-11-17
1204,9366343925297,Cumque laborum,Hogar y limpieza,Hoga-3,Hoga-3-1,240,122600.0,,KG,True,2026-02-07
1205,5961111028671,Consequatur vitae,Alimentos y bebidas,Alim-1,Alim-1-1,665,114900.0,10.58,UN,True,2026-02-18
1206,1200720245593,Commodi fuga,Ropa y calzado basico,Ropa-1,Ropa-2-1,157,207600.0,3.47,UN,True,2026-03-06
1207,1024510910900,Nesciunt deleniti,Electronica y tecnologia,Elec-2,Elec-1-1,117,65000.0,5.3,UN,True,2026-03-06
1208,3267149498199,Officia provident,Alimentos y bebidas,Alim-2,Alim-1-2,26,222000.0,18.46,LT,True,2026-02-03
1209,4217942817931,Iusto nam,Ropa y calzado basico,Ropa-1,Ropa-2-1,307,227200.0,19.96,UN,True,2025-10-27
1210,4065277584468,Tempora nemo,Electronica y tecnologia,Elec-1,Elec-2-2,483,240000.0,4.89,UN,True,2025-10-28
1211,6345337220108,Dolorem aut,Electronica y tecnologia,Elec-2,Elec-2-1,226,46900.0,4.28,UN,True,2026-03-11
1212,9121722145594,Optio voluptatibus,Bebes y maternidad,Bebe-1,Bebe-1-1,397,62900.0,,UN,True,2026-03-15
1213,3766189437057,Mollitia dolorem,Hogar y limpieza,Hoga-3,Hoga-1-2,195,156700.0,8.94,UN,False,2025-10-29
1214,2635100462779,Veniam officiis,Hogar y limpieza,Hoga-3,Hoga-3-1,641,36900.0,1.83,KG,True,2026-01-11
1215,6572565920245,Dolorum ipsa,Electronica y tecnologia,Elec-1,Elec-3-2,21,23200.0,3.0,UN,True,2026-03-06
1216,6175202389742,Eum quae,Cuidado personal e higiene,Cuid-2,Cuid-1-1,161,20300.0,8.53,LT,True,2026-02-20
1217,3260055955015,Cupiditate inventore,Alimentos y bebidas,Alim-1,Alim-2-1,454,152300.0,4.75,LT,True,2026-03-10
1218,7833258486899,Fugiat magni,Bebes y maternidad,Bebe-2,Bebe-2-1,674,201600.0,16.91,UN,True,2025-11-13
1219,9936079848704,Nemo laudantium,Cuidado personal e higiene,Cuid-3,Cuid-3-1,321,66200.0,15.04,KG,True,2025-12-13
1220,4506917679934,Blanditiis voluptatum,Electronica y tecnologia,Elec-1,Elec-2-1,56,233500.0,10.75,KG,True,2026-01-01
1221,5937440394640,Fugiat rerum,Cuidado personal e higiene,Cuid-1,Cuid-3-1,442,198400.0,8.68,UN,True,2026-03-13
1222,0830373606017,Sed odio,Cuidado personal e higiene,Cuid-1,Cuid-1-1,217,21200.0,16.63,UN,True,2026-03-19
1223,4886084907932,Laboriosam enim,Electronica y tecnologia,Elec-3,Elec-2-2,244,103000.0,3.36,LT,True,2025-12-22
1224,8841368528308,Totam aliquid,Ropa y calzado basico,Ropa-1,Ropa-3-1,738,18900.0,,KG,True,2026-02-21
1225,6153701242447,Atque impedit,Hogar y limpieza,Hoga-2,Hoga-1-1,754,229000.0,1.03,KG,True,2025-11-18
1226,6263251448814,Facilis molestiae,Alimentos y bebidas,Alim-2,Alim-1-1,208,186200.0,18.47,UN,True,2026-01-02
1227,1210314217516,Error exercitationem,Cuidado personal e higiene,Cuid-1,Cuid-3-1,474,172300.0,2.82,KG,True,2026-02-13
1228,8878179415152,Quisquam facilis,Alimentos y bebidas,Alim-1,Alim-3-1,433,171300.0,16.25,UN,False,2026-02-28
1229,2638409112253,Iste itaque,Bebes y maternidad,Bebe-1,Bebe-3-2,769,72700.0,0.41,UN,False,2025-09-25
1230,2883750566181,Id iusto,Cuidado personal e higiene,Cuid-3,Cuid-3-2,757,233500.0,16.31,UN,True,2025-09-18
1231,6323979137879,A commodi,Hogar y limpieza,Hoga-3,Hoga-3-1,281,230800.0,11.7,UN,True,2025-10-17
1232,6553007309507,Debitis ullam,Alimentos y bebidas,Alim-3,Alim-1-1,21,185400.0,0.43,UN,True,2025-09-24
1233,5560571219881,Dicta deserunt,Hogar y limpieza,Hoga-1,Hoga-2-2,2,118300.0,15.5,UN,True,2025-10-16
1234,1927788519052,Aut sint,Bebes y maternidad,Bebe-2,Bebe-3-1,4,13700.0,2.08,UN,False,2026-03-12
1235,3486401042462,Vitae quasi,Hogar y limpieza,Hoga-2,Hoga-3-1,626,9000.0,10.82,UN,True,2026-01-06
1236,2456185174469,Tenetur provident,Electronica y tecnologia,Elec-3,Elec-1-2,592,36300.0,6.67,UN,True,2025-09-23
1237,0045212899158,In ratione,Cuidado personal e higiene,Cuid-1,Cuid-1-1,662,149700.0,15.2,UN,True,2026-01-23
1238,1145512939130,Consequuntur enim,Alimentos y bebidas,Alim-3,Alim-3-2,112,199900.0,17.07,UN,True,2026-03-10
1239,0448818984844,Beatae debitis,Ropa y calzado basico,Ropa-1,Ropa-1-1,47,237200.0,,UN,True,2026-02-18
1240,1604615402113,Asperiores magnam,Alimentos y bebidas,Alim-2,Alim-1-1,137,45500.0,15.17,KG,True,2026-02-22
1241,9017075681424,Sequi exercitationem,Hogar y limpieza,Hoga-3,Hoga-3-2,501,70300.0,18.34,UN,True,2026-03-02
1242,9831522910734,Aspernatur quod,Cuidado personal e higiene,Cuid-1,Cuid-2-2,8,15400.0,13.8,KG,True,2026-02-01
1243,2283608493780,Rem quasi,Alimentos y bebidas,Alim-1,Alim-1-1,529,247300.0,6.47,UN,True,2026-02-26
1244,3063963845269,Sit eveniet,Electronica y tecnologia,Elec-3,Elec-1-2,712,195700.0,,UN,False,2026-02-10
1245,9694439164979,Alias recusandae,Bebes y maternidad,Bebe-1,Bebe-1-1,117,121200.0,4.64,KG,True,2026-01-18
1246,0169342929131,Voluptates distinctio,Alimentos y bebidas,Alim-3,Alim-3-2,592,144700.0,9.2,UN,True,2025-10-13
1247,2033016234198,Ullam ea,Ropa y calzado basico,Ropa-2,Ropa-2-1,443,141400.0,4.96,LT,True,2026-03-05
1248,0310615372219,Distinctio animi,Electronica y tecnologia,Elec-2,Elec-1-1,756,65100.0,16.15,UN,True,2025-09-21
1249,5566847323658,Doloremque ipsa,Ropa y calzado basico,Ropa-3,Ropa-2-2,195,48000.0,12.22,KG,True,2025-10-29
1250,3377460406725,Atque praesentium,Alimentos y bebidas,Alim-3,Alim-1-1,182,75600.0,,UN,True,2026-01-26
1251,0078436142441,Nobis nemo,Bebes y maternidad,Bebe-1,Bebe-1-1,14,63300.0,2.25,KG,True,2026-01-27
1252,2607819754377,Rerum nulla,Alimentos y bebidas,Alim-1,Alim-1-1,565,140300.0,0.08,UN,True,2026-02-27
1253,3476427372032,Aperiam vero,Bebes y maternidad,Bebe-1,Bebe-2-1,694,78400.0,15.79,UN,True,2025-09-19
1254,7638821458415,Necessitatibus quia,Electronica y tecnologia,Elec-1,Elec-1-2,16,182800.0,10.87,UN,True,2026-02-08
1255,4846019134437,Eligendi voluptatem,Hogar y limpieza,Hoga-3,Hoga-2-1,394,142800.0,18.63,KG,True,2025-09-29
1256,8998278020580,Quo dolore,Alimentos y bebidas,Alim-2,Alim-2-1,580,134000.0,10.77,UN,True,2026-01-03
1257,6950732146443,Quod doloremque,Electronica y tecnologia,Elec-3,Elec-2-2,626,237900.0,4.33,UN,True,2025-10-19
1258,9369995167930,Minus voluptatum,Alimentos y bebidas,Alim-1,Alim-1-2,745,82000.0,13.98,UN,True,2025-12-26
1259,3505573857367,Nemo occaecati,Electronica y tecnologia,Elec-3,Elec-1-2,579,159500.0,14.03,UN,True,2025-09-24
1260,8011923603768,Illum assumenda,Ropa y calzado basico,Ropa-3,Ropa-1-1,737,2000.0,1.36,KG,True,2025-09-10
1261,8118723335100,Vitae ad,Cuidado personal e higiene,Cuid-3,Cuid-2-2,795,184800.0,13.89,UN,False,2026-03-16
1262,4096149731536,Vel ab,Cuidado personal e higiene,Cuid-2,Cuid-3-1,743,126600.0,4.29,UN,True,2025-12-15
1263,9114983074826,Sapiente ut,Cuidado personal e higiene,Cuid-3,Cuid-1-1,351,53700.0,5.13,KG,True,2025-12-06
1264,0736511893946,Perspiciatis placeat,Cuidado personal e higiene,Cuid-2,Cuid-3-1,326,2400.0,0.68,UN,True,2025-11-21
1265,0655782019049,Est itaque,Alimentos y bebidas,Alim-2,Alim-3-1,343,177300.0,12.57,UN,True,2026-03-04
1266,3223023332478,Voluptas impedit,Cuidado personal e higiene,Cuid-2,Cuid-1-2,761,166300.0,14.65,UN,True,2026-02-07
1267,0739201354628,Repellendus unde,Electronica y tecnologia,Elec-1,Elec-1-1,226,167000.0,4.65,UN,True,2025-12-08
1268,1276025082614,Nemo ea,Cuidado personal e higiene,Cuid-3,Cuid-1-2,602,110500.0,15.86,KG,True,2025-09-28
1269,1231261632481,Maiores vel,Ropa y calzado basico,Ropa-3,Ropa-1-1,501,160500.0,15.25,LT,True,2026-01-21
1270,8899572989378,Sapiente laudantium,Ropa y calzado basico,Ropa-3,Ropa-2-2,50,143700.0,8.22,LT,False,2025-10-14
1271,6297454930364,Rerum ad,Ropa y calzado basico,Ropa-3,Ropa-1-1,389,61200.0,1.41,KG,True,2025-11-07
1272,4687191203814,Cum dicta,Electronica y tecnologia,Elec-2,Elec-3-1,156,130700.0,5.64,UN,True,2026-01-14
1273,8769208283234,Consectetur esse,Cuidado personal e higiene,Cuid-3,Cuid-2-2,584,129600.0,3.35,UN,True,2026-03-13
1274,0898138815883,Maiores iusto,Bebes y maternidad,Bebe-1,Bebe-3-1,358,206300.0,19.18,UN,True,2025-10-18
1275,1445822067326,Eaque asperiores,Cuidado personal e higiene,Cuid-2,Cuid-3-2,286,109500.0,16.36,UN,True,2025-09-10
1276,3182971681574,Cumque dolorem,Hogar y limpieza,Hoga-1,Hoga-2-1,53,110100.0,,UN,True,2025-11-27
1277,2450000001527,Labore est,Hogar y limpieza,Hoga-1,Hoga-3-2,105,246100.0,10.29,LT,True,2026-01-21
1278,9113717850903,Explicabo vitae,Ropa y calzado basico,Ropa-2,Ropa-3-2,612,223800.0,5.37,UN,True,2026-01-13
1279,2556184442184,Eius non,Electronica y tecnologia,Elec-2,Elec-2-1,690,62100.0,0.69,UN,True,2026-03-13
1280,2998747812247,Facilis molestias,Ropa y calzado basico,Ropa-3,Ropa-1-2,233,227800.0,6.48,KG,True,2025-10-15
1281,8905670867002,Nobis repellendus,Bebes y maternidad,Bebe-2,Bebe-2-1,663,36200.0,2.6,UN,True,2026-02-08
1282,9004365515842,Est omnis,Hogar y limpieza,Hoga-2,Hoga-1-1,442,213600.0,4.49,UN,True,2026-02-05
1283,8266913624838,Assumenda nobis,Bebes y maternidad,Bebe-2,Bebe-2-2,281,47500.0,6.56,UN,True,2026-02-16
1284,5505429608073,Pariatur tempora,Cuidado personal e higiene,Cuid-2,Cuid-2-2,362,107500.0,8.21,LT,False,2026-03-03
1285,0633699879505,Iure nostrum,Bebes y maternidad,Bebe-3,Bebe-2-2,553,246000.0,9.4,UN,True,2025-11-02
1286,9822104016487,In illum,Cuidado personal e higiene,Cuid-1,Cuid-3-1,728,26100.0,10.43,UN,True,2025-11-04
1287,1880442877380,Adipisci eos,Bebes y maternidad,Bebe-2,Bebe-1-2,394,210300.0,7.43,UN,True,2025-12-03
1288,3638164321265,Suscipit commodi,Hogar y limpieza,Hoga-2,Hoga-2-2,278,124700.0,9.99,UN,True,2025-11-12
1289,9428946420361,Fugiat quam,Bebes y maternidad,Bebe-1,Bebe-2-1,609,29500.0,8.39,UN,True,2025-10-01
1290,2586314417065,Doloribus ducimus,Alimentos y bebidas,Alim-3,Alim-3-2,421,238200.0,19.29,UN,True,2025-11-08
1291,4625540263553,Cumque aut,Hogar y limpieza,Hoga-2,Hoga-2-1,313,138200.0,,UN,False,2025-11-18
1292,8243017646447,Sit facilis,Bebes y maternidad,Bebe-1,Bebe-1-2,368,220400.0,11.74,LT,True,2026-02-02
1293,8988031538889,Iure voluptatem,Alimentos y bebidas,Alim-2,Alim-2-2,429,217500.0,3.91,UN,True,2025-09-05
1294,2452790504042,Possimus ducimus,Cuidado personal e higiene,Cuid-3,Cuid-1-2,113,5600.0,7.54,UN,True,2026-02-01
1295,3333538495169,Ad laborum,Alimentos y bebidas,Alim-3,Alim-3-2,47,67700.0,10.95,UN,True,2026-02-06
1296,3211197871800,Minima ipsum,Cuidado personal e higiene,Cuid-1,Cuid-2-2,532,85600.0,15.21,UN,False,2025-09-30
1297,9339137326532,Eum dolorem,Hogar y limpieza,Hoga-2,Hoga-2-2,140,134600.0,19.56,UN,True,2026-03-13
1298,0601198756177,Consequuntur nam,Electronica y tecnologia,Elec-1,Elec-3-2,426,19800.0,9.9,UN,True,2026-01-26
1299,8688002300919,Totam quod,Cuidado personal e higiene,Cuid-2,Cuid-3-1,626,98500.0,5.18,UN,True,2026-01-22
1300,5618298036578,Itaque libero,Alimentos y bebidas,Alim-2,Alim-3-2,172,204000.0,15.84,UN,True,2026-02-04
1301,7449160936591,Ipsum a,Cuidado personal e higiene,Cuid-2,Cuid-2-2,306,45000.0,4.47,UN,True,2026-02-13
1302,5201491189419,Dolor molestias,Bebes y maternidad,Bebe-3,Bebe-3-1,783,175900.0,10.18,UN,True,2025-11-23
1303,8433687509269,Saepe id,Bebes y maternidad,Bebe-2,Bebe-2-2,29,116200.0,16.94,UN,True,2025-12-15
1304,3223998213741,Maxime accusantium,Cuidado personal e higiene,Cuid-2,Cuid-3-1,605,19500.0,8.11,UN,True,2026-01-04
1305,5561140428864,Libero quasi,Cuidado personal e higiene,Cuid-1,Cuid-3-1,135,46000.0,,KG,True,2025-10-12
1306,0505376660815,Eos mollitia,Alimentos y bebidas,Alim-1,Alim-1-2,725,37000.0,2.44,UN,True,2025-09-16
1307,1260030835662,Asperiores officiis,Bebes y maternidad,Bebe-3,Bebe-1-1,330,155700.0,1.17,KG,True,2026-01-26
1308,9106271531234,Dolore distinctio,Ropa y calzado basico,Ropa-2,Ropa-1-1,6,23700.0,19.73,UN,True,2025-10-23
1309,4550688269177,Ratione provident,Ropa y calzado basico,Ropa-3,Ropa-1-1,575,206100.0,3.62,LT,True,2025-11-02
1310,7682938440139,Id repellendus,Cuidado personal e higiene,Cuid-2,Cuid-2-1,118,202100.0,6.74,UN,True,2025-09-24
1311,4808735437889,Repellat eligendi,Electronica y tecnologia,Elec-2,Elec-1-2,291,21900.0,10.12,UN,True,2025-12-04
1312,2603359101572,Repellendus distinctio,Alimentos y bebidas,Alim-2,Alim-2-1,402,222300.0,7.52,UN,True,2025-12-26
1313,0908599144924,Quibusdam tempora,Ropa y calzado basico,Ropa-2,Ropa-1-2,597,239900.0,1.99,UN,True,2026-03-03
1314,0749269996999,Ratione nemo,Electronica y tecnologia,Elec-1,Elec-1-1,336,12800.0,3.98,UN,True,2025-12-11
1315,6489971842859,Molestias quae,Cuidado personal e higiene,Cuid-1,Cuid-2-2,687,237700.0,9.89,UN,True,2025-11-17
1316,9693259140842,Repellendus quia,Ropa y calzado basico,Ropa-2,Ropa-2-2,386,71300.0,8.8,LT,True,2026-02-09
1317,9932312342664,Accusantium consequuntur,Electronica y tecnologia,Elec-2,Elec-2-1,273,166900.0,15.97,KG,True,2025-10-31
1318,9806908726179,Aliquam natus,Hogar y limpieza,Hoga-2,Hoga-3-2,270,45400.0,6.27,UN,False,2025-09-06
1319,6072348389356,Suscipit veritatis,Cuidado personal e higiene,Cuid-2,Cuid-3-1,641,204700.0,18.81,KG,True,2025-09-10
1320,9538280405617,Laboriosam ducimus,Alimentos y bebidas,Alim-1,Alim-2-2,532,210800.0,5.69,UN,True,2026-02-19
1321,2996508269583,Quia laborum,Bebes y maternidad,Bebe-3,Bebe-1-2,102,244600.0,6.66,UN,True,2026-01-22
1322,2641869656137,Id ipsa,Cuidado personal e higiene,Cuid-2,Cuid-1-1,601,248100.0,18.99,UN,True,2025-10-10
1323,0876123859517,Eius aliquid,Cuidado personal e higiene,Cuid-1,Cuid-3-2,333,20800.0,16.82,UN,False,2025-10-17
1324,4346823948409,Ipsam doloribus,Ropa y calzado basico,Ropa-2,Ropa-3-1,280,165200.0,6.37,LT,True,2026-02-18
1325,0273008696616,Ut error,Cuidado personal e higiene,Cuid-3,Cuid-3-1,79,69700.0,7.94,KG,True,2026-01-09
1326,0168311395007,Nisi corporis,Hogar y limpieza,Hoga-3,Hoga-3-1,799,33100.0,16.85,LT,True,2025-12-09
1327,1680941491502,Facere consequatur,Ropa y calzado basico,Ropa-1,Ropa-1-2,43,38900.0,1.77,UN,True,2025-11-16
1328,7628397620538,Non eveniet,Electronica y tecnologia,Elec-3,Elec-2-1,798,234200.0,5.93,UN,True,2025-11-19
1329,4407779462071,Ullam numquam,Electronica y tecnologia,Elec-2,Elec-3-1,52,171500.0,,KG,True,2026-02-08
1330,2662925081779,Ad officia,Alimentos y bebidas,Alim-2,Alim-3-1,405,14500.0,16.59,UN,True,2025-10-13
1331,6029914068849,Tempore dolorem,Hogar y limpieza,Hoga-2,Hoga-1-1,84,246100.0,11.31,KG,True,2026-02-28
1332,1333731255234,Praesentium facilis,Hogar y limpieza,Hoga-3,Hoga-2-1,395,202300.0,9.82,UN,True,2025-10-21
1333,5617817032114,Voluptatibus deserunt,Electronica y tecnologia,Elec-1,Elec-1-2,669,78700.0,19.24,KG,True,2025-10-21
1334,9206136385276,Aliquam aperiam,Alimentos y bebidas,Alim-1,Alim-3-1,473,118800.0,2.37,KG,True,2025-11-18
1335,7895613371844,Unde tempore,Alimentos y bebidas,Alim-2,Alim-1-1,435,182200.0,15.61,UN,True,2026-02-09
1336,4490295026483,Laudantium asperiores,Ropa y calzado basico,Ropa-1,Ropa-3-1,96,169700.0,2.58,UN,True,2025-09-05
1337,0164403734167,Ducimus totam,Ropa y calzado basico,Ropa-3,Ropa-1-1,758,116800.0,14.67,UN,True,2025-10-04
1338,7812778221029,Sit impedit,Ropa y calzado basico,Ropa-3,Ropa-2-1,301,129100.0,10.88,UN,True,2025-11-18
1339,1798213486290,Ab numquam,Cuidado personal e higiene,Cuid-2,Cuid-2-1,431,12700.0,5.33,KG,True,2025-10-02
1340,8579736383180,Reiciendis sint,Bebes y maternidad,Bebe-3,Bebe-1-2,719,126200.0,10.89,UN,True,2025-11-19
1341,2856053970795,Eum sed,Cuidado personal e higiene,Cuid-1,Cuid-3-2,503,86400.0,17.59,UN,True,2025-11-28
1342,8661770673683,Numquam pariatur,Electronica y tecnologia,Elec-2,Elec-3-1,588,72700.0,9.47,UN,True,2026-01-05
1343,2050682122352,Ratione quam,Alimentos y bebidas,Alim-2,Alim-3-1,148,68900.0,0.18,UN,True,2025-11-07
1344,5216505871464,Blanditiis architecto,Bebes y maternidad,Bebe-1,Bebe-1-2,369,162900.0,1.18,UN,True,2025-12-20
1345,9218219259671,Fuga quaerat,Cuidado personal e higiene,Cuid-1,Cuid-3-2,433,108500.0,12.67,KG,True,2026-03-20
1346,9089843699849,Maxime reprehenderit,Ropa y calzado basico,Ropa-2,Ropa-2-1,141,107600.0,13.57,KG,True,2025-12-05
1347,8022050938692,Consequuntur laudantium,Cuidado personal e higiene,Cuid-2,Cuid-2-1,309,41500.0,8.07,LT,True,2026-02-11
1348,4842495988113,Saepe alias,Ropa y calzado basico,Ropa-1,Ropa-2-2,666,240500.0,4.89,UN,True,2025-10-28
1349,4578870715233,Magnam fuga,Hogar y limpieza,Hoga-2,Hoga-2-1,746,57500.0,14.33,UN,True,2026-03-01
1350,8676738209743,Dolores impedit,Alimentos y bebidas,Alim-3,Alim-1-1,659,102700.0,6.12,UN,True,2025-12-26
1351,6191779876829,Quos occaecati,Cuidado personal e higiene,Cuid-1,Cuid-2-1,748,49200.0,1.53,UN,True,2025-10-01
1352,9968722589375,Quasi id,Ropa y calzado basico,Ropa-3,Ropa-1-2,799,176400.0,8.22,UN,True,2026-03-04
1353,0858062350409,Tempora aperiam,Cuidado personal e higiene,Cuid-2,Cuid-1-2,159,110200.0,10.81,UN,True,2026-01-24
1354,5669579001242,Inventore corporis,Cuidado personal e higiene,Cuid-2,Cuid-1-2,685,104600.0,19.31,UN,True,2025-11-11
1355,8255442867960,Inventore praesentium,Electronica y tecnologia,Elec-3,Elec-1-1,497,219000.0,11.86,UN,False,2026-01-02
1356,3259423289463,Corporis facilis,Cuidado personal e higiene,Cuid-2,Cuid-3-1,688,190400.0,4.21,UN,True,2026-03-12
1357,3389156241527,Ab vero,Alimentos y bebidas,Alim-3,Alim-2-2,511,130900.0,16.65,UN,True,2025-09-23
1358,8572562926934,Quam quas,Electronica y tecnologia,Elec-1,Elec-1-1,100,118200.0,5.87,KG,True,2025-09-11
1359,3589513818656,Officiis placeat,Ropa y calzado basico,Ropa-1,Ropa-3-1,451,240100.0,19.19,UN,True,2026-02-09
1360,5078468509576,Repellat laudantium,Ropa y calzado basico,Ropa-2,Ropa-3-2,609,239200.0,6.54,KG,True,2025-10-31
1361,4430349189115,Autem iste,Bebes y maternidad,Bebe-1,Bebe-3-2,100,176800.0,18.19,UN,True,2026-02-21
1362,7972038593409,Voluptatem natus,Alimentos y bebidas,Alim-1,Alim-3-1,404,190500.0,17.59,UN,True,2026-02-05
1363,1536415471559,Similique repudiandae,Hogar y limpieza,Hoga-2,Hoga-3-1,524,225000.0,17.29,UN,True,2026-03-05
1364,3132593678131,Dolorem deleniti,Cuidado personal e higiene,Cuid-3,Cuid-2-1,372,241100.0,0.84,UN,True,2026-02-02
1365,6750094214107,Rerum cum,Bebes y maternidad,Bebe-1,Bebe-3-2,640,22400.0,17.0,UN,True,2026-03-10
1366,5276981987806,Tenetur eligendi,Electronica y tecnologia,Elec-3,Elec-3-1,102,249300.0,14.44,KG,True,2026-01-05
1367,9270452388853,Odit suscipit,Alimentos y bebidas,Alim-2,Alim-1-2,277,176300.0,6.72,KG,True,2025-09-25
1368,6225866059861,Reprehenderit aliquid,Ropa y calzado basico,Ropa-1,Ropa-3-2,762,149000.0,9.83,UN,True,2025-10-15
1369,7874422758541,Sunt at,Alimentos y bebidas,Alim-1,Alim-3-1,412,104500.0,12.82,UN,True,2026-02-27
1370,8596559428249,Nam quod,Cuidado personal e higiene,Cuid-3,Cuid-3-2,145,85400.0,18.87,UN,True,2025-11-01
1371,9116502000248,Qui id,Ropa y calzado basico,Ropa-1,Ropa-3-1,94,201400.0,15.61,LT,True,2026-03-12
1372,5393132155133,Veniam accusantium,Electronica y tecnologia,Elec-2,Elec-2-1,475,164300.0,8.6,UN,True,2026-02-25
1373,0557083682147,Inventore voluptatem,Ropa y calzado basico,Ropa-3,Ropa-2-2,745,51800.0,12.93,UN,True,2026-01-20
1374,4488966997279,Perferendis necessitatibus,Electronica y tecnologia,Elec-2,Elec-2-2,40,153300.0,3.76,UN,False,2025-10-01
1375,3677462025826,Voluptas ex,Bebes y maternidad,Bebe-1,Bebe-3-2,88,37000.0,,KG,True,2025-10-10
1376,5431832812311,Eum accusamus,Electronica y tecnologia,Elec-1,Elec-3-2,301,125200.0,15.84,UN,True,2026-01-30
1377,2392049106019,Soluta voluptate,Alimentos y bebidas,Alim-3,Alim-3-1,167,146700.0,12.15,UN,True,2025-11-23
1378,8364723875089,Repellendus ipsa,Alimentos y bebidas,Alim-2,Alim-3-2,97,159600.0,15.68,UN,False,2025-11-23
1379,2768172257759,Optio temporibus,Ropa y calzado basico,Ropa-1,Ropa-3-2,239,38000.0,10.22,KG,True,2025-09-22
1380,4584726290526,Saepe consequuntur,Alimentos y bebidas,Alim-1,Alim-1-2,515,25700.0,7.63,UN,True,2025-12-04
1381,9187683160823,Inventore corporis,Hogar y limpieza,Hoga-2,Hoga-3-1,661,66200.0,14.86,LT,True,2025-09-04
1382,7172173373991,Ipsam ullam,Alimentos y bebidas,Alim-1,Alim-1-2,246,152500.0,1.92,KG,True,2025-10-02
1383,2052229993623,Repellat ea,Cuidado personal e higiene,Cuid-2,Cuid-2-2,561,233100.0,19.57,UN,True,2026-03-07
1384,1659143882326,Provident incidunt,Electronica y tecnologia,Elec-1,Elec-1-2,659,195200.0,18.97,LT,True,2026-02-01
1385,5539835844619,Deserunt omnis,Cuidado personal e higiene,Cuid-3,Cuid-2-2,6,186900.0,17.61,KG,True,2026-03-17
1386,7773264309549,Modi porro,Hogar y limpieza,Hoga-2,Hoga-2-1,683,83900.0,17.69,UN,True,2026-03-05
1387,4979127997028,Odit hic,Bebes y maternidad,Bebe-3,Bebe-1-2,147,29700.0,10.25,KG,True,2026-03-06
1388,9271205397870,Corporis non,Alimentos y bebidas,Alim-1,Alim-2-1,549,223200.0,9.98,UN,True,2025-11-24
1389,1375298832206,Labore excepturi,Alimentos y bebidas,Alim-2,Alim-3-2,601,126200.0,16.41,UN,True,2025-10-24
1390,1256083200489,Numquam hic,Cuidado personal e higiene,Cuid-1,Cuid-1-2,677,26900.0,5.7,UN,True,2026-01-19
1391,7978889753580,Nemo minus,Ropa y calzado basico,Ropa-2,Ropa-3-1,324,134700.0,17.01,KG,True,2026-01-06
1392,5238600304432,Nulla quos,Hogar y limpieza,Hoga-3,Hoga-1-1,528,169500.0,4.06,LT,True,2025-11-29
1393,6199517152396,Laboriosam nihil,Electronica y tecnologia,Elec-1,Elec-1-1,21,81300.0,17.59,UN,True,2025-12-12
1394,1029295014379,Enim vitae,Alimentos y bebidas,Alim-3,Alim-1-2,358,4300.0,10.84,UN,True,2025-10-14
1395,4830930967137,Numquam consequuntur,Ropa y calzado basico,Ropa-2,Ropa-2-1,772,156200.0,16.87,UN,True,2025-12-12
1396,9719126022131,Minus impedit,Alimentos y bebidas,Alim-3,Alim-3-1,127,11900.0,9.89,KG,True,2026-03-15
1397,2176720191118,Ex nam,Ropa y calzado basico,Ropa-1,Ropa-2-2,121,109300.0,12.19,UN,True,2025-11-28
1398,6612201907251,Atque ullam,Alimentos y bebidas,Alim-3,Alim-3-1,561,206500.0,18.54,UN,True,2025-12-16
1399,8733930493667,Voluptatibus cum,Bebes y maternidad,Bebe-2,Bebe-2-2,409,249700.0,8.39,UN,True,2026-03-11
1400,5380274812420,Consequatur necessitatibus,Cuidado personal e higiene,Cuid-1,Cuid-3-1,364,93800.0,4.44,UN,True,2026-02-21
1401,1140868250953,Quas maxime,Cuidado personal e higiene,Cuid-1,Cuid-3-1,199,7000.0,1.87,UN,True,2026-02-09
1402,2294620935561,Repudiandae minima,Hogar y limpieza,Hoga-3,Hoga-2-1,138,124200.0,11.82,UN,True,2025-09-05
1403,1039952970139,Deserunt ipsa,Alimentos y bebidas,Alim-3,Alim-1-1,590,70500.0,12.24,UN,True,2026-02-20
1404,7124365858564,Aut possimus,Alimentos y bebidas,Alim-1,Alim-1-2,287,223400.0,12.43,KG,True,2025-09-19
1405,4230412027067,Cumque non,Electronica y tecnologia,Elec-2,Elec-2-1,622,178500.0,0.79,UN,False,2025-09-10
1406,1592738740291,Quasi possimus,Cuidado personal e higiene,Cuid-3,Cuid-2-2,355,102300.0,0.6,UN,True,2025-11-13
1407,9071669063225,Incidunt porro,Hogar y limpieza,Hoga-2,Hoga-1-1,318,191000.0,17.91,KG,True,2025-11-25
1408,4815542034033,Quo dolorem,Ropa y calzado basico,Ropa-1,Ropa-3-1,185,86600.0,13.93,UN,True,2025-09-28
1409,0109567975643,Ipsam nemo,Alimentos y bebidas,Alim-2,Alim-3-2,527,131400.0,2.31,KG,True,2026-01-01
1410,9157955462344,Tempore expedita,Hogar y limpieza,Hoga-2,Hoga-1-1,228,230900.0,1.54,KG,True,2026-03-07
1411,7124760108011,Fugit enim,Cuidado personal e higiene,Cuid-1,Cuid-1-2,728,51600.0,3.28,UN,True,2026-01-13
1412,8103068317645,Doloribus itaque,Hogar y limpieza,Hoga-3,Hoga-1-2,327,79600.0,16.15,UN,True,2026-03-15
1413,1726808081575,Commodi accusamus,Cuidado personal e higiene,Cuid-1,Cuid-2-2,652,221600.0,14.48,UN,True,2026-03-01
1414,1290150713809,Cupiditate beatae,Alimentos y bebidas,Alim-3,Alim-3-1,376,116500.0,12.79,UN,True,2026-02-14
1415,6713073510454,Alias doloremque,Alimentos y bebidas,Alim-3,Alim-2-1,332,80800.0,12.83,UN,True,2025-10-07
1416,8474362130095,Unde quos,Bebes y maternidad,Bebe-3,Bebe-1-2,363,11300.0,17.18,UN,True,2026-01-09
1417,6258857669473,Quasi eligendi,Alimentos y bebidas,Alim-3,Alim-2-1,354,105900.0,6.7,UN,True,2025-09-22
1418,0318053396279,Voluptate cumque,Ropa y calzado basico,Ropa-1,Ropa-1-2,384,126100.0,6.48,UN,True,2026-02-05
1419,4666215918323,Fugiat rem,Bebes y maternidad,Bebe-1,Bebe-2-1,710,102800.0,8.54,UN,True,2026-03-01
1420,7000466614592,Vel atque,Hogar y limpieza,Hoga-3,Hoga-2-1,563,70800.0,,UN,True,2025-09-27
1421,0110797714001,Fugit autem,Cuidado personal e higiene,Cuid-3,Cuid-2-2,28,93500.0,11.12,UN,True,2025-12-14
1422,4938819490537,Asperiores blanditiis,Ropa y calzado basico,Ropa-3,Ropa-2-1,47,161300.0,10.96,UN,True,2025-09-29
1423,1520499809490,Commodi delectus,Bebes y maternidad,Bebe-2,Bebe-3-1,19,223000.0,16.2,KG,True,2025-12-20
1424,7698731379712,Aperiam beatae,Alimentos y bebidas,Alim-2,Alim-1-1,553,163100.0,3.6,LT,True,2025-12-03
1425,6698416612371,Tenetur odit,Bebes y maternidad,Bebe-1,Bebe-3-1,165,162200.0,8.14,KG,True,2026-03-01
1426,4077943325626,Inventore omnis,Bebes y maternidad,Bebe-1,Bebe-1-2,309,204600.0,12.85,UN,True,2025-10-28
1427,3899499197011,Facilis voluptates,Alimentos y bebidas,Alim-2,Alim-1-2,663,43000.0,19.76,UN,False,2026-01-31
1428,4262037087829,Ratione consectetur,Alimentos y bebidas,Alim-1,Alim-3-1,106,76700.0,3.13,UN,True,2026-01-13
1429,1160204181352,Ipsam vitae,Ropa y calzado basico,Ropa-1,Ropa-3-2,123,14500.0,9.07,UN,True,2026-01-28
1430,9989897211700,Pariatur reiciendis,Alimentos y bebidas,Alim-1,Alim-1-1,64,88700.0,18.12,LT,True,2026-03-15
1431,8894801864488,Nostrum consequatur,Electronica y tecnologia,Elec-1,Elec-2-1,229,249700.0,14.52,UN,True,2025-10-11
1432,2217588397851,Repudiandae harum,Alimentos y bebidas,Alim-3,Alim-3-1,72,83700.0,12.29,UN,True,2025-09-06
1433,7082004806751,Delectus eaque,Ropa y calzado basico,Ropa-3,Ropa-3-2,504,215200.0,5.18,UN,True,2026-01-06
1434,7123691496112,Provident aspernatur,Cuidado personal e higiene,Cuid-3,Cuid-2-1,590,23300.0,3.78,LT,True,2025-09-28
1435,2879429688278,Ea atque,Alimentos y bebidas,Alim-1,Alim-1-1,148,116000.0,7.52,UN,True,2025-12-03
1436,6970409531419,Doloribus facere,Alimentos y bebidas,Alim-2,Alim-2-2,420,89200.0,5.14,KG,True,2025-12-17
1437,9615607832742,Iste voluptate,Cuidado personal e higiene,Cuid-3,Cuid-1-2,243,52000.0,16.18,KG,True,2026-01-04
1438,8835651796246,Quidem dolor,Electronica y tecnologia,Elec-2,Elec-1-1,65,94400.0,14.43,LT,True,2025-09-06
1439,0964966834966,Fuga perferendis,Alimentos y bebidas,Alim-2,Alim-2-2,374,163500.0,16.71,UN,True,2025-12-28
1440,0478421702856,Accusamus quaerat,Ropa y calzado basico,Ropa-3,Ropa-3-2,558,123600.0,3.46,LT,True,2026-02-06
1441,1622593648828,Alias praesentium,Electronica y tecnologia,Elec-3,Elec-1-1,183,211400.0,6.23,KG,True,2025-09-09
1442,0893486883904,Aperiam reprehenderit,Cuidado personal e higiene,Cuid-3,Cuid-3-1,631,226400.0,15.38,KG,True,2025-11-21
1443,6246728799169,Ducimus officiis,Bebes y maternidad,Bebe-2,Bebe-3-2,794,121500.0,3.31,LT,True,2025-11-11
1444,0911413193596,Quas temporibus,Electronica y tecnologia,Elec-2,Elec-3-1,46,245500.0,2.95,UN,True,2025-11-11
1445,2361337605237,Magni occaecati,Ropa y calzado basico,Ropa-3,Ropa-1-1,131,19900.0,7.69,KG,True,2025-12-04
1446,0458816502544,Fugiat earum,Cuidado personal e higiene,Cuid-3,Cuid-2-2,232,70500.0,3.77,UN,True,2025-10-02
1447,4724191650344,Nemo voluptate,Ropa y calzado basico,Ropa-2,Ropa-1-2,680,105300.0,1.62,KG,True,2025-12-13
1448,4096617718243,Illo dolorem,Electronica y tecnologia,Elec-2,Elec-1-2,114,146500.0,6.29,KG,True,2025-09-19
1449,9898088067821,Iure harum,Bebes y maternidad,Bebe-2,Bebe-1-2,377,137400.0,17.52,KG,True,2025-09-23
1450,1417468135929,Dolorum veritatis,Hogar y limpieza,Hoga-1,Hoga-1-2,430,142900.0,1.18,UN,True,2025-12-20
1451,6648698939697,Ipsa veritatis,Ropa y calzado basico,Ropa-2,Ropa-1-1,104,224300.0,11.34,KG,True,2026-03-02
1452,8748694155942,Officiis assumenda,Hogar y limpieza,Hoga-2,Hoga-1-1,34,70800.0,11.28,KG,True,2026-01-23
1453,5011929207536,Doloribus molestiae,Alimentos y bebidas,Alim-3,Alim-3-1,95,204600.0,10.64,UN,True,2025-11-09
1454,6051171603983,Soluta corrupti,Alimentos y bebidas,Alim-2,Alim-3-2,45,140400.0,10.13,UN,True,2025-11-12
1455,8636536218941,Suscipit ipsum,Bebes y maternidad,Bebe-1,Bebe-2-1,401,123600.0,0.39,KG,True,2025-12-10
1456,5590670009946,Ut illum,Ropa y calzado basico,Ropa-3,Ropa-3-2,750,76300.0,1.0,KG,True,2025-09-10
1457,2489420466487,Natus necessitatibus,Hogar y limpieza,Hoga-2,Hoga-1-2,283,77400.0,10.25,UN,True,2026-01-14
1458,9667605642045,Nostrum sequi,Ropa y calzado basico,Ropa-1,Ropa-2-1,206,98300.0,19.37,UN,True,2025-09-30
1459,5657758097452,Sunt delectus,Alimentos y bebidas,Alim-3,Alim-3-2,188,191400.0,8.19,UN,True,2026-01-25
1460,3389062354663,A perspiciatis,Alimentos y bebidas,Alim-2,Alim-2-2,786,120200.0,9.47,UN,True,2025-11-17
1461,2265401659952,Voluptatem doloribus,Electronica y tecnologia,Elec-2,Elec-1-2,768,40200.0,19.64,UN,True,2025-11-18
1462,3006221224277,Rem officia,Electronica y tecnologia,Elec-3,Elec-2-1,519,190400.0,15.59,UN,True,2025-12-01
1463,6774625916018,Distinctio delectus,Bebes y maternidad,Bebe-3,Bebe-2-1,371,166500.0,,KG,True,2025-09-29
1464,1241158488602,Ex voluptates,Ropa y calzado basico,Ropa-2,Ropa-2-2,128,237400.0,10.12,LT,True,2025-10-21
1465,0801798677821,Cum quasi,Cuidado personal e higiene,Cuid-2,Cuid-2-2,744,133300.0,17.96,UN,True,2025-10-15
1466,3129957047269,Tenetur nulla,Ropa y calzado basico,Ropa-3,Ropa-2-2,2,164300.0,11.64,LT,True,2026-02-20
1467,4261212038434,Alias quaerat,Hogar y limpieza,Hoga-1,Hoga-1-2,132,120900.0,13.15,UN,False,2025-10-07
1468,7536596807851,Neque voluptate,Ropa y calzado basico,Ropa-3,Ropa-2-2,543,170800.0,15.76,UN,True,2025-09-29
1469,2548242183856,Excepturi eos,Cuidado personal e higiene,Cuid-2,Cuid-1-1,147,110200.0,8.16,KG,True,2025-10-22
1470,4540064454754,Incidunt harum,Alimentos y bebidas,Alim-3,Alim-3-2,87,36200.0,19.07,UN,True,2025-11-27
1471,2311232748973,Laudantium eveniet,Alimentos y bebidas,Alim-2,Alim-3-1,477,246700.0,19.76,UN,True,2026-01-02
1472,9177633427205,Reprehenderit nulla,Bebes y maternidad,Bebe-3,Bebe-2-2,21,180700.0,11.76,LT,True,2025-11-27
1473,3886217508013,Magni aperiam,Alimentos y bebidas,Alim-1,Alim-3-1,216,152900.0,,UN,True,2025-12-20
1474,9630453069357,Quo doloribus,Bebes y maternidad,Bebe-3,Bebe-1-1,515,121400.0,15.51,UN,True,2025-12-16
1475,8824935340015,Reiciendis ullam,Ropa y calzado basico,Ropa-1,Ropa-2-2,148,178400.0,6.48,UN,True,2025-10-07
1476,8167784816523,Adipisci voluptas,Alimentos y bebidas,Alim-2,Alim-2-2,608,33400.0,11.56,UN,True,2025-09-05
1477,4445446083853,Eligendi quam,Bebes y maternidad,Bebe-1,Bebe-2-1,76,82900.0,1.78,UN,False,2026-01-18
1478,1799378105392,Iste molestias,Alimentos y bebidas,Alim-3,Alim-3-2,491,32900.0,16.16,UN,True,2026-03-11
1479,1287884869995,Voluptates saepe,Alimentos y bebidas,Alim-3,Alim-3-2,62,33300.0,19.18,UN,True,2025-09-16
1480,6988290457923,Provident aperiam,Electronica y tecnologia,Elec-1,Elec-2-2,586,7300.0,1.93,UN,True,2026-03-06
1481,7147246301980,Deserunt quos,Cuidado personal e higiene,Cuid-3,Cuid-2-2,603,189500.0,14.65,UN,True,2026-03-04
1482,6424238397284,Incidunt hic,Cuidado personal e higiene,Cuid-1,Cuid-2-2,636,58400.0,17.22,LT,True,2026-02-08
1483,3391218706295,A dolor,Cuidado personal e higiene,Cuid-2,Cuid-1-1,226,208300.0,2.23,UN,False,2025-12-26
1484,3288098322106,Odio quas,Electronica y tecnologia,Elec-1,Elec-1-2,190,226300.0,4.97,KG,True,2025-11-10
1485,1023200186762,Eligendi nihil,Alimentos y bebidas,Alim-1,Alim-3-2,783,43800.0,7.87,LT,True,2025-12-31
1486,6100898761084,Voluptate delectus,Cuidado personal e higiene,Cuid-1,Cuid-3-1,584,177800.0,16.74,UN,True,2025-09-06
1487,1435614038450,Unde minus,Electronica y tecnologia,Elec-2,Elec-3-2,147,116200.0,9.89,UN,True,2025-10-31
1488,3198074682356,Quod harum,Hogar y limpieza,Hoga-2,Hoga-1-2,24,229900.0,2.78,UN,True,2025-11-21
1489,4695100307621,Sit impedit,Ropa y calzado basico,Ropa-3,Ropa-1-2,284,122100.0,5.16,LT,True,2025-12-15
1490,0545967150066,Corrupti vitae,Cuidado personal e higiene,Cuid-1,Cuid-2-1,533,96000.0,9.37,UN,True,2025-10-28
1491,6664110654115,Veritatis impedit,Electronica y tecnologia,Elec-3,Elec-3-2,300,75100.0,0.83,UN,True,2025-11-28
1492,3407851699495,Officia sapiente,Ropa y calzado basico,Ropa-1,Ropa-1-1,647,226100.0,12.64,UN,False,2026-01-27
1493,7089058366835,Aspernatur fuga,Hogar y limpieza,Hoga-1,Hoga-1-1,401,58100.0,0.56,KG,True,2026-03-13
1494,4826899962696,Illo odit,Cuidado personal e higiene,Cuid-1,Cuid-1-1,794,207300.0,15.63,UN,True,2026-02-15
1495,7083868889171,Itaque beatae,Electronica y tecnologia,Elec-1,Elec-3-2,697,50200.0,14.69,UN,True,2025-09-19
1496,8791505962574,Laborum ex,Electronica y tecnologia,Elec-2,Elec-3-1,377,161600.0,17.32,UN,True,2025-12-30
1497,1976093201268,Porro tempora,Alimentos y bebidas,Alim-3,Alim-3-2,668,113900.0,3.2,LT,True,2025-12-04
1498,5789826041804,Sequi doloremque,Electronica y tecnologia,Elec-3,Elec-1-2,359,27900.0,12.07,UN,True,2025-12-17
1499,9521755851774,Natus tempore,Alimentos y bebidas,Alim-3,Alim-3-1,8,33200.0,,UN,True,2026-02-09
1500,7412746921182,Ad non,Electronica y tecnologia,Elec-2,Elec-2-1,247,71800.0,10.34,KG,True,2025-11-08
1501,8241996264225,Adipisci quis,Bebes y maternidad,Bebe-1,Bebe-1-1,328,192100.0,2.66,UN,True,2025-12-21
1502,2975891704543,Delectus expedita,Electronica y tecnologia,Elec-2,Elec-1-1,782,182800.0,2.02,LT,True,2026-02-28
1503,2185457056829,Vero quas,Ropa y calzado basico,Ropa-3,Ropa-2-1,663,52900.0,12.14,UN,True,2025-12-26
1504,0922570900163,Dignissimos accusamus,Cuidado personal e higiene,Cuid-1,Cuid-1-1,118,120100.0,9.98,UN,False,2025-12-24
1505,3564072324725,Vero ad,Bebes y maternidad,Bebe-1,Bebe-3-2,1,26100.0,18.59,UN,True,2026-03-05
1506,8289540017880,Accusantium vero,Ropa y calzado basico,Ropa-3,Ropa-2-2,424,179600.0,16.69,UN,True,2025-09-09
1507,2247312616859,Tempora doloribus,Bebes y maternidad,Bebe-1,Bebe-2-1,427,198700.0,14.49,KG,False,2025-11-18
1508,0710580119503,Saepe optio,Ropa y calzado basico,Ropa-3,Ropa-3-2,589,223600.0,19.65,UN,True,2025-12-11
1509,9271152610534,Quidem accusamus,Electronica y tecnologia,Elec-3,Elec-2-2,208,221700.0,13.91,UN,True,2025-09-04
1510,7092300716951,Nihil tempore,Electronica y tecnologia,Elec-2,Elec-1-2,650,85800.0,1.89,KG,True,2025-12-07
1511,0074189485439,Perspiciatis quod,Bebes y maternidad,Bebe-2,Bebe-2-1,331,65100.0,,UN,True,2026-03-08
1512,2987698936522,Deserunt sunt,Bebes y maternidad,Bebe-1,Bebe-1-2,268,224400.0,16.33,UN,True,2026-02-08
1513,9447161982737,Fugiat nisi,Hogar y limpieza,Hoga-2,Hoga-2-1,337,38200.0,,UN,True,2025-09-10
1514,4813104502587,Ipsam suscipit,Alimentos y bebidas,Alim-3,Alim-3-1,756,16700.0,18.49,LT,True,2026-02-26
1515,9632174357485,Ipsam eligendi,Alimentos y bebidas,Alim-3,Alim-2-2,314,79900.0,,UN,True,2026-02-10
1516,3526806486062,Ab similique,Cuidado personal e higiene,Cuid-2,Cuid-2-1,449,190600.0,,KG,True,2026-02-26
1517,7398344883841,Dignissimos distinctio,Alimentos y bebidas,Alim-3,Alim-1-2,714,174200.0,15.47,KG,True,2025-10-01
1518,2536462805504,Ducimus dolores,Cuidado personal e higiene,Cuid-3,Cuid-2-1,15,246800.0,16.96,UN,False,2026-03-02
1519,7740657955157,Cumque debitis,Alimentos y bebidas,Alim-1,Alim-1-2,430,91200.0,17.35,UN,True,2025-09-08
1520,6239209085516,Quam quo,Bebes y maternidad,Bebe-2,Bebe-3-2,567,70400.0,2.03,UN,True,2025-09-10
1521,0740913111782,Corporis natus,Alimentos y bebidas,Alim-2,Alim-2-1,723,95800.0,7.67,UN,True,2025-11-13
1522,6190254760226,Soluta adipisci,Electronica y tecnologia,Elec-2,Elec-3-2,50,196000.0,12.95,LT,False,2026-02-14
1523,0695354120124,Enim ipsum,Hogar y limpieza,Hoga-3,Hoga-2-2,582,55100.0,18.38,UN,True,2026-02-23
1524,2759500260152,Quidem esse,Cuidado personal e higiene,Cuid-3,Cuid-3-2,643,237000.0,4.82,UN,True,2026-01-08
1525,1532594795073,Doloribus distinctio,Ropa y calzado basico,Ropa-2,Ropa-1-1,281,129100.0,12.03,UN,True,2025-09-11
1526,4071732798059,Eum doloremque,Bebes y maternidad,Bebe-1,Bebe-1-2,597,196200.0,2.91,UN,True,2026-02-25
1527,9503100649342,Possimus dicta,Ropa y calzado basico,Ropa-3,Ropa-1-1,395,207200.0,14.96,UN,True,2025-10-26
1528,0391045203601,Et inventore,Bebes y maternidad,Bebe-3,Bebe-1-1,527,120700.0,2.59,KG,True,2026-01-30
1529,8941184913590,Facilis deserunt,Electronica y tecnologia,Elec-3,Elec-3-2,312,185900.0,20.0,KG,True,2025-10-29
1530,9285535952050,Fugiat aut,Ropa y calzado basico,Ropa-2,Ropa-3-1,142,92400.0,1.89,LT,True,2025-12-26
1531,6100679900695,Mollitia aspernatur,Alimentos y bebidas,Alim-1,Alim-2-2,663,203100.0,13.72,UN,True,2025-09-22
1532,6801867740375,Quas error,Bebes y maternidad,Bebe-2,Bebe-2-2,174,206300.0,15.55,UN,True,2026-03-22
1533,8423394495306,Quos qui,Ropa y calzado basico,Ropa-1,Ropa-2-1,151,142400.0,5.2,KG,False,2025-09-22
1534,0677625503256,Temporibus vel,Cuidado personal e higiene,Cuid-2,Cuid-2-2,709,56100.0,5.13,UN,True,2026-03-14
1535,0173654262411,Beatae facere,Hogar y limpieza,Hoga-3,Hoga-3-1,750,242600.0,11.94,UN,True,2026-03-04
1536,7842902923345,Quisquam reprehenderit,Electronica y tecnologia,Elec-1,Elec-2-2,488,236900.0,12.63,UN,True,2025-10-04
1537,5110090605308,Tenetur saepe,Alimentos y bebidas,Alim-3,Alim-3-2,465,155700.0,14.42,KG,True,2026-01-21
1538,8868430211661,Fugit quis,Ropa y calzado basico,Ropa-1,Ropa-1-2,289,246000.0,11.63,UN,True,2025-11-11
1539,7329045759883,Velit doloremque,Cuidado personal e higiene,Cuid-1,Cuid-3-1,490,126700.0,3.53,UN,True,2025-11-05
1540,7592129964262,Velit doloremque,Alimentos y bebidas,Alim-3,Alim-1-1,488,95100.0,18.49,UN,False,2025-11-08
1541,0336202755821,Error vitae,Cuidado personal e higiene,Cuid-1,Cuid-2-1,414,116200.0,3.37,UN,True,2025-10-21
1542,1477092071154,Earum debitis,Bebes y maternidad,Bebe-3,Bebe-3-2,525,13400.0,11.33,UN,True,2026-03-15
1543,2380236219215,Dolorum provident,Cuidado personal e higiene,Cuid-3,Cuid-1-2,444,138200.0,18.4,UN,False,2025-09-12
1544,5818970591610,Incidunt nisi,Electronica y tecnologia,Elec-1,Elec-1-2,704,167200.0,18.26,KG,True,2025-11-13
1545,1863855881953,Nam cumque,Ropa y calzado basico,Ropa-1,Ropa-2-1,535,29200.0,3.4,LT,True,2025-11-14
1546,9772168800532,Sed reprehenderit,Alimentos y bebidas,Alim-1,Alim-2-2,309,65400.0,4.81,KG,True,2025-11-26
1547,7893186928977,Reiciendis numquam,Ropa y calzado basico,Ropa-1,Ropa-3-1,525,180900.0,12.06,KG,True,2025-11-03
1548,2845401822725,Beatae aperiam,Cuidado personal e higiene,Cuid-3,Cuid-3-1,185,198800.0,6.78,LT,True,2026-01-14
1549,0028394823227,Quaerat voluptatum,Ropa y calzado basico,Ropa-3,Ropa-2-1,172,246500.0,14.63,KG,True,2026-03-06
1550,0414474328117,Consequatur quaerat,Cuidado personal e higiene,Cuid-3,Cuid-3-2,662,64800.0,10.47,UN,True,2026-01-15
1551,6599302020303,Natus eius,Alimentos y bebidas,Alim-3,Alim-2-2,466,210700.0,5.36,KG,True,2025-10-18
1552,4232277521353,Dignissimos culpa,Ropa y calzado basico,Ropa-3,Ropa-3-1,43,44700.0,8.25,UN,True,2026-03-22
1553,3028165064634,Excepturi temporibus,Ropa y calzado basico,Ropa-3,Ropa-1-1,284,34500.0,13.84,UN,True,2025-11-24
1554,0059377756911,Eum occaecati,Bebes y maternidad,Bebe-3,Bebe-2-1,788,182800.0,15.71,UN,True,2025-11-05
1555,9832102916177,Voluptate ipsum,Ropa y calzado basico,Ropa-2,Ropa-1-2,510,112600.0,7.42,UN,True,2026-01-18
1556,4690298310439,Vero dolorum,Hogar y limpieza,Hoga-3,Hoga-1-2,695,198900.0,2.14,KG,True,2026-03-17
1557,8419662291312,Beatae facilis,Cuidado personal e higiene,Cuid-1,Cuid-3-2,439,72100.0,7.1,UN,True,2025-11-07
1558,6708056856674,Laborum ut,Cuidado personal e higiene,Cuid-2,Cuid-1-2,35,54900.0,12.63,UN,True,2025-10-14
1559,0636219865507,Magnam incidunt,Electronica y tecnologia,Elec-3,Elec-2-2,144,138100.0,15.21,UN,True,2026-02-07
1560,4944407663498,Facere occaecati,Hogar y limpieza,Hoga-1,Hoga-3-2,74,30600.0,17.6,KG,True,2025-12-08
1561,3396504962737,Delectus dolor,Hogar y limpieza,Hoga-1,Hoga-1-2,588,71100.0,19.24,KG,True,2026-01-27
1562,2262611424363,Perferendis aliquam,Cuidado personal e higiene,Cuid-1,Cuid-2-2,606,43200.0,10.61,UN,True,2025-12-03
1563,2585421880878,Asperiores fuga,Hogar y limpieza,Hoga-1,Hoga-3-1,366,81400.0,17.61,UN,True,2025-09-11
1564,9919623419964,Quas similique,Cuidado personal e higiene,Cuid-2,Cuid-3-1,580,191800.0,5.28,UN,True,2025-11-15
1565,4338532472504,Vero tempore,Alimentos y bebidas,Alim-3,Alim-1-1,442,31900.0,11.22,LT,True,2026-02-22
1566,5833343031159,Sit possimus,Alimentos y bebidas,Alim-1,Alim-3-1,592,153700.0,10.81,UN,True,2026-03-10
1567,8760545769474,Fuga facere,Electronica y tecnologia,Elec-3,Elec-3-1,539,147000.0,15.39,KG,True,2025-11-15
1568,5769453536591,Doloremque doloribus,Hogar y limpieza,Hoga-3,Hoga-2-1,365,135500.0,15.47,UN,True,2026-01-20
1569,7466986163420,Unde laboriosam,Alimentos y bebidas,Alim-3,Alim-2-2,523,122100.0,5.74,LT,True,2025-09-23
1570,1254508095948,Sint vero,Electronica y tecnologia,Elec-3,Elec-3-2,255,166600.0,17.72,UN,True,2025-10-17
1571,8152692559662,Odio eligendi,Alimentos y bebidas,Alim-1,Alim-3-2,600,213200.0,17.84,KG,True,2026-01-21
1572,4721307423595,Aliquid esse,Alimentos y bebidas,Alim-2,Alim-1-1,731,42200.0,18.97,KG,True,2025-09-12
1573,1426140489335,Porro explicabo,Alimentos y bebidas,Alim-3,Alim-3-2,166,203900.0,9.18,KG,True,2026-01-31
1574,2614543079638,Quam maiores,Hogar y limpieza,Hoga-3,Hoga-3-1,534,17200.0,19.75,KG,True,2026-03-15
1575,7310081785226,Tenetur asperiores,Bebes y maternidad,Bebe-2,Bebe-2-2,89,121600.0,15.71,UN,True,2025-09-18
1576,1158718452358,Qui error,Cuidado personal e higiene,Cuid-3,Cuid-3-1,302,128800.0,13.08,UN,True,2025-12-29
1577,4268744701737,Nulla fugiat,Cuidado personal e higiene,Cuid-3,Cuid-2-1,536,51000.0,8.67,UN,True,2025-11-13
1578,2086523777290,Est dignissimos,Cuidado personal e higiene,Cuid-1,Cuid-3-1,222,24200.0,16.86,UN,True,2026-01-10
1579,6656337014001,Architecto asperiores,Hogar y limpieza,Hoga-3,Hoga-3-2,189,20600.0,15.29,UN,True,2026-03-02
1580,5278105580009,Natus unde,Ropa y calzado basico,Ropa-1,Ropa-1-2,308,11200.0,11.73,UN,False,2025-09-20
1581,2722142573164,Ab tenetur,Cuidado personal e higiene,Cuid-2,Cuid-1-1,92,144300.0,19.94,KG,True,2026-01-15
1582,0943913681723,Quo expedita,Electronica y tecnologia,Elec-1,Elec-2-2,501,40600.0,5.03,UN,True,2025-10-10
1583,0313695528620,A tempore,Bebes y maternidad,Bebe-3,Bebe-3-1,105,202600.0,12.85,UN,True,2025-12-19
1584,0929735259531,Odit placeat,Bebes y maternidad,Bebe-1,Bebe-2-1,267,224900.0,6.46,UN,True,2025-12-01
1585,3222739389929,Exercitationem nostrum,Electronica y tecnologia,Elec-2,Elec-3-1,251,74500.0,9.18,KG,True,2025-12-13
1586,0457353236615,Vel modi,Ropa y calzado basico,Ropa-3,Ropa-2-1,775,42800.0,6.81,UN,True,2026-02-04
1587,8507610870822,Perspiciatis maiores,Bebes y maternidad,Bebe-3,Bebe-1-2,794,103600.0,,LT,False,2026-01-03
1588,6971823601078,Quae magnam,Ropa y calzado basico,Ropa-1,Ropa-3-1,64,220600.0,7.57,UN,True,2025-11-12
1589,1261583882172,Repellendus quas,Cuidado personal e higiene,Cuid-3,Cuid-2-2,126,101200.0,1.18,UN,True,2026-01-12
1590,6484673574220,Numquam placeat,Alimentos y bebidas,Alim-2,Alim-2-1,586,28900.0,0.85,UN,True,2026-01-01
1591,3322280194420,Consectetur ipsum,Alimentos y bebidas,Alim-3,Alim-1-2,239,246200.0,14.51,KG,True,2025-09-17
1592,5892225606298,Omnis eveniet,Bebes y maternidad,Bebe-2,Bebe-1-1,516,125900.0,6.25,KG,True,2026-01-04
1593,5350637311808,Et eveniet,Electronica y tecnologia,Elec-1,Elec-1-2,737,86900.0,0.47,UN,True,2025-11-09
1594,4674130753844,Iusto est,Cuidado personal e higiene,Cuid-1,Cuid-2-2,131,223600.0,1.68,UN,False,2025-10-03
1595,1852013626086,Provident error,Hogar y limpieza,Hoga-1,Hoga-2-1,771,232000.0,,UN,True,2025-12-18
1596,4639756154703,Praesentium repudiandae,Cuidado personal e higiene,Cuid-3,Cuid-1-1,42,125200.0,1.01,UN,True,2025-12-16
1597,5549121516410,Amet ea,Ropa y calzado basico,Ropa-3,Ropa-1-1,184,78100.0,18.93,UN,True,2026-01-28
1598,1955640919696,Expedita quibusdam,Electronica y tecnologia,Elec-2,Elec-1-1,407,121700.0,11.39,KG,True,2025-11-29
1599,3957875207027,Rerum illum,Bebes y maternidad,Bebe-3,Bebe-2-1,705,56400.0,7.91,UN,True,2026-01-30
1600,0426201971213,Veniam aspernatur,Cuidado personal e higiene,Cuid-1,Cuid-3-2,444,120600.0,10.68,KG,True,2025-10-30
1601,2413936967893,Itaque nostrum,Hogar y limpieza,Hoga-3,Hoga-2-1,112,58900.0,2.3,UN,True,2026-01-03
1602,7609873126775,Saepe illum,Alimentos y bebidas,Alim-1,Alim-1-1,200,156300.0,14.05,UN,True,2026-03-15
1603,3192276075985,Veritatis officia,Bebes y maternidad,Bebe-1,Bebe-2-1,610,190500.0,,LT,True,2025-12-30
1604,8978653394314,Modi corporis,Electronica y tecnologia,Elec-3,Elec-3-2,450,242400.0,2.66,UN,True,2026-01-18
1605,9165430895235,Similique dolores,Electronica y tecnologia,Elec-2,Elec-3-1,11,211000.0,3.09,UN,True,2025-11-16
1606,1202191505763,Officiis qui,Hogar y limpieza,Hoga-1,Hoga-3-1,402,23400.0,12.59,UN,True,2026-01-17
1607,4497470002683,Cumque dolor,Cuidado personal e higiene,Cuid-3,Cuid-3-2,326,54500.0,3.08,UN,True,2026-02-17
1608,7644867649793,Veritatis aperiam,Bebes y maternidad,Bebe-1,Bebe-2-1,1,133900.0,2.56,KG,True,2026-02-25
1609,7416365604501,Officiis sequi,Hogar y limpieza,Hoga-3,Hoga-3-1,198,65900.0,13.43,KG,True,2026-03-06
1610,0635537309649,Suscipit natus,Ropa y calzado basico,Ropa-1,Ropa-1-1,749,5600.0,12.39,KG,True,2025-11-04
1611,9692771195293,Dolor hic,Alimentos y bebidas,Alim-1,Alim-3-2,564,189200.0,4.39,LT,True,2026-02-20
1612,6353059702550,Quis amet,Cuidado personal e higiene,Cuid-1,Cuid-3-2,57,90700.0,16.47,UN,True,2025-11-12
1613,1282763643154,Repellat sint,Ropa y calzado basico,Ropa-2,Ropa-3-1,13,18400.0,2.15,UN,True,2026-02-25
1614,9489895965464,Libero dolore,Alimentos y bebidas,Alim-1,Alim-2-1,277,128200.0,6.68,UN,True,2025-09-05
1615,6345443441497,Dolore fuga,Alimentos y bebidas,Alim-1,Alim-3-1,372,244300.0,14.79,UN,True,2026-03-04
1616,1699939344973,Unde deleniti,Ropa y calzado basico,Ropa-3,Ropa-1-1,363,170300.0,12.3,UN,False,2025-10-17
1617,4394640882239,Odit itaque,Cuidado personal e higiene,Cuid-2,Cuid-2-1,558,41400.0,12.02,UN,True,2025-10-14
1618,0958629739880,Nobis cum,Cuidado personal e higiene,Cuid-2,Cuid-2-1,139,129500.0,13.74,LT,True,2025-12-24
1619,9413210972028,Odio exercitationem,Electronica y tecnologia,Elec-1,Elec-2-2,38,225600.0,12.95,UN,True,2025-12-15
1620,1707548534651,Occaecati distinctio,Cuidado personal e higiene,Cuid-1,Cuid-3-1,539,15500.0,17.49,UN,False,2025-10-05
1621,5792203004491,Asperiores beatae,Alimentos y bebidas,Alim-1,Alim-2-2,718,160200.0,11.4,UN,True,2025-12-19
1622,6461293900257,Pariatur voluptate,Alimentos y bebidas,Alim-3,Alim-1-1,135,180900.0,8.06,UN,True,2026-02-11
1623,1213756589630,Adipisci at,Alimentos y bebidas,Alim-1,Alim-1-2,289,176600.0,15.33,UN,True,2025-12-10
1624,5957086199317,Culpa occaecati,Alimentos y bebidas,Alim-1,Alim-2-1,502,39200.0,5.22,UN,True,2025-12-29
1625,4584345663114,Iste tempore,Ropa y calzado basico,Ropa-3,Ropa-3-1,133,227000.0,15.2,UN,True,2026-02-20
1626,3885034236222,Iure iusto,Cuidado personal e higiene,Cuid-2,Cuid-3-2,688,81900.0,5.64,KG,True,2025-10-09
1627,0334742463107,Voluptate mollitia,Alimentos y bebidas,Alim-3,Alim-1-1,181,14800.0,9.63,UN,True,2025-11-08
1628,4379686800850,Odit officia,Alimentos y bebidas,Alim-2,Alim-3-1,427,22600.0,14.8,KG,True,2026-03-01
1629,2946902177410,Impedit perferendis,Hogar y limpieza,Hoga-3,Hoga-3-2,272,115500.0,12.57,KG,False,2025-10-06
1630,7430435023856,Expedita maxime,Bebes y maternidad,Bebe-3,Bebe-1-2,534,11900.0,1.76,KG,True,2025-10-24
1631,0228946652750,Culpa aperiam,Hogar y limpieza,Hoga-2,Hoga-2-2,159,195300.0,8.96,LT,True,2025-10-28
1632,2332829302026,Nihil odit,Alimentos y bebidas,Alim-3,Alim-2-2,79,216700.0,16.25,UN,True,2026-02-15
1633,5691330303340,Incidunt in,Cuidado personal e higiene,Cuid-2,Cuid-2-2,409,5300.0,19.94,UN,True,2025-10-02
1634,6771167507629,Facilis voluptate,Hogar y limpieza,Hoga-3,Hoga-1-2,693,202900.0,9.36,UN,True,2025-11-17
1635,7995530245300,Sed sequi,Cuidado personal e higiene,Cuid-2,Cuid-1-2,507,245300.0,1.76,UN,True,2025-11-23
1636,1239847230342,Quaerat recusandae,Bebes y maternidad,Bebe-3,Bebe-1-1,605,9500.0,7.36,KG,True,2025-09-20
1637,2028471901723,Animi voluptatum,Ropa y calzado basico,Ropa-2,Ropa-1-2,347,181800.0,9.82,UN,False,2025-09-27
1638,2240507648710,Porro cupiditate,Hogar y limpieza,Hoga-2,Hoga-1-2,113,249800.0,1.51,UN,True,2025-11-18
1639,7754619924068,Voluptates natus,Bebes y maternidad,Bebe-2,Bebe-3-1,342,199700.0,17.29,UN,True,2025-09-21
1640,5838727258122,Placeat sunt,Cuidado personal e higiene,Cuid-3,Cuid-2-2,790,127300.0,10.8,KG,True,2026-03-18
1641,2590956684488,Porro quas,Alimentos y bebidas,Alim-3,Alim-2-2,626,221400.0,8.35,UN,True,2025-12-03
1642,2373379121217,Quam asperiores,Bebes y maternidad,Bebe-3,Bebe-2-1,563,177600.0,7.97,UN,True,2025-09-05
1643,1018780358692,Ex ad,Bebes y maternidad,Bebe-3,Bebe-2-1,241,74500.0,0.61,KG,True,2026-01-02
1644,0170740392519,Doloremque illo,Cuidado personal e higiene,Cuid-1,Cuid-1-2,480,57600.0,10.4,KG,True,2026-02-02
1645,9994529517129,Repellat deleniti,Electronica y tecnologia,Elec-3,Elec-1-1,499,129100.0,9.54,UN,True,2026-01-03
1646,2276433872202,Est veniam,Cuidado personal e higiene,Cuid-3,Cuid-1-2,524,94500.0,6.95,UN,True,2025-12-27
1647,5422162654962,Veritatis a,Electronica y tecnologia,Elec-1,Elec-2-2,715,83700.0,13.19,UN,True,2025-09-22
1648,3308334447049,Accusamus ratione,Ropa y calzado basico,Ropa-3,Ropa-2-1,546,46100.0,8.25,UN,True,2026-01-27
1649,8878995047025,Error et,Ropa y calzado basico,Ropa-2,Ropa-2-1,178,211600.0,11.46,LT,True,2026-03-17
1650,0596851953775,Incidunt cumque,Electronica y tecnologia,Elec-1,Elec-2-1,178,176800.0,17.71,KG,False,2025-11-15
1651,4926632956347,Quibusdam perferendis,Ropa y calzado basico,Ropa-1,Ropa-3-1,496,84200.0,7.31,UN,True,2025-09-28
1652,2777522592068,Cumque ipsum,Electronica y tecnologia,Elec-2,Elec-1-2,693,60900.0,7.99,UN,True,2025-10-16
1653,1658129205920,Voluptatibus ipsam,Ropa y calzado basico,Ropa-1,Ropa-2-1,759,33800.0,17.32,LT,True,2026-01-14
1654,2941156302953,Vitae ad,Cuidado personal e higiene,Cuid-3,Cuid-2-1,488,29900.0,7.19,UN,True,2026-01-10
1655,5963637262942,Eius sint,Hogar y limpieza,Hoga-3,Hoga-3-2,424,157100.0,8.82,UN,True,2026-02-28
1656,2066154980856,Sunt earum,Hogar y limpieza,Hoga-3,Hoga-3-2,653,29000.0,16.03,KG,True,2025-11-24
1657,1331380049839,Aspernatur eum,Electronica y tecnologia,Elec-2,Elec-3-1,782,240100.0,11.86,UN,True,2026-02-27
1658,2112212154810,Quaerat accusamus,Alimentos y bebidas,Alim-2,Alim-1-2,23,71200.0,18.68,UN,True,2025-10-29
1659,5826868764015,Eaque maxime,Cuidado personal e higiene,Cuid-3,Cuid-2-1,249,8400.0,9.44,UN,True,2025-12-15
1660,9185488064421,Fugiat enim,Bebes y maternidad,Bebe-3,Bebe-3-2,268,214100.0,9.61,UN,True,2026-01-13
1661,0062987787350,Corporis expedita,Alimentos y bebidas,Alim-1,Alim-2-2,452,93200.0,0.91,UN,True,2025-10-29
1662,8566464196236,Nulla est,Electronica y tecnologia,Elec-2,Elec-3-1,236,87100.0,3.99,KG,True,2025-11-16
1663,4219262213202,Corrupti distinctio,Electronica y tecnologia,Elec-3,Elec-2-2,249,31400.0,10.82,UN,True,2026-02-16
1664,4104294831473,Rem maxime,Hogar y limpieza,Hoga-3,Hoga-2-2,20,165800.0,3.78,UN,True,2025-12-28
1665,8911797269995,Voluptate aliquam,Alimentos y bebidas,Alim-3,Alim-2-1,3,91000.0,9.1,UN,True,2026-01-04
1666,9498128318007,Fugit quod,Alimentos y bebidas,Alim-1,Alim-2-1,360,206100.0,5.7,UN,True,2026-01-06
1667,3666020005325,Quam sunt,Cuidado personal e higiene,Cuid-2,Cuid-3-1,798,158400.0,,UN,True,2026-02-09
1668,8538631050528,Quisquam corrupti,Alimentos y bebidas,Alim-1,Alim-1-1,237,220200.0,9.53,LT,True,2026-03-17
1669,4383805826928,Sint quis,Alimentos y bebidas,Alim-3,Alim-2-2,193,156400.0,12.94,KG,True,2025-11-22
1670,9900768627635,Praesentium voluptates,Alimentos y bebidas,Alim-2,Alim-2-2,212,195300.0,6.8,UN,True,2025-11-13
1671,3283896337611,Maiores recusandae,Cuidado personal e higiene,Cuid-1,Cuid-3-2,779,174700.0,15.54,UN,True,2026-03-05
1672,8518626713683,Recusandae officiis,Bebes y maternidad,Bebe-1,Bebe-2-1,532,116700.0,2.96,LT,True,2025-12-08
1673,4101328233920,Eum deserunt,Electronica y tecnologia,Elec-3,Elec-3-2,523,172800.0,1.87,KG,True,2026-03-08
1674,1883527918756,Voluptate dolorum,Alimentos y bebidas,Alim-3,Alim-3-2,152,166600.0,18.7,KG,True,2026-02-27
1675,0677610659203,Temporibus reprehenderit,Electronica y tecnologia,Elec-3,Elec-2-1,724,3700.0,18.44,UN,True,2026-01-29
1676,8814319279765,Deleniti perspiciatis,Alimentos y bebidas,Alim-3,Alim-3-1,158,175300.0,8.16,UN,True,2026-01-26
1677,1781596983845,Qui amet,Hogar y limpieza,Hoga-3,Hoga-3-2,774,67000.0,8.43,UN,False,2026-03-11
1678,5720266568629,Soluta rerum,Alimentos y bebidas,Alim-3,Alim-1-1,762,136400.0,17.03,UN,True,2025-10-28
1679,9591257349895,Dicta quasi,Alimentos y bebidas,Alim-3,Alim-2-1,455,29600.0,10.63,UN,True,2025-12-03
1680,9255394607422,Ex voluptates,Alimentos y bebidas,Alim-3,Alim-1-1,695,7700.0,2.39,KG,True,2025-12-22
1681,9907472966944,Ut repellat,Hogar y limpieza,Hoga-2,Hoga-2-1,800,5700.0,2.34,UN,True,2025-10-12
1682,1799670808977,Quis nam,Hogar y limpieza,Hoga-3,Hoga-1-1,465,41200.0,2.67,UN,True,2025-12-16
1683,4748599464181,Eos repellat,Hogar y limpieza,Hoga-3,Hoga-3-1,614,6900.0,15.63,KG,True,2026-01-13
1684,3984167347857,Consequatur suscipit,Electronica y tecnologia,Elec-1,Elec-2-1,473,34800.0,12.06,LT,True,2025-12-13
1685,3698816498042,Amet nihil,Ropa y calzado basico,Ropa-3,Ropa-2-1,420,140700.0,,UN,True,2026-01-12
1686,4509286052100,Dolorum aliquam,Ropa y calzado basico,Ropa-2,Ropa-1-1,268,101300.0,3.28,UN,True,2025-09-24
1687,2627066489006,Harum nobis,Electronica y tecnologia,Elec-1,Elec-3-1,524,245200.0,2.51,KG,True,2025-12-11
1688,8248458130883,Officia ratione,Electronica y tecnologia,Elec-1,Elec-2-2,214,202600.0,14.84,LT,False,2026-03-08
1689,9830574883997,Nesciunt eius,Hogar y limpieza,Hoga-1,Hoga-2-2,156,38400.0,17.72,UN,True,2025-10-26
1690,7418563027502,Animi est,Cuidado personal e higiene,Cuid-3,Cuid-1-2,221,105400.0,10.65,UN,True,2025-12-04
1691,0030566199535,Quis at,Hogar y limpieza,Hoga-3,Hoga-1-2,9,108900.0,15.47,UN,True,2026-01-06
1692,0564184937847,Molestias repellendus,Alimentos y bebidas,Alim-1,Alim-2-1,748,91800.0,5.7,KG,True,2026-01-07
1693,6790870187263,Atque rem,Bebes y maternidad,Bebe-2,Bebe-3-2,206,124900.0,11.73,UN,True,2025-10-10
1694,0013651034447,Facere quisquam,Hogar y limpieza,Hoga-2,Hoga-1-1,640,168100.0,8.79,UN,True,2025-09-26
1695,4299067456868,Mollitia perferendis,Ropa y calzado basico,Ropa-2,Ropa-3-2,348,160900.0,1.8,KG,True,2026-02-01
1696,5240622155992,Animi omnis,Bebes y maternidad,Bebe-2,Bebe-1-2,272,90600.0,9.77,KG,True,2025-12-19
1697,6725622219053,Totam modi,Hogar y limpieza,Hoga-3,Hoga-3-1,183,176900.0,16.94,UN,True,2026-03-04
1698,3347047476489,Voluptatem similique,Bebes y maternidad,Bebe-2,Bebe-1-1,657,73800.0,1.08,KG,True,2026-03-21
1699,4559396521386,Quidem nemo,Hogar y limpieza,Hoga-2,Hoga-2-1,412,209200.0,9.57,UN,True,2025-10-07
1700,3507124553124,Facere fugit,Alimentos y bebidas,Alim-2,Alim-2-1,360,241200.0,17.47,UN,True,2025-11-15
1701,9003622117324,Harum repudiandae,Alimentos y bebidas,Alim-2,Alim-1-1,527,75100.0,15.81,UN,True,2026-02-15
1702,7726488395850,At cumque,Alimentos y bebidas,Alim-3,Alim-2-1,643,196600.0,9.89,UN,True,2025-11-01
1703,5852294252512,Quisquam laudantium,Bebes y maternidad,Bebe-2,Bebe-2-2,525,203700.0,,LT,True,2025-10-13
1704,6185759171059,Beatae animi,Hogar y limpieza,Hoga-3,Hoga-2-1,375,123700.0,16.98,UN,True,2025-10-05
1705,0805491477443,Corrupti laboriosam,Cuidado personal e higiene,Cuid-2,Cuid-3-2,716,23800.0,3.11,KG,True,2025-12-13
1706,7353524784172,Fuga velit,Hogar y limpieza,Hoga-3,Hoga-2-1,717,197000.0,5.57,UN,True,2025-11-19
1707,1594973449304,Doloremque nulla,Cuidado personal e higiene,Cuid-3,Cuid-3-2,774,103100.0,2.53,KG,True,2026-03-08
1708,5378803318369,Doloribus iste,Bebes y maternidad,Bebe-3,Bebe-2-1,73,53600.0,9.21,LT,True,2026-03-15
1709,1133892608784,Iusto officia,Bebes y maternidad,Bebe-2,Bebe-1-1,713,157400.0,12.6,LT,True,2025-09-20
1710,8281527873045,Eum accusantium,Alimentos y bebidas,Alim-2,Alim-1-1,155,110400.0,16.55,KG,True,2026-03-03
1711,8625152174656,Corporis quae,Ropa y calzado basico,Ropa-2,Ropa-2-1,497,23700.0,9.25,UN,True,2025-09-21
1712,3537801891560,Aperiam qui,Hogar y limpieza,Hoga-2,Hoga-1-2,527,246000.0,19.42,UN,True,2026-01-25
1713,7344671776295,Possimus deleniti,Alimentos y bebidas,Alim-3,Alim-3-1,165,62700.0,11.94,UN,True,2026-03-14
1714,6914336299943,Labore provident,Bebes y maternidad,Bebe-3,Bebe-3-2,7,128700.0,12.11,UN,True,2025-11-12
1715,6645099990012,Incidunt doloribus,Alimentos y bebidas,Alim-3,Alim-2-1,755,167500.0,,UN,True,2025-10-05
1716,0898573908355,Et ad,Cuidado personal e higiene,Cuid-3,Cuid-2-1,713,30500.0,3.84,UN,True,2025-09-17
1717,2118968442461,Delectus dolorem,Alimentos y bebidas,Alim-3,Alim-2-2,140,185400.0,11.55,UN,True,2025-11-11
1718,4884997957280,Temporibus pariatur,Hogar y limpieza,Hoga-2,Hoga-2-1,482,162800.0,14.43,KG,True,2026-03-13
1719,5759582819023,Ducimus placeat,Electronica y tecnologia,Elec-1,Elec-1-2,122,124500.0,4.13,UN,True,2025-12-04
1720,2179789124882,Voluptas minima,Cuidado personal e higiene,Cuid-2,Cuid-1-2,454,133000.0,9.71,UN,True,2025-11-26
1721,3971705984452,Dolore cum,Alimentos y bebidas,Alim-3,Alim-1-1,255,238800.0,7.16,UN,True,2025-09-05
1722,1436728681129,Vitae laborum,Alimentos y bebidas,Alim-3,Alim-1-1,602,227900.0,8.8,UN,True,2026-01-15
1723,3038856811935,Dolores placeat,Bebes y maternidad,Bebe-2,Bebe-3-1,459,29800.0,4.48,KG,True,2025-10-11
1724,9781459009929,Vel dignissimos,Ropa y calzado basico,Ropa-3,Ropa-1-1,399,93500.0,2.86,UN,True,2026-01-19
1725,1779055286699,Excepturi atque,Bebes y maternidad,Bebe-1,Bebe-1-1,546,130200.0,6.44,KG,True,2026-02-16
1726,3351588070532,Cumque voluptates,Electronica y tecnologia,Elec-2,Elec-3-2,381,230200.0,17.38,UN,True,2026-02-05
1727,2601193910381,Fugiat est,Electronica y tecnologia,Elec-3,Elec-3-1,11,204500.0,16.11,UN,True,2025-12-16
1728,2974255136099,Illo atque,Ropa y calzado basico,Ropa-2,Ropa-2-1,477,97800.0,2.08,KG,True,2026-01-12
1729,0858181045026,Molestiae molestiae,Electronica y tecnologia,Elec-3,Elec-2-2,623,221800.0,1.8,UN,True,2025-11-21
1730,4373615873663,Eveniet quis,Hogar y limpieza,Hoga-2,Hoga-3-1,393,95800.0,9.88,KG,True,2026-01-23
1731,2713589693355,Dolore nesciunt,Cuidado personal e higiene,Cuid-2,Cuid-1-1,141,69300.0,,LT,False,2026-01-18
1732,3900585615477,Officiis nulla,Hogar y limpieza,Hoga-2,Hoga-2-2,7,153300.0,16.48,UN,True,2025-10-11
1733,3156639792551,Maiores reprehenderit,Alimentos y bebidas,Alim-3,Alim-1-2,238,90300.0,9.75,KG,True,2025-11-07
1734,1164369028378,Nulla delectus,Cuidado personal e higiene,Cuid-1,Cuid-2-2,615,156400.0,,UN,True,2026-02-06
1735,7270289666058,Omnis nulla,Ropa y calzado basico,Ropa-1,Ropa-3-1,258,103600.0,2.21,UN,True,2025-11-30
1736,3428164416104,Omnis culpa,Bebes y maternidad,Bebe-2,Bebe-3-1,765,199400.0,19.4,UN,True,2025-10-21
1737,1975358464059,Ullam rem,Alimentos y bebidas,Alim-1,Alim-3-1,266,238700.0,15.35,UN,False,2026-03-21
1738,1038802730428,Quaerat voluptates,Alimentos y bebidas,Alim-2,Alim-3-2,343,69000.0,14.65,LT,True,2026-02-24
1739,7636281444719,Harum nemo,Alimentos y bebidas,Alim-2,Alim-2-1,609,128500.0,18.81,UN,True,2026-02-05
1740,8939530969063,Alias libero,Ropa y calzado basico,Ropa-1,Ropa-3-1,492,181700.0,9.43,KG,True,2025-11-27
1741,7649092288496,Eaque voluptates,Cuidado personal e higiene,Cuid-2,Cuid-2-2,33,41300.0,3.02,UN,True,2025-12-23
1742,8745513587274,Incidunt mollitia,Cuidado personal e higiene,Cuid-2,Cuid-2-1,62,199400.0,9.96,UN,False,2026-03-12
1743,1743068811643,Iure tempore,Alimentos y bebidas,Alim-3,Alim-1-2,158,146600.0,16.31,UN,True,2025-12-18
1744,0343988187388,Nulla illo,Bebes y maternidad,Bebe-1,Bebe-2-2,698,39100.0,17.2,KG,True,2026-02-16
1745,7758333647708,Assumenda sint,Hogar y limpieza,Hoga-3,Hoga-1-2,18,217300.0,9.8,KG,False,2026-02-19
1746,4130909153869,Modi quidem,Ropa y calzado basico,Ropa-2,Ropa-2-1,58,107800.0,14.66,LT,True,2026-02-11
1747,0282625420412,Eveniet facilis,Ropa y calzado basico,Ropa-3,Ropa-1-1,623,45800.0,4.98,UN,True,2026-01-02
1748,2319057720440,Voluptas tenetur,Alimentos y bebidas,Alim-1,Alim-2-1,499,50500.0,4.65,UN,True,2025-11-12
1749,1007941932451,Quibusdam nostrum,Ropa y calzado basico,Ropa-1,Ropa-1-1,787,196800.0,11.75,UN,True,2025-11-10
1750,3810979412240,Sunt saepe,Electronica y tecnologia,Elec-2,Elec-1-2,176,234100.0,8.46,KG,True,2026-02-13
1751,8709872649639,Quae porro,Electronica y tecnologia,Elec-2,Elec-2-1,528,95800.0,3.26,UN,True,2025-11-26
1752,2251742240430,Consequatur nobis,Cuidado personal e higiene,Cuid-2,Cuid-1-2,108,21500.0,15.24,UN,True,2025-10-23
1753,2611890034686,Voluptate illum,Bebes y maternidad,Bebe-1,Bebe-3-2,473,27000.0,10.67,KG,True,2025-10-10
1754,6163070286720,Natus dolore,Bebes y maternidad,Bebe-2,Bebe-2-1,85,164300.0,10.43,UN,True,2026-01-05
1755,0200953662199,Sint debitis,Hogar y limpieza,Hoga-3,Hoga-2-1,727,93900.0,3.83,UN,True,2026-03-14
1756,5368900577950,Recusandae consectetur,Alimentos y bebidas,Alim-3,Alim-1-2,333,107700.0,4.86,LT,True,2025-11-18
1757,0017325900731,Praesentium perferendis,Bebes y maternidad,Bebe-1,Bebe-3-2,204,85600.0,13.87,UN,True,2026-01-12
1758,9713072211380,Earum molestias,Bebes y maternidad,Bebe-2,Bebe-2-2,788,117500.0,17.05,UN,True,2025-11-04
1759,6908716722107,Ad itaque,Electronica y tecnologia,Elec-2,Elec-2-1,54,161600.0,3.59,LT,True,2025-11-22
1760,4546171928171,Excepturi saepe,Electronica y tecnologia,Elec-2,Elec-1-1,640,136200.0,16.26,KG,True,2025-11-24
1761,0744360234421,A quisquam,Cuidado personal e higiene,Cuid-3,Cuid-3-1,408,42700.0,15.77,UN,True,2025-11-14
1762,2521602523943,At blanditiis,Alimentos y bebidas,Alim-2,Alim-3-2,551,123800.0,16.31,KG,True,2026-02-20
1763,1209447726903,Accusantium adipisci,Bebes y maternidad,Bebe-3,Bebe-2-2,209,116200.0,11.66,UN,True,2026-03-04
1764,3265513276176,Aliquid perspiciatis,Hogar y limpieza,Hoga-3,Hoga-1-1,706,137300.0,7.07,KG,True,2025-10-27
1765,9480245598516,Voluptates optio,Cuidado personal e higiene,Cuid-1,Cuid-1-1,361,29400.0,15.43,UN,True,2025-11-15
1766,6021191589123,Quis ex,Ropa y calzado basico,Ropa-3,Ropa-1-2,335,40100.0,9.62,UN,True,2025-09-07
1767,6864986478680,Cum quas,Alimentos y bebidas,Alim-1,Alim-3-2,366,133500.0,4.48,KG,True,2026-02-02
1768,6237600884479,Dolore nemo,Alimentos y bebidas,Alim-2,Alim-3-2,238,70300.0,8.08,UN,True,2026-01-23
1769,4083781919071,Enim perferendis,Cuidado personal e higiene,Cuid-2,Cuid-3-1,256,158000.0,9.18,KG,True,2026-02-18
1770,4992164006980,Tempore explicabo,Hogar y limpieza,Hoga-2,Hoga-3-2,113,94400.0,10.13,KG,True,2025-12-24
1771,3692353484865,Aut repudiandae,Hogar y limpieza,Hoga-2,Hoga-1-1,390,56700.0,17.96,LT,True,2026-03-04
1772,4708213986543,Quis placeat,Cuidado personal e higiene,Cuid-1,Cuid-3-2,380,164800.0,8.25,UN,True,2025-10-02
1773,6220212372052,Veritatis architecto,Hogar y limpieza,Hoga-1,Hoga-1-1,305,99700.0,5.73,UN,False,2025-11-17
1774,5033000088636,Eos ducimus,Hogar y limpieza,Hoga-3,Hoga-2-1,789,41100.0,19.25,UN,True,2025-12-02
1775,4673919008892,Ea ipsum,Electronica y tecnologia,Elec-3,Elec-3-1,91,202600.0,4.88,UN,True,2026-02-04
1776,9114160091691,Aspernatur quam,Electronica y tecnologia,Elec-3,Elec-1-2,729,109100.0,0.27,UN,True,2025-10-17
1777,2327379897900,Commodi soluta,Bebes y maternidad,Bebe-2,Bebe-3-2,694,228900.0,17.0,UN,True,2025-11-08
1778,6085481867469,Eius eveniet,Ropa y calzado basico,Ropa-3,Ropa-3-1,18,50000.0,19.09,UN,True,2025-09-22
1779,3000998433610,Soluta veniam,Cuidado personal e higiene,Cuid-2,Cuid-3-2,562,219300.0,13.66,LT,True,2026-03-11
1780,1371181519858,Distinctio dolorem,Bebes y maternidad,Bebe-1,Bebe-3-1,168,204300.0,8.18,UN,True,2025-12-03
1781,4582942034016,Pariatur facilis,Electronica y tecnologia,Elec-1,Elec-2-2,34,27800.0,10.9,UN,True,2025-09-06
1782,5353466075699,Totam illum,Cuidado personal e higiene,Cuid-1,Cuid-1-2,689,133900.0,16.65,KG,True,2025-10-21
1783,9944946672017,Maxime fuga,Hogar y limpieza,Hoga-2,Hoga-3-2,93,164100.0,17.71,UN,True,2025-12-27
1784,0824028182230,Unde voluptate,Ropa y calzado basico,Ropa-3,Ropa-2-2,240,124900.0,2.1,KG,True,2025-12-11
1785,8794026208589,Laudantium id,Ropa y calzado basico,Ropa-1,Ropa-3-2,78,98800.0,17.37,KG,True,2025-12-14
1786,1745273536427,Id perspiciatis,Hogar y limpieza,Hoga-2,Hoga-1-1,114,236100.0,12.37,KG,True,2025-09-16
1787,3570041291820,Dolorem numquam,Alimentos y bebidas,Alim-1,Alim-1-1,50,175800.0,0.69,UN,True,2026-02-26
1788,8518161255907,Quas possimus,Cuidado personal e higiene,Cuid-2,Cuid-2-1,674,241500.0,2.21,KG,True,2026-02-16
1789,4610079230466,Voluptatum sapiente,Alimentos y bebidas,Alim-2,Alim-3-1,48,211900.0,0.96,LT,False,2025-10-17
1790,6001283827104,Doloribus illum,Ropa y calzado basico,Ropa-1,Ropa-3-2,608,204600.0,18.97,UN,True,2025-11-16
1791,1232961512042,Id nulla,Electronica y tecnologia,Elec-2,Elec-3-1,126,182000.0,8.56,UN,True,2025-09-21
1792,8507665344606,Veritatis vitae,Hogar y limpieza,Hoga-1,Hoga-1-2,732,162200.0,14.33,KG,False,2025-09-29
1793,4227634601915,Officia autem,Ropa y calzado basico,Ropa-3,Ropa-2-2,679,221900.0,0.08,UN,True,2026-02-20
1794,5305734724358,Odit ipsa,Ropa y calzado basico,Ropa-3,Ropa-1-2,504,154100.0,15.87,UN,True,2025-09-26
1795,8617682251273,Alias nemo,Ropa y calzado basico,Ropa-3,Ropa-1-2,663,20700.0,9.67,UN,True,2025-11-13
1796,2670866656222,Mollitia quos,Alimentos y bebidas,Alim-3,Alim-2-1,239,146500.0,,UN,True,2026-03-21
1797,4197687849476,Molestias odio,Electronica y tecnologia,Elec-1,Elec-2-1,627,27500.0,10.44,UN,True,2025-11-07
1798,7129035006184,Reiciendis repellat,Bebes y maternidad,Bebe-3,Bebe-2-2,178,237400.0,15.79,KG,True,2026-01-19
1799,4897422354349,Facilis debitis,Ropa y calzado basico,Ropa-1,Ropa-2-1,492,162400.0,12.61,UN,True,2025-09-25
1800,0466821215649,Ab vero,Cuidado personal e higiene,Cuid-3,Cuid-2-1,736,139800.0,10.43,UN,True,2026-02-25
1801,9525492064411,Minus cumque,Hogar y limpieza,Hoga-3,Hoga-3-1,579,51100.0,18.97,KG,True,2026-03-07
1802,1197388182738,Esse optio,Bebes y maternidad,Bebe-3,Bebe-1-1,216,129900.0,9.94,KG,True,2026-03-05
1803,0634359488211,Nobis sequi,Alimentos y bebidas,Alim-3,Alim-2-2,591,86900.0,17.85,UN,True,2026-01-08
1804,8849680664056,Quibusdam doloremque,Electronica y tecnologia,Elec-3,Elec-3-2,707,169500.0,0.77,UN,True,2026-03-17
1805,1102125434124,Eaque odio,Alimentos y bebidas,Alim-3,Alim-3-1,712,151900.0,13.17,UN,True,2026-01-20
1806,3016049860373,Minus blanditiis,Bebes y maternidad,Bebe-1,Bebe-3-1,592,125800.0,18.24,KG,True,2025-11-18
1807,2186003203193,Ratione delectus,Alimentos y bebidas,Alim-1,Alim-1-1,586,64700.0,17.99,UN,True,2026-03-02
1808,7899901140037,Ipsum sed,Alimentos y bebidas,Alim-3,Alim-2-1,628,132400.0,9.73,LT,True,2025-10-28
1809,4713171978608,Enim aliquam,Cuidado personal e higiene,Cuid-1,Cuid-3-1,590,116500.0,9.47,KG,True,2026-02-19
1810,1625908419472,Quisquam possimus,Cuidado personal e higiene,Cuid-2,Cuid-2-2,107,213100.0,16.22,UN,True,2026-03-09
1811,8550113753581,Quas possimus,Hogar y limpieza,Hoga-1,Hoga-2-1,644,223800.0,6.73,UN,True,2025-12-03
1812,2107288780728,Recusandae aliquam,Cuidado personal e higiene,Cuid-2,Cuid-3-1,144,190300.0,18.75,LT,True,2025-10-20
1813,7903716160880,Sapiente atque,Hogar y limpieza,Hoga-3,Hoga-1-2,446,81300.0,,KG,True,2025-10-05
1814,1972239964776,Dolorum provident,Electronica y tecnologia,Elec-3,Elec-3-1,272,11400.0,1.53,UN,True,2025-12-20
1815,1837530768105,Autem dolorum,Electronica y tecnologia,Elec-2,Elec-3-1,171,231500.0,15.45,UN,True,2026-01-16
1816,2480855780025,Blanditiis dolorem,Bebes y maternidad,Bebe-2,Bebe-1-1,226,248000.0,8.12,UN,True,2025-12-31
1817,4432362216908,Necessitatibus esse,Hogar y limpieza,Hoga-2,Hoga-3-1,68,33500.0,7.15,UN,True,2026-01-12
1818,6968574670675,Ipsam quos,Electronica y tecnologia,Elec-2,Elec-2-2,352,172000.0,6.45,UN,True,2025-09-09
1819,5169139521505,Culpa maiores,Ropa y calzado basico,Ropa-2,Ropa-3-1,336,107400.0,19.61,UN,True,2025-09-13
1820,1642610703354,Nostrum perferendis,Cuidado personal e higiene,Cuid-3,Cuid-3-1,323,38800.0,11.45,LT,True,2025-10-26
1821,0842431983923,Autem aliquid,Ropa y calzado basico,Ropa-1,Ropa-3-1,74,249500.0,19.84,UN,True,2026-03-02
1822,4848130041694,Doloribus molestias,Bebes y maternidad,Bebe-2,Bebe-1-2,486,233400.0,6.9,UN,True,2025-12-13
1823,1053021516752,Dolores dolores,Cuidado personal e higiene,Cuid-2,Cuid-3-2,136,245700.0,8.31,UN,True,2025-11-10
1824,8646339534810,Voluptatum itaque,Cuidado personal e higiene,Cuid-2,Cuid-3-1,685,37700.0,4.27,UN,True,2026-01-15
1825,1050147642785,Corporis sequi,Hogar y limpieza,Hoga-1,Hoga-2-2,20,124000.0,8.64,UN,True,2025-11-28
1826,9615738551284,Eligendi earum,Cuidado personal e higiene,Cuid-1,Cuid-2-1,45,224200.0,1.29,UN,True,2025-10-02
1827,1775123959786,Ipsum nihil,Electronica y tecnologia,Elec-2,Elec-1-2,241,169400.0,0.06,UN,True,2025-12-15
1828,1554260972366,Delectus quae,Bebes y maternidad,Bebe-3,Bebe-3-1,327,109800.0,9.09,UN,True,2026-01-21
1829,0244654677205,Illo illum,Electronica y tecnologia,Elec-3,Elec-1-1,776,130100.0,14.93,UN,True,2026-03-05
1830,5171073087153,Eum placeat,Alimentos y bebidas,Alim-3,Alim-1-2,421,11600.0,8.77,UN,True,2025-11-16
1831,6478370317549,Veniam ducimus,Cuidado personal e higiene,Cuid-3,Cuid-3-2,304,153700.0,10.38,UN,True,2025-10-08
1832,3802741485729,Quis ea,Ropa y calzado basico,Ropa-2,Ropa-3-1,671,215200.0,8.94,UN,True,2026-02-24
1833,6029254686277,Provident facere,Cuidado personal e higiene,Cuid-1,Cuid-3-1,193,2700.0,10.56,UN,True,2025-11-16
1834,2884076642078,Aliquam consequuntur,Electronica y tecnologia,Elec-2,Elec-2-1,718,41700.0,15.52,KG,True,2025-10-05
1835,6327135386767,Doloremque libero,Ropa y calzado basico,Ropa-3,Ropa-1-1,323,130500.0,16.09,UN,True,2025-12-13
1836,2592386879069,Voluptatem delectus,Cuidado personal e higiene,Cuid-2,Cuid-2-1,251,141100.0,16.77,UN,True,2025-09-15
1837,0488693205535,Aspernatur aperiam,Electronica y tecnologia,Elec-3,Elec-1-2,242,87200.0,4.29,UN,True,2026-03-21
1838,4050892739614,Fuga exercitationem,Hogar y limpieza,Hoga-1,Hoga-3-1,8,8900.0,9.18,UN,True,2026-02-06
1839,5976405356705,Ea aperiam,Alimentos y bebidas,Alim-1,Alim-2-2,540,186400.0,16.63,UN,True,2025-11-30
1840,7897755426192,Recusandae atque,Hogar y limpieza,Hoga-1,Hoga-2-1,462,62200.0,18.84,UN,True,2025-12-22
1841,0384227362739,Quis dolore,Hogar y limpieza,Hoga-1,Hoga-1-2,508,161900.0,10.88,UN,True,2025-11-22
1842,2022271117575,Provident totam,Alimentos y bebidas,Alim-2,Alim-2-1,522,140700.0,9.89,KG,True,2025-12-06
1843,6917162042981,Cumque dolor,Bebes y maternidad,Bebe-2,Bebe-3-2,22,108800.0,15.3,UN,True,2026-03-10
1844,5144869830523,Illum perspiciatis,Electronica y tecnologia,Elec-2,Elec-3-1,703,148400.0,19.83,UN,True,2026-01-27
1845,1690392202695,Sit nam,Alimentos y bebidas,Alim-1,Alim-1-1,410,174400.0,8.55,UN,True,2026-01-14
1846,8014264710683,Unde nihil,Bebes y maternidad,Bebe-2,Bebe-1-2,554,143900.0,3.34,LT,True,2026-03-18
1847,0177031637052,Non ut,Bebes y maternidad,Bebe-1,Bebe-2-2,29,140300.0,16.69,UN,True,2025-10-06
1848,0049332672448,Omnis quam,Alimentos y bebidas,Alim-2,Alim-1-2,609,110100.0,,UN,True,2026-03-04
1849,6931729476385,Enim alias,Alimentos y bebidas,Alim-1,Alim-3-1,542,108600.0,2.94,UN,True,2025-10-09
1850,0839065402593,Earum consequatur,Hogar y limpieza,Hoga-1,Hoga-2-2,295,123800.0,6.5,LT,True,2025-10-25
1851,9851939327277,Porro dolores,Electronica y tecnologia,Elec-1,Elec-1-1,749,114100.0,11.09,LT,True,2026-01-10
1852,2812916350494,Saepe fugiat,Ropa y calzado basico,Ropa-1,Ropa-3-2,521,110900.0,14.64,UN,True,2025-10-01
1853,6026676527287,Architecto sint,Hogar y limpieza,Hoga-2,Hoga-2-1,726,54200.0,15.62,UN,True,2025-12-06
1854,4539749950704,Similique esse,Electronica y tecnologia,Elec-2,Elec-1-2,658,181800.0,3.16,KG,True,2025-11-10
1855,8864067560202,Pariatur laudantium,Alimentos y bebidas,Alim-2,Alim-2-1,165,35000.0,4.37,UN,True,2025-09-05
1856,8019290221547,Beatae error,Electronica y tecnologia,Elec-2,Elec-1-2,798,227400.0,14.9,UN,True,2025-10-10
1857,3904489093225,Placeat nesciunt,Bebes y maternidad,Bebe-1,Bebe-2-2,595,157000.0,2.37,UN,False,2025-12-02
1858,5333202351027,Vero quibusdam,Electronica y tecnologia,Elec-1,Elec-3-2,152,14100.0,9.99,UN,True,2025-09-20
1859,5550193545031,Facilis quia,Hogar y limpieza,Hoga-3,Hoga-3-2,635,165400.0,10.94,UN,True,2026-03-10
1860,6988843933324,Culpa incidunt,Cuidado personal e higiene,Cuid-3,Cuid-2-2,344,91700.0,6.82,UN,False,2025-11-28
1861,4362962080596,Ullam corporis,Bebes y maternidad,Bebe-1,Bebe-2-2,692,232600.0,15.94,KG,True,2026-01-31
1862,8312441290752,Saepe modi,Alimentos y bebidas,Alim-1,Alim-1-2,139,234100.0,1.16,UN,True,2025-10-14
1863,9659992012372,Possimus recusandae,Cuidado personal e higiene,Cuid-1,Cuid-2-1,208,211800.0,15.56,UN,True,2025-12-24
1864,6317749542109,Sint consequuntur,Alimentos y bebidas,Alim-1,Alim-1-2,279,142800.0,12.94,UN,True,2025-09-26
1865,6294193759195,Quos illum,Bebes y maternidad,Bebe-1,Bebe-2-2,361,230000.0,10.17,KG,True,2025-10-13
1866,2267131753627,Itaque atque,Hogar y limpieza,Hoga-2,Hoga-1-1,506,163200.0,17.45,UN,True,2026-01-18
1867,6475286461205,Soluta dolor,Bebes y maternidad,Bebe-3,Bebe-3-1,178,219000.0,4.08,UN,True,2025-11-10
1868,9617300992846,A quaerat,Electronica y tecnologia,Elec-3,Elec-3-2,565,41700.0,16.03,UN,True,2026-03-19
1869,5240321153558,Fugit soluta,Electronica y tecnologia,Elec-3,Elec-2-2,20,226200.0,3.8,UN,True,2026-03-22
1870,0514321914309,Nobis laudantium,Electronica y tecnologia,Elec-2,Elec-3-1,265,166100.0,19.81,UN,True,2025-09-30
1871,8779724792547,Expedita quam,Cuidado personal e higiene,Cuid-2,Cuid-1-1,528,77200.0,0.7,UN,True,2026-01-13
1872,2218834581925,Labore consectetur,Electronica y tecnologia,Elec-2,Elec-3-1,212,249500.0,11.09,UN,True,2026-02-07
1873,0487706769330,Reiciendis fuga,Ropa y calzado basico,Ropa-1,Ropa-1-1,346,172300.0,3.4,UN,True,2025-10-29
1874,3299865159023,Animi minima,Bebes y maternidad,Bebe-2,Bebe-1-1,485,227300.0,8.19,KG,True,2026-02-19
1875,5784640858584,Necessitatibus quis,Electronica y tecnologia,Elec-1,Elec-3-2,199,3400.0,3.0,UN,True,2026-01-29
1876,8382567262087,Illum vero,Bebes y maternidad,Bebe-2,Bebe-2-2,772,139000.0,3.92,UN,True,2025-11-07
1877,4672925435517,Laborum tempora,Bebes y maternidad,Bebe-1,Bebe-2-1,678,178700.0,1.27,KG,True,2025-09-22
1878,9628222501825,Repellendus error,Electronica y tecnologia,Elec-3,Elec-2-2,777,5400.0,0.21,LT,True,2025-12-01
1879,5624728639424,Voluptate explicabo,Hogar y limpieza,Hoga-3,Hoga-1-2,397,191100.0,14.4,UN,False,2025-11-17
1880,0122341499296,Asperiores consequuntur,Alimentos y bebidas,Alim-3,Alim-1-2,275,163600.0,9.1,UN,True,2025-12-18
1881,0096627026608,Architecto officiis,Cuidado personal e higiene,Cuid-1,Cuid-2-1,796,70100.0,0.96,UN,True,2025-10-19
1882,4509563217406,Maiores doloribus,Bebes y maternidad,Bebe-1,Bebe-2-1,583,172900.0,18.78,UN,True,2025-11-05
1883,0391019335383,Quo odio,Alimentos y bebidas,Alim-3,Alim-1-2,635,34500.0,13.33,UN,True,2026-03-02
1884,9222471193604,Voluptatum sequi,Hogar y limpieza,Hoga-3,Hoga-2-1,147,206400.0,,UN,True,2026-02-19
1885,0608277056463,Sit pariatur,Ropa y calzado basico,Ropa-2,Ropa-2-1,696,216800.0,8.8,UN,True,2026-01-29
1886,1607626438508,Doloremque deserunt,Cuidado personal e higiene,Cuid-1,Cuid-2-1,423,122400.0,9.81,UN,True,2025-11-13
1887,0953723461767,Labore optio,Bebes y maternidad,Bebe-2,Bebe-3-1,619,127800.0,11.42,UN,True,2025-12-12
1888,2313361094419,Unde voluptatibus,Electronica y tecnologia,Elec-2,Elec-2-2,661,101700.0,17.16,KG,True,2025-11-01
1889,6423165441374,Iste architecto,Alimentos y bebidas,Alim-3,Alim-2-1,85,87600.0,11.82,UN,True,2025-11-24
1890,2776857606341,Debitis doloribus,Cuidado personal e higiene,Cuid-2,Cuid-2-2,80,218500.0,19.58,UN,True,2025-12-16
1891,9429046175519,Labore sint,Ropa y calzado basico,Ropa-1,Ropa-1-1,53,77600.0,14.55,UN,True,2026-02-22
1892,8870179993241,Expedita cumque,Bebes y maternidad,Bebe-3,Bebe-1-2,515,101900.0,19.77,UN,True,2026-02-10
1893,2024837444170,Ut dolore,Bebes y maternidad,Bebe-3,Bebe-1-2,733,76400.0,11.04,KG,True,2025-10-13
1894,2345653869474,Ea pariatur,Bebes y maternidad,Bebe-1,Bebe-3-1,25,164900.0,13.59,KG,True,2026-03-12
1895,9025485362680,Dolores minima,Alimentos y bebidas,Alim-1,Alim-1-2,111,203900.0,14.77,UN,True,2025-09-18
1896,9047238641002,Fugiat illo,Ropa y calzado basico,Ropa-1,Ropa-2-1,389,42800.0,15.11,UN,True,2025-09-13
1897,9538557421647,Veritatis reiciendis,Alimentos y bebidas,Alim-3,Alim-2-1,313,65200.0,0.54,UN,True,2026-02-21
1898,3599009378144,Maiores ipsam,Alimentos y bebidas,Alim-2,Alim-2-1,83,27800.0,2.59,LT,True,2025-10-30
1899,6047614378846,Sunt accusantium,Ropa y calzado basico,Ropa-2,Ropa-3-2,488,41700.0,4.59,UN,True,2026-02-22
1900,4370661875641,Expedita vero,Hogar y limpieza,Hoga-3,Hoga-3-2,725,102900.0,5.47,UN,True,2025-09-17
1901,6726368154189,Accusantium odio,Electronica y tecnologia,Elec-1,Elec-1-1,170,194400.0,18.11,UN,True,2025-10-22
1902,5899002772917,Repellat ipsum,Bebes y maternidad,Bebe-1,Bebe-3-1,3,136300.0,14.47,UN,True,2026-02-16
1903,0845078604350,Quisquam delectus,Alimentos y bebidas,Alim-3,Alim-2-2,181,15200.0,,UN,True,2025-10-13
1904,6605033746983,Iure explicabo,Electronica y tecnologia,Elec-2,Elec-2-2,148,157000.0,8.56,LT,True,2025-12-16
1905,3306773067187,Nobis optio,Bebes y maternidad,Bebe-1,Bebe-3-1,373,199200.0,4.9,UN,True,2026-01-26
1906,2226679419082,Nulla distinctio,Hogar y limpieza,Hoga-3,Hoga-3-1,86,99600.0,16.61,UN,True,2025-11-12
1907,7886538590670,Ex sit,Electronica y tecnologia,Elec-1,Elec-1-2,289,62800.0,18.36,UN,True,2025-10-02
1908,3963428987605,Minus numquam,Hogar y limpieza,Hoga-3,Hoga-3-1,96,191500.0,3.33,UN,True,2026-02-17
1909,5504922170483,Vel placeat,Bebes y maternidad,Bebe-3,Bebe-2-2,542,7900.0,8.36,LT,True,2026-01-06
1910,6186706632012,Quasi eaque,Alimentos y bebidas,Alim-3,Alim-2-2,376,204300.0,19.06,KG,False,2026-03-05
1911,6290739928919,Recusandae accusamus,Bebes y maternidad,Bebe-2,Bebe-1-2,61,201500.0,,LT,True,2026-01-22
1912,9827182653371,Numquam ipsum,Ropa y calzado basico,Ropa-1,Ropa-1-1,35,222200.0,17.37,KG,True,2026-01-30
1913,1708649426944,Beatae nemo,Ropa y calzado basico,Ropa-3,Ropa-2-1,392,24200.0,7.19,UN,True,2026-01-06
1914,2039831354905,Eligendi quisquam,Hogar y limpieza,Hoga-2,Hoga-2-2,474,28700.0,4.23,UN,True,2026-01-16
1915,1459967069213,Ab natus,Electronica y tecnologia,Elec-2,Elec-2-1,140,218400.0,13.84,UN,True,2025-11-28
1916,9587305498240,Nobis ducimus,Hogar y limpieza,Hoga-1,Hoga-3-1,259,119900.0,2.79,UN,True,2026-03-08
1917,3884302178165,Necessitatibus perspiciatis,Cuidado personal e higiene,Cuid-2,Cuid-1-1,486,99300.0,16.81,KG,True,2026-02-14
1918,7806643158909,Soluta in,Bebes y maternidad,Bebe-2,Bebe-3-1,377,144200.0,15.11,UN,True,2025-10-22
1919,1649281503702,Accusantium sequi,Electronica y tecnologia,Elec-1,Elec-3-2,93,16500.0,6.13,UN,True,2026-03-08
1920,1709264070307,Voluptate repellendus,Ropa y calzado basico,Ropa-3,Ropa-3-1,314,161600.0,10.0,UN,True,2025-10-20
1921,8808172628297,Amet officia,Alimentos y bebidas,Alim-1,Alim-3-1,159,236400.0,15.99,UN,True,2026-01-23
1922,6824485007286,Eos omnis,Ropa y calzado basico,Ropa-3,Ropa-3-2,742,169600.0,18.7,UN,True,2026-03-07
1923,8959274116806,Deleniti dolores,Electronica y tecnologia,Elec-3,Elec-1-1,644,117200.0,7.08,UN,True,2025-11-26
1924,6919612766201,Sit culpa,Bebes y maternidad,Bebe-2,Bebe-3-1,250,240300.0,15.81,UN,True,2025-10-10
1925,8082039170260,Praesentium molestias,Alimentos y bebidas,Alim-1,Alim-3-2,189,172800.0,3.93,UN,True,2026-03-22
1926,3444359624581,Harum quibusdam,Electronica y tecnologia,Elec-2,Elec-2-2,108,16100.0,18.08,KG,True,2026-02-09
1927,7012042425362,Accusantium esse,Electronica y tecnologia,Elec-2,Elec-1-2,590,168200.0,13.74,KG,False,2025-12-02
1928,9091237530287,Natus atque,Electronica y tecnologia,Elec-2,Elec-3-1,735,16800.0,3.1,UN,False,2026-03-21
1929,4976039670247,Illo tempora,Alimentos y bebidas,Alim-1,Alim-1-1,219,78200.0,14.81,UN,True,2025-09-27
1930,3652405536485,Vel magnam,Hogar y limpieza,Hoga-2,Hoga-2-1,512,154700.0,,UN,True,2025-12-18
1931,1875403648826,Incidunt explicabo,Cuidado personal e higiene,Cuid-1,Cuid-1-2,189,55500.0,14.86,UN,True,2025-10-10
1932,1597738546621,Alias veritatis,Electronica y tecnologia,Elec-2,Elec-2-1,734,11500.0,6.93,UN,True,2025-10-10
1933,3236066799863,Ducimus saepe,Cuidado personal e higiene,Cuid-2,Cuid-2-2,240,155300.0,14.81,KG,True,2025-11-12
1934,4912594972204,Beatae similique,Hogar y limpieza,Hoga-2,Hoga-2-1,77,72900.0,16.54,KG,True,2025-12-27
1935,4298622699207,Magni modi,Electronica y tecnologia,Elec-3,Elec-3-1,705,134200.0,6.98,UN,False,2025-10-08
1936,6661799623562,Iusto ad,Alimentos y bebidas,Alim-3,Alim-2-2,757,66800.0,4.2,KG,True,2025-12-17
1937,9992998335879,Vel itaque,Ropa y calzado basico,Ropa-3,Ropa-2-2,318,172200.0,,UN,True,2026-02-06
1938,6887779256043,Quasi hic,Ropa y calzado basico,Ropa-3,Ropa-3-1,726,224100.0,12.43,KG,True,2025-10-03
1939,1348208493156,Ratione in,Alimentos y bebidas,Alim-3,Alim-3-1,196,23500.0,9.23,UN,True,2025-09-06
1940,3983912260007,Aut tempore,Alimentos y bebidas,Alim-1,Alim-1-2,217,197000.0,17.6,KG,True,2026-01-31
1941,1440762914303,Fugit rem,Bebes y maternidad,Bebe-1,Bebe-1-1,430,40700.0,2.76,UN,True,2025-11-24
1942,4913410389756,Dolorum debitis,Cuidado personal e higiene,Cuid-2,Cuid-2-1,481,83700.0,16.22,UN,True,2025-10-12
1943,2872099865642,Quidem et,Bebes y maternidad,Bebe-2,Bebe-3-1,309,90600.0,9.84,UN,True,2026-02-26
1944,2240592082352,Itaque natus,Hogar y limpieza,Hoga-3,Hoga-2-1,640,53200.0,0.9,UN,True,2025-11-28
1945,3097669194895,Aliquid voluptatum,Hogar y limpieza,Hoga-1,Hoga-1-1,633,20700.0,19.45,LT,True,2025-09-27
1946,6298056820176,Deleniti deleniti,Cuidado personal e higiene,Cuid-1,Cuid-3-1,97,192600.0,15.57,UN,True,2025-11-04
1947,5307966186959,Rerum eveniet,Electronica y tecnologia,Elec-3,Elec-3-1,793,198800.0,4.33,KG,True,2025-12-28
1948,7240434741251,Magnam at,Alimentos y bebidas,Alim-3,Alim-2-2,128,249200.0,18.48,UN,True,2025-11-01
1949,3137956100779,Beatae ut,Hogar y limpieza,Hoga-1,Hoga-3-1,422,233800.0,18.71,KG,True,2026-03-09
1950,7321750361924,Placeat in,Hogar y limpieza,Hoga-1,Hoga-3-2,339,109800.0,16.02,KG,True,2026-01-07
1951,0259991938735,Quaerat tempora,Alimentos y bebidas,Alim-2,Alim-3-1,362,35100.0,2.59,UN,True,2025-09-18
1952,3703424447488,Necessitatibus eaque,Hogar y limpieza,Hoga-2,Hoga-2-2,103,4700.0,3.77,UN,True,2025-11-12
1953,9047607862359,Nesciunt soluta,Electronica y tecnologia,Elec-1,Elec-2-1,275,133800.0,15.09,UN,True,2025-11-12
1954,1076519170854,Exercitationem quis,Ropa y calzado basico,Ropa-2,Ropa-2-2,25,215400.0,18.28,UN,True,2025-10-03
1955,1732895145632,Aperiam laudantium,Alimentos y bebidas,Alim-3,Alim-2-2,779,68400.0,4.34,UN,True,2025-09-11
1956,4091858055812,Quidem explicabo,Bebes y maternidad,Bebe-3,Bebe-3-1,116,51300.0,9.24,KG,True,2025-09-26
1957,1574496539164,Mollitia aliquid,Bebes y maternidad,Bebe-3,Bebe-2-2,387,110900.0,3.14,KG,True,2026-01-18
1958,0770040930451,Pariatur ab,Ropa y calzado basico,Ropa-2,Ropa-2-2,173,223600.0,9.59,UN,False,2025-10-23
1959,4184039822188,Ut fuga,Bebes y maternidad,Bebe-3,Bebe-1-1,143,114000.0,12.87,LT,True,2025-11-26
1960,0396620385888,Eum labore,Hogar y limpieza,Hoga-1,Hoga-3-2,313,181200.0,0.42,KG,True,2025-10-02
1961,6407880265293,Velit voluptatem,Ropa y calzado basico,Ropa-1,Ropa-2-2,776,116700.0,12.88,UN,True,2026-03-12
1962,5164693335629,Corporis placeat,Ropa y calzado basico,Ropa-1,Ropa-2-2,383,94500.0,12.81,LT,True,2026-03-20
1963,3039744088064,Minima sequi,Electronica y tecnologia,Elec-3,Elec-2-1,769,111300.0,9.13,KG,True,2026-01-20
1964,7089870920192,Earum beatae,Cuidado personal e higiene,Cuid-2,Cuid-1-2,662,192600.0,,UN,True,2025-11-09
1965,9184311326613,Nulla dolorem,Electronica y tecnologia,Elec-1,Elec-3-1,349,189100.0,2.74,LT,True,2026-01-02
1966,1584858052637,Nisi at,Bebes y maternidad,Bebe-3,Bebe-3-2,721,109100.0,1.07,UN,True,2025-11-20
1967,2119604722053,Aliquid quis,Bebes y maternidad,Bebe-1,Bebe-2-2,279,68400.0,9.94,UN,True,2026-03-05
1968,3970774544703,Veniam fuga,Hogar y limpieza,Hoga-2,Hoga-2-1,402,36500.0,10.68,UN,False,2026-01-03
1969,8231714619956,Itaque nam,Cuidado personal e higiene,Cuid-1,Cuid-3-2,545,2300.0,5.37,UN,True,2025-09-29
1970,3946766262351,Eligendi tenetur,Ropa y calzado basico,Ropa-1,Ropa-2-1,472,30100.0,19.23,LT,True,2025-09-23
1971,9605302618406,Autem explicabo,Alimentos y bebidas,Alim-1,Alim-3-1,664,42800.0,,UN,True,2026-02-07
1972,2578703686053,Occaecati vero,Alimentos y bebidas,Alim-1,Alim-1-1,131,173100.0,5.44,UN,True,2026-01-27
1973,0630663605023,Rerum nam,Electronica y tecnologia,Elec-2,Elec-1-1,399,204800.0,16.23,UN,False,2026-01-27
1974,8164098910398,Corporis dolorum,Bebes y maternidad,Bebe-1,Bebe-2-1,532,184800.0,18.46,KG,True,2025-11-09
1975,0912030252093,Nihil iusto,Cuidado personal e higiene,Cuid-1,Cuid-1-1,265,181400.0,10.75,UN,True,2026-01-16
1976,4523759795318,Architecto quia,Hogar y limpieza,Hoga-2,Hoga-2-2,694,248600.0,0.43,UN,True,2025-10-28
1977,9260098602758,Quidem sequi,Cuidado personal e higiene,Cuid-2,Cuid-3-2,242,240700.0,7.14,UN,True,2026-01-09
1978,7454492054899,Sed placeat,Hogar y limpieza,Hoga-2,Hoga-1-1,241,68700.0,4.52,UN,True,2025-11-08
1979,4453811808185,Magni iusto,Alimentos y bebidas,Alim-2,Alim-2-1,262,38000.0,10.24,LT,True,2025-09-28
1980,9655834456625,Quae ipsum,Electronica y tecnologia,Elec-3,Elec-3-1,542,40000.0,13.67,LT,False,2026-02-17
1981,2952179705669,Earum pariatur,Electronica y tecnologia,Elec-3,Elec-3-1,95,224100.0,7.88,UN,True,2026-02-13
1982,0361624860709,Rerum sapiente,Cuidado personal e higiene,Cuid-1,Cuid-2-2,115,27400.0,10.77,KG,True,2026-02-07
1983,4726602351581,Vel perferendis,Cuidado personal e higiene,Cuid-3,Cuid-1-2,623,86400.0,15.21,KG,True,2026-01-09
1984,5015301731671,Quidem quaerat,Ropa y calzado basico,Ropa-2,Ropa-2-2,166,133500.0,4.96,UN,True,2026-01-09
1985,1560587905222,Beatae nobis,Cuidado personal e higiene,Cuid-2,Cuid-2-2,84,154100.0,3.96,UN,True,2026-02-05
1986,4413395479409,Nihil quam,Alimentos y bebidas,Alim-3,Alim-3-1,211,149700.0,16.12,UN,True,2025-12-25
1987,6453157905713,Tempora aperiam,Alimentos y bebidas,Alim-1,Alim-2-2,319,197000.0,,UN,True,2026-02-26
1988,9189866469365,Soluta necessitatibus,Bebes y maternidad,Bebe-2,Bebe-1-2,27,143800.0,3.05,UN,True,2026-02-04
1989,5618335974870,Iure autem,Hogar y limpieza,Hoga-3,Hoga-3-1,668,213100.0,0.3,UN,False,2025-12-21
1990,6805702377184,Corporis repellat,Alimentos y bebidas,Alim-3,Alim-2-2,94,23000.0,11.13,KG,True,2025-12-30
1991,4301922095676,Quo quae,Bebes y maternidad,Bebe-1,Bebe-1-1,324,215000.0,12.02,UN,True,2026-03-14
1992,3332973239642,Quod occaecati,Alimentos y bebidas,Alim-2,Alim-2-1,162,148300.0,10.64,UN,True,2025-12-13
1993,4028253267694,Illo temporibus,Hogar y limpieza,Hoga-1,Hoga-3-2,236,57300.0,8.31,UN,True,2025-09-25
1994,9242773923853,Incidunt voluptatibus,Alimentos y bebidas,Alim-1,Alim-3-1,37,244500.0,10.6,UN,True,2026-02-19
1995,2023209140160,Pariatur earum,Ropa y calzado basico,Ropa-1,Ropa-1-1,759,235100.0,3.92,KG,True,2025-09-04
1996,9332844234718,Ducimus blanditiis,Ropa y calzado basico,Ropa-2,Ropa-3-1,750,211700.0,16.53,KG,True,2025-10-23
1997,9982907551544,Pariatur tempore,Ropa y calzado basico,Ropa-3,Ropa-1-1,102,228100.0,19.62,UN,True,2025-11-08
1998,5260756999132,Odio quaerat,Cuidado personal e higiene,Cuid-2,Cuid-2-2,158,96800.0,10.84,UN,True,2025-09-09
1999,8310064332262,Iste impedit,Cuidado personal e higiene,Cuid-2,Cuid-2-1,708,58500.0,7.52,UN,True,2025-10-17
2000,2277773316807,Ipsum officiis,Bebes y maternidad,Bebe-3,Bebe-1-1,332,47400.0,15.85,UN,False,2025-10-09
2001,6647070385039,Illo perferendis,Ropa y calzado basico,Ropa-2,Ropa-2-1,50,218700.0,3.9,LT,True,2025-12-23
2002,6059529842411,Vero officiis,Alimentos y bebidas,Alim-3,Alim-3-1,109,207000.0,6.45,UN,True,2026-02-27
2003,0740274067582,Adipisci nam,Ropa y calzado basico,Ropa-2,Ropa-1-2,331,245300.0,18.8,KG,True,2025-10-30
2004,2676259062007,Animi quasi,Ropa y calzado basico,Ropa-1,Ropa-3-1,447,212400.0,3.77,UN,True,2025-11-21
2005,3638564614974,Tempore laboriosam,Electronica y tecnologia,Elec-2,Elec-3-1,506,158800.0,2.29,UN,False,2026-01-19
2006,4597931839978,Labore quod,Electronica y tecnologia,Elec-2,Elec-2-1,123,37300.0,10.95,UN,True,2026-01-16
2007,9849149860998,Quae velit,Alimentos y bebidas,Alim-2,Alim-1-2,297,42900.0,11.77,KG,True,2026-03-12
2008,5504932664323,Eaque ipsa,Alimentos y bebidas,Alim-3,Alim-1-1,209,119500.0,11.96,UN,True,2025-12-17
2009,2394612128985,Quis minima,Alimentos y bebidas,Alim-1,Alim-1-2,428,192400.0,3.33,KG,True,2026-02-04
2010,1159485340015,Nesciunt id,Alimentos y bebidas,Alim-2,Alim-2-1,258,45000.0,14.44,KG,True,2026-02-20
2011,2762239847426,Eveniet doloremque,Bebes y maternidad,Bebe-2,Bebe-3-1,164,229000.0,4.88,UN,False,2025-11-27
2012,2567871888222,Omnis voluptatibus,Electronica y tecnologia,Elec-1,Elec-3-1,653,171600.0,18.96,UN,True,2026-02-18
2013,3788705841681,Maiores inventore,Ropa y calzado basico,Ropa-2,Ropa-1-1,456,79500.0,,UN,True,2026-03-20
2014,0613495647997,Blanditiis aut,Cuidado personal e higiene,Cuid-3,Cuid-1-1,380,221700.0,0.4,UN,True,2025-09-27
2015,8460586794960,Iste nobis,Bebes y maternidad,Bebe-2,Bebe-1-1,108,150500.0,11.38,UN,True,2026-02-05
2016,3830972361086,Maiores distinctio,Cuidado personal e higiene,Cuid-1,Cuid-3-1,57,183800.0,4.1,UN,True,2026-01-06
2017,0926166201658,Pariatur odit,Bebes y maternidad,Bebe-1,Bebe-1-2,637,97600.0,12.59,UN,True,2026-02-13
2018,5578645786559,Asperiores blanditiis,Alimentos y bebidas,Alim-2,Alim-1-2,775,99600.0,4.62,UN,True,2025-12-22
2019,5751247640003,Temporibus laborum,Alimentos y bebidas,Alim-3,Alim-2-2,468,5100.0,8.59,UN,True,2025-10-14
2020,6875868240516,Molestiae dolorem,Alimentos y bebidas,Alim-1,Alim-2-2,32,135400.0,3.63,UN,True,2025-11-28
2021,6654512244410,Molestias natus,Ropa y calzado basico,Ropa-1,Ropa-1-2,386,190700.0,8.6,KG,True,2026-01-19
2022,8997402338683,Soluta recusandae,Cuidado personal e higiene,Cuid-3,Cuid-3-2,225,242300.0,2.77,KG,True,2026-03-02
2023,6083570170360,Quidem beatae,Hogar y limpieza,Hoga-1,Hoga-1-1,44,223300.0,6.79,LT,True,2025-09-18
2024,3094423860201,Quis aspernatur,Hogar y limpieza,Hoga-1,Hoga-1-2,114,23600.0,4.02,UN,True,2025-10-11
2025,5089830941344,Maxime debitis,Ropa y calzado basico,Ropa-1,Ropa-1-2,400,245200.0,16.33,UN,True,2025-10-21
2026,9096197979725,Odio repudiandae,Hogar y limpieza,Hoga-3,Hoga-2-1,342,39100.0,14.6,UN,True,2025-12-31
2027,4528413569489,Distinctio alias,Alimentos y bebidas,Alim-2,Alim-3-2,451,12200.0,3.38,KG,True,2025-09-07
2028,0450735674807,Aperiam quos,Hogar y limpieza,Hoga-1,Hoga-2-2,555,187700.0,1.7,UN,False,2026-03-13
2029,9573940598025,Itaque facere,Cuidado personal e higiene,Cuid-1,Cuid-3-2,213,226700.0,0.56,UN,True,2026-01-23
2030,6029442031582,Nam ex,Ropa y calzado basico,Ropa-3,Ropa-1-2,230,237500.0,4.57,UN,True,2026-03-04
2031,9258490734207,Corporis nisi,Ropa y calzado basico,Ropa-3,Ropa-3-2,543,206600.0,,UN,True,2025-09-08
2032,3197774867599,Hic nemo,Alimentos y bebidas,Alim-1,Alim-3-2,158,52800.0,8.03,UN,True,2025-10-28
2033,5141864823086,Animi natus,Ropa y calzado basico,Ropa-1,Ropa-2-2,62,40200.0,,UN,True,2025-12-02
2034,8295868419626,Vitae natus,Alimentos y bebidas,Alim-1,Alim-3-1,683,16600.0,15.86,UN,True,2026-02-05
2035,3326058694273,Tempora ipsa,Electronica y tecnologia,Elec-3,Elec-2-2,167,146300.0,1.61,KG,True,2026-01-11
2036,6748317306623,Recusandae eligendi,Hogar y limpieza,Hoga-1,Hoga-3-2,97,122800.0,,UN,True,2025-11-26
2037,9315181788243,Dolorem excepturi,Cuidado personal e higiene,Cuid-1,Cuid-1-2,591,29100.0,0.58,UN,True,2025-11-03
2038,2655946989063,Placeat iusto,Hogar y limpieza,Hoga-2,Hoga-2-1,426,117300.0,2.81,KG,True,2025-11-09
2039,2327237179896,Iure voluptate,Cuidado personal e higiene,Cuid-2,Cuid-2-1,118,142700.0,10.61,KG,True,2025-11-16
2040,0223790065480,Quidem eos,Ropa y calzado basico,Ropa-2,Ropa-3-2,681,181300.0,1.58,UN,True,2026-01-19
2041,7084779541769,Quam quasi,Bebes y maternidad,Bebe-3,Bebe-3-2,197,104700.0,1.24,UN,True,2026-02-24
2042,7553981889070,Eligendi et,Ropa y calzado basico,Ropa-1,Ropa-2-1,541,81000.0,2.41,UN,True,2025-12-08
2043,3781591579089,Eum ullam,Hogar y limpieza,Hoga-2,Hoga-3-1,521,167100.0,13.4,UN,True,2026-03-03
2044,9458962683846,Commodi fuga,Electronica y tecnologia,Elec-2,Elec-3-1,664,171700.0,0.44,KG,True,2025-11-02
2045,8876380207610,Repellendus expedita,Hogar y limpieza,Hoga-1,Hoga-2-2,584,69100.0,19.39,UN,True,2026-02-22
2046,2396121905187,Totam dolor,Ropa y calzado basico,Ropa-3,Ropa-1-1,563,6900.0,,LT,True,2025-09-04
2047,8129886182074,Magnam illo,Electronica y tecnologia,Elec-2,Elec-1-2,42,236500.0,,UN,False,2026-01-31
2048,0669010792376,Quaerat itaque,Hogar y limpieza,Hoga-2,Hoga-1-2,751,189300.0,9.52,KG,False,2026-03-12
2049,2982689334868,Repellat vitae,Hogar y limpieza,Hoga-3,Hoga-1-2,102,51900.0,10.38,UN,True,2025-10-29
2050,4970350675783,Doloremque provident,Hogar y limpieza,Hoga-1,Hoga-3-1,203,142300.0,8.43,LT,True,2026-01-18
2051,9683355707735,Suscipit doloribus,Electronica y tecnologia,Elec-3,Elec-1-1,357,149500.0,9.75,UN,True,2025-09-18
2052,1231555057051,Accusamus mollitia,Ropa y calzado basico,Ropa-3,Ropa-3-2,231,33200.0,6.83,UN,True,2026-02-21
2053,2187993844403,Nobis nostrum,Hogar y limpieza,Hoga-1,Hoga-2-2,475,49500.0,6.47,UN,True,2025-12-10
2054,4588311414700,Iste eos,Ropa y calzado basico,Ropa-3,Ropa-2-1,43,239300.0,0.59,UN,False,2025-11-27
2055,1235036871563,Facilis praesentium,Ropa y calzado basico,Ropa-3,Ropa-1-2,364,128000.0,13.45,UN,True,2026-03-07
2056,8910977978023,Similique occaecati,Hogar y limpieza,Hoga-2,Hoga-2-2,280,49500.0,12.36,UN,True,2026-03-08
2057,3445684467942,Voluptatem commodi,Bebes y maternidad,Bebe-2,Bebe-2-1,518,199800.0,13.39,UN,False,2025-10-18
2058,0366401632951,Aliquid reiciendis,Cuidado personal e higiene,Cuid-3,Cuid-2-2,416,118700.0,18.82,UN,True,2026-03-14
2059,7378315975720,Adipisci adipisci,Bebes y maternidad,Bebe-1,Bebe-1-1,605,160300.0,9.49,UN,True,2025-10-15
2060,9273186830292,Distinctio quidem,Cuidado personal e higiene,Cuid-1,Cuid-3-1,132,75800.0,17.64,KG,True,2026-02-13
2061,1585423324166,Blanditiis a,Electronica y tecnologia,Elec-2,Elec-1-1,760,16400.0,8.91,UN,True,2026-02-06
2062,5185483966076,Animi adipisci,Cuidado personal e higiene,Cuid-3,Cuid-2-1,314,42900.0,9.58,UN,True,2025-12-13
2063,3446746215952,Enim doloremque,Hogar y limpieza,Hoga-2,Hoga-2-1,280,243300.0,12.68,UN,True,2025-12-31
2064,8417491617051,Nihil natus,Hogar y limpieza,Hoga-1,Hoga-1-1,439,156600.0,4.36,UN,True,2025-11-21
2065,0221816981417,Nemo consectetur,Ropa y calzado basico,Ropa-2,Ropa-3-1,131,208100.0,4.39,KG,True,2025-11-23
2066,3447609483778,Omnis ratione,Alimentos y bebidas,Alim-1,Alim-1-2,652,7300.0,10.22,UN,True,2025-12-16
2067,4029286433025,Accusantium quaerat,Bebes y maternidad,Bebe-3,Bebe-3-2,212,191800.0,1.42,LT,True,2026-02-23
2068,6509962183669,Quaerat necessitatibus,Bebes y maternidad,Bebe-2,Bebe-3-1,742,122300.0,4.77,KG,True,2025-12-09
2069,7719666610258,Facere inventore,Electronica y tecnologia,Elec-2,Elec-2-1,119,167000.0,15.88,KG,False,2025-12-29
2070,6342022234990,Voluptate soluta,Electronica y tecnologia,Elec-2,Elec-1-2,692,90800.0,9.3,UN,False,2026-01-23
2071,8013768367591,Voluptatibus repellendus,Ropa y calzado basico,Ropa-3,Ropa-1-2,316,156000.0,0.58,UN,True,2026-03-07
2072,0177915244611,Atque mollitia,Cuidado personal e higiene,Cuid-3,Cuid-3-2,486,10800.0,1.26,LT,True,2026-02-23
2073,4409233517464,Dicta possimus,Ropa y calzado basico,Ropa-2,Ropa-2-2,699,13300.0,18.39,LT,False,2025-11-16
2074,5642601863728,Voluptate placeat,Cuidado personal e higiene,Cuid-2,Cuid-1-2,104,200100.0,,KG,True,2026-02-23
2075,6319956955925,Neque laborum,Ropa y calzado basico,Ropa-1,Ropa-2-2,278,32900.0,12.84,KG,True,2025-12-01
2076,2776414900387,A dignissimos,Cuidado personal e higiene,Cuid-2,Cuid-1-2,759,5500.0,3.74,LT,True,2025-09-22
2077,5025513444863,Sequi impedit,Ropa y calzado basico,Ropa-2,Ropa-2-1,120,228300.0,7.39,KG,True,2025-09-18
2078,7228839047338,Dolorem libero,Ropa y calzado basico,Ropa-2,Ropa-2-1,83,67900.0,6.14,UN,True,2025-10-15
2079,1454615749325,Assumenda blanditiis,Cuidado personal e higiene,Cuid-3,Cuid-1-2,419,146400.0,15.71,UN,True,2025-11-16
2080,5114978879539,Dolor deleniti,Electronica y tecnologia,Elec-3,Elec-3-1,20,210100.0,10.76,UN,True,2025-11-23
2081,1204095437768,Rem cum,Hogar y limpieza,Hoga-2,Hoga-1-1,794,187000.0,15.6,KG,True,2025-10-09
2082,6183085800186,Magni eligendi,Cuidado personal e higiene,Cuid-2,Cuid-2-1,723,13600.0,7.24,UN,True,2025-10-09
2083,7314391511438,Maxime eligendi,Electronica y tecnologia,Elec-1,Elec-2-1,151,141100.0,17.4,UN,True,2025-09-10
2084,6786210781871,Odit itaque,Bebes y maternidad,Bebe-2,Bebe-3-1,139,136400.0,8.61,LT,True,2026-03-05
2085,1096856425707,Reprehenderit dolore,Alimentos y bebidas,Alim-3,Alim-2-1,623,88800.0,8.38,UN,True,2025-10-25
2086,6802693315423,Perspiciatis aut,Bebes y maternidad,Bebe-3,Bebe-3-2,417,188900.0,9.81,UN,True,2026-01-11
2087,3060023028655,Rerum officiis,Bebes y maternidad,Bebe-3,Bebe-2-1,659,241100.0,11.86,KG,True,2025-12-11
2088,5052241142068,Nam mollitia,Electronica y tecnologia,Elec-2,Elec-3-1,775,38500.0,17.89,UN,True,2025-11-15
2089,6701514599205,Cum minus,Electronica y tecnologia,Elec-3,Elec-1-1,322,38000.0,9.18,UN,True,2025-10-23
2090,1663382222409,Doloremque illo,Hogar y limpieza,Hoga-3,Hoga-3-1,204,184200.0,18.61,UN,True,2025-09-16
2091,0539222056200,Deleniti sequi,Alimentos y bebidas,Alim-2,Alim-1-1,496,114700.0,7.9,LT,True,2025-09-25
2092,1901134843398,Eaque error,Electronica y tecnologia,Elec-1,Elec-3-2,509,199200.0,6.53,UN,True,2026-01-17
2093,1332528613233,Quia alias,Ropa y calzado basico,Ropa-2,Ropa-3-1,346,37000.0,5.94,UN,True,2025-12-03
2094,9456452342860,Culpa velit,Cuidado personal e higiene,Cuid-3,Cuid-2-1,240,11900.0,0.47,UN,False,2026-03-16
2095,4497602498667,Architecto pariatur,Ropa y calzado basico,Ropa-2,Ropa-2-1,210,175100.0,,UN,True,2025-10-03
2096,3420953677345,Vero aperiam,Ropa y calzado basico,Ropa-3,Ropa-2-1,418,248700.0,1.63,UN,True,2026-03-09
2097,9852973561528,Cum nulla,Ropa y calzado basico,Ropa-3,Ropa-1-1,341,25500.0,6.72,UN,True,2025-09-21
2098,6655914762533,Officiis impedit,Hogar y limpieza,Hoga-1,Hoga-3-2,367,216400.0,5.05,KG,True,2026-01-28
2099,8096641475330,Inventore nam,Hogar y limpieza,Hoga-3,Hoga-3-1,77,97600.0,14.9,LT,True,2026-03-15
2100,6952474665350,Adipisci quis,Hogar y limpieza,Hoga-2,Hoga-2-2,705,6200.0,18.66,UN,True,2025-10-04
2101,3896298532432,Est impedit,Bebes y maternidad,Bebe-3,Bebe-1-2,566,128500.0,16.34,UN,False,2025-12-08
2102,6792415712763,Ratione minus,Bebes y maternidad,Bebe-2,Bebe-3-1,736,71200.0,6.43,KG,True,2026-03-07
2103,3835434685861,Fuga repellat,Hogar y limpieza,Hoga-2,Hoga-1-1,664,174000.0,9.14,UN,True,2026-02-11
2104,3906168249794,Cum placeat,Bebes y maternidad,Bebe-1,Bebe-2-1,496,73400.0,4.98,KG,False,2025-10-17
2105,3998161538111,Iste accusamus,Electronica y tecnologia,Elec-1,Elec-1-2,246,121500.0,18.48,UN,True,2025-10-08
2106,6837103073723,Odit quo,Hogar y limpieza,Hoga-2,Hoga-1-1,524,51700.0,2.42,UN,True,2025-11-10
2107,6072014896782,Eligendi consequatur,Alimentos y bebidas,Alim-2,Alim-1-2,454,207400.0,19.04,UN,True,2025-12-05
2108,0826493121462,Delectus enim,Electronica y tecnologia,Elec-2,Elec-2-1,740,231500.0,16.28,UN,True,2025-11-01
2109,3947625429267,Est cum,Electronica y tecnologia,Elec-1,Elec-2-1,186,102000.0,14.25,KG,True,2025-09-21
2110,4563391729944,Ipsum vero,Bebes y maternidad,Bebe-2,Bebe-2-1,21,113300.0,15.49,UN,True,2025-12-12
2111,0369481126648,Et fugit,Ropa y calzado basico,Ropa-1,Ropa-3-2,102,245700.0,6.82,KG,True,2025-11-25
2112,9719670683352,Sapiente praesentium,Alimentos y bebidas,Alim-1,Alim-3-1,141,37200.0,5.95,KG,True,2025-11-04
2113,3910161259018,Minus doloribus,Electronica y tecnologia,Elec-2,Elec-1-2,531,202500.0,7.66,UN,True,2026-02-16
2114,6399490133348,Corporis porro,Ropa y calzado basico,Ropa-2,Ropa-1-1,118,142700.0,3.67,LT,True,2025-10-31
2115,4376734814098,Illo aut,Hogar y limpieza,Hoga-2,Hoga-2-2,108,220400.0,14.94,KG,True,2026-03-01
2116,8410167930140,Tempore aliquam,Hogar y limpieza,Hoga-3,Hoga-2-2,318,74500.0,9.53,UN,True,2025-09-06
2117,8116049910049,Tempore est,Ropa y calzado basico,Ropa-3,Ropa-2-1,626,75400.0,17.72,KG,True,2025-12-16
2118,2028866168014,Odio laudantium,Electronica y tecnologia,Elec-2,Elec-1-2,340,82800.0,17.57,KG,True,2026-03-13
2119,9903421348540,Corporis in,Ropa y calzado basico,Ropa-3,Ropa-3-1,218,6100.0,3.16,UN,True,2025-10-31
2120,8420353160794,Corrupti modi,Hogar y limpieza,Hoga-1,Hoga-1-1,228,44100.0,4.42,UN,True,2026-01-13
2121,1791386015717,Hic ratione,Cuidado personal e higiene,Cuid-3,Cuid-2-2,655,248700.0,8.24,UN,True,2026-01-28
2122,1713219402471,Nemo voluptate,Electronica y tecnologia,Elec-2,Elec-1-1,347,63700.0,2.42,LT,True,2025-11-11
2123,0288141128740,Molestiae quia,Bebes y maternidad,Bebe-3,Bebe-2-1,295,6900.0,13.8,KG,False,2026-01-09
2124,5271936785766,Vitae repellat,Electronica y tecnologia,Elec-3,Elec-2-1,619,71100.0,14.77,KG,True,2026-01-12
2125,4639138107495,Ratione ea,Ropa y calzado basico,Ropa-3,Ropa-3-2,296,103300.0,14.44,LT,True,2025-12-07
2126,1619423215404,Eaque similique,Alimentos y bebidas,Alim-3,Alim-1-1,286,137900.0,9.43,UN,True,2025-11-18
2127,1315350696261,Odit veniam,Bebes y maternidad,Bebe-1,Bebe-2-2,601,19000.0,16.87,LT,True,2025-12-08
2128,1684552527414,Earum tenetur,Cuidado personal e higiene,Cuid-1,Cuid-1-1,262,198000.0,12.14,UN,True,2025-10-03
2129,0254717989947,Delectus numquam,Bebes y maternidad,Bebe-2,Bebe-3-1,409,206700.0,19.87,KG,True,2025-12-11
2130,8856694899305,Quia mollitia,Hogar y limpieza,Hoga-2,Hoga-1-2,532,54900.0,16.32,UN,True,2025-11-08
2131,0519567563557,Aliquid dolore,Bebes y maternidad,Bebe-1,Bebe-1-1,161,200000.0,14.46,UN,True,2025-11-10
2132,8422717266258,Qui illum,Bebes y maternidad,Bebe-3,Bebe-3-1,103,91600.0,2.51,UN,True,2025-10-23
2133,6504607001445,Voluptatem soluta,Ropa y calzado basico,Ropa-1,Ropa-1-2,681,106900.0,16.66,UN,True,2025-12-16
2134,1306862408718,Neque esse,Bebes y maternidad,Bebe-3,Bebe-1-2,238,234200.0,6.15,UN,True,2025-09-05
2135,0066890417281,Magni maiores,Electronica y tecnologia,Elec-1,Elec-3-2,273,223200.0,8.41,UN,True,2025-09-15
2136,2076238115227,Magnam ullam,Bebes y maternidad,Bebe-2,Bebe-3-1,472,95000.0,9.28,UN,True,2025-10-15
2137,3282228240841,Vel ad,Cuidado personal e higiene,Cuid-3,Cuid-3-1,83,123100.0,6.66,LT,True,2025-12-27
2138,7528359994007,Atque dicta,Alimentos y bebidas,Alim-2,Alim-1-1,37,73100.0,2.21,UN,True,2025-10-25
2139,4108479135110,At unde,Electronica y tecnologia,Elec-3,Elec-2-2,333,129800.0,4.03,UN,True,2025-12-12
2140,3505357228925,Sapiente velit,Ropa y calzado basico,Ropa-3,Ropa-3-2,775,171100.0,16.08,UN,True,2025-10-03
2141,0641578097834,Reiciendis beatae,Ropa y calzado basico,Ropa-3,Ropa-1-2,460,25000.0,13.06,UN,False,2025-11-27
2142,0280104194533,Fuga veritatis,Electronica y tecnologia,Elec-2,Elec-3-1,463,230100.0,18.86,UN,True,2025-12-03
2143,4195281447869,Rerum repudiandae,Electronica y tecnologia,Elec-3,Elec-1-1,488,180300.0,16.43,LT,False,2025-11-07
2144,7428021889306,Laudantium delectus,Electronica y tecnologia,Elec-2,Elec-3-1,689,26000.0,8.07,UN,True,2025-09-13
2145,6357803789125,Iste eaque,Bebes y maternidad,Bebe-3,Bebe-2-2,669,217500.0,15.73,UN,True,2026-01-06
2146,1397436990555,Labore repellat,Bebes y maternidad,Bebe-3,Bebe-2-1,20,186400.0,11.55,LT,True,2025-10-14
2147,8557599408424,Maiores ex,Alimentos y bebidas,Alim-1,Alim-2-1,434,79700.0,5.76,UN,True,2025-12-09
2148,9069690452897,Ab blanditiis,Electronica y tecnologia,Elec-2,Elec-1-2,438,131300.0,19.5,UN,True,2026-01-23
2149,8606106567335,Rem molestias,Hogar y limpieza,Hoga-3,Hoga-2-2,179,215300.0,18.57,LT,True,2025-09-24
2150,7457016527619,Maiores fugit,Ropa y calzado basico,Ropa-1,Ropa-3-2,781,242100.0,2.29,UN,True,2026-01-17
2151,3681498025309,Reiciendis placeat,Electronica y tecnologia,Elec-3,Elec-2-1,210,71700.0,16.8,UN,True,2025-11-17
2152,8437699296445,Aspernatur labore,Bebes y maternidad,Bebe-1,Bebe-2-2,668,163300.0,1.6,UN,True,2025-12-13
2153,4772508423242,Soluta illum,Hogar y limpieza,Hoga-3,Hoga-1-1,81,215300.0,18.58,KG,True,2025-09-19
2154,2348004172414,Facere magni,Ropa y calzado basico,Ropa-3,Ropa-3-2,482,247100.0,12.5,KG,True,2025-12-12
2155,5536915855749,Veritatis ut,Alimentos y bebidas,Alim-1,Alim-2-2,589,19500.0,3.37,UN,True,2025-11-18
2156,9062796024258,Repudiandae reiciendis,Bebes y maternidad,Bebe-3,Bebe-1-2,404,126900.0,16.35,UN,True,2025-10-09
2157,7033329594526,Consequuntur facilis,Alimentos y bebidas,Alim-1,Alim-3-1,85,218700.0,10.34,UN,True,2025-12-19
2158,3158286304026,Ipsam dignissimos,Hogar y limpieza,Hoga-2,Hoga-2-1,100,2800.0,1.24,UN,True,2026-01-12
2159,9662991721749,Aut ab,Bebes y maternidad,Bebe-3,Bebe-2-2,485,110400.0,15.98,KG,True,2025-11-21
2160,2922041678216,Deserunt amet,Bebes y maternidad,Bebe-1,Bebe-3-1,691,146900.0,15.78,UN,True,2026-01-08
2161,5392669370637,Tempore enim,Hogar y limpieza,Hoga-1,Hoga-2-2,478,132600.0,9.67,KG,True,2025-11-11
2162,2503139280483,Quae quisquam,Hogar y limpieza,Hoga-2,Hoga-3-1,81,183700.0,14.64,KG,False,2026-02-17
2163,5022061901930,Vel pariatur,Alimentos y bebidas,Alim-2,Alim-3-2,629,18200.0,0.85,UN,True,2025-10-30
2164,3359379719004,A suscipit,Bebes y maternidad,Bebe-1,Bebe-2-1,368,196800.0,6.4,KG,True,2026-02-10
2165,0029561622568,Odio aut,Alimentos y bebidas,Alim-2,Alim-1-1,60,72200.0,13.48,KG,True,2025-11-19
2166,4718559407992,Expedita tempora,Alimentos y bebidas,Alim-1,Alim-1-1,295,206400.0,4.65,UN,True,2025-12-24
2167,2304532316775,Nobis adipisci,Hogar y limpieza,Hoga-1,Hoga-2-1,163,106000.0,9.04,UN,True,2025-09-17
2168,8145647437016,Illo delectus,Alimentos y bebidas,Alim-1,Alim-1-2,790,12600.0,18.64,KG,False,2025-09-18
2169,9453911776662,Atque dicta,Alimentos y bebidas,Alim-1,Alim-1-1,728,241100.0,16.54,UN,True,2026-03-21
2170,5052761209289,Consequuntur ab,Electronica y tecnologia,Elec-3,Elec-2-2,85,195600.0,11.18,KG,True,2025-09-05
2171,1578061902230,Aliquid illo,Ropa y calzado basico,Ropa-3,Ropa-3-1,458,88300.0,11.56,UN,True,2025-12-24
2172,1167870676359,Nemo quis,Cuidado personal e higiene,Cuid-2,Cuid-1-2,6,69000.0,17.75,KG,True,2025-12-04
2173,3223718592125,Placeat sequi,Ropa y calzado basico,Ropa-3,Ropa-3-1,367,148100.0,17.27,KG,True,2026-01-09
2174,6848563711421,Optio libero,Electronica y tecnologia,Elec-2,Elec-3-2,125,246800.0,1.81,UN,False,2025-09-04
2175,9430003753985,Dicta beatae,Cuidado personal e higiene,Cuid-3,Cuid-3-2,599,74000.0,9.34,UN,True,2025-10-10
2176,9231324659860,Animi assumenda,Ropa y calzado basico,Ropa-1,Ropa-3-1,58,237200.0,3.86,UN,False,2025-11-10
2177,6932784178375,Qui id,Electronica y tecnologia,Elec-1,Elec-3-2,723,83900.0,1.71,KG,True,2026-03-07
2178,6591538201143,Quod non,Ropa y calzado basico,Ropa-3,Ropa-1-1,185,176600.0,5.88,UN,True,2025-11-12
2179,0652664267352,Ipsam in,Alimentos y bebidas,Alim-1,Alim-2-1,211,96700.0,12.23,KG,True,2025-12-27
2180,1272455337560,Doloribus laborum,Cuidado personal e higiene,Cuid-3,Cuid-3-1,709,23100.0,15.9,UN,True,2025-12-27
2181,5697648784963,Veritatis iure,Cuidado personal e higiene,Cuid-2,Cuid-2-2,722,234200.0,18.25,KG,True,2025-11-25
2182,2249451046252,Voluptatum non,Hogar y limpieza,Hoga-2,Hoga-3-2,77,42700.0,8.49,UN,True,2026-02-16
2183,0692965685127,Voluptatibus quas,Bebes y maternidad,Bebe-2,Bebe-3-2,87,236300.0,8.48,KG,True,2026-01-24
2184,0627672935098,Molestiae dicta,Ropa y calzado basico,Ropa-3,Ropa-1-2,683,27600.0,3.11,UN,True,2025-12-01
2185,7934421291460,Ducimus doloremque,Electronica y tecnologia,Elec-1,Elec-1-1,783,68200.0,3.94,UN,True,2025-11-03
2186,5022347780457,Sit aspernatur,Electronica y tecnologia,Elec-3,Elec-2-1,391,230400.0,2.09,LT,True,2025-10-29
2187,7972518407035,Temporibus iste,Bebes y maternidad,Bebe-3,Bebe-1-2,132,165300.0,19.52,UN,True,2026-03-09
2188,3982147823377,Fugiat id,Hogar y limpieza,Hoga-3,Hoga-2-2,123,49000.0,2.6,UN,True,2025-09-29
2189,2094516767067,Consequatur officia,Cuidado personal e higiene,Cuid-3,Cuid-3-2,213,148800.0,15.15,UN,True,2025-10-07
2190,3632863011229,Commodi ad,Alimentos y bebidas,Alim-3,Alim-2-2,549,46700.0,6.39,UN,True,2025-10-26
2191,0084842648330,Laborum modi,Cuidado personal e higiene,Cuid-2,Cuid-1-2,78,218900.0,10.77,KG,True,2026-02-17
2192,3679608289673,Praesentium error,Electronica y tecnologia,Elec-2,Elec-3-1,514,14400.0,17.46,UN,True,2026-01-19
2193,1360549469201,Sapiente dicta,Hogar y limpieza,Hoga-2,Hoga-1-2,643,133400.0,,KG,True,2026-03-16
2194,8564901324952,Sit esse,Hogar y limpieza,Hoga-3,Hoga-3-2,115,17700.0,4.84,UN,True,2026-01-26
2195,1935001154614,Voluptatem tenetur,Hogar y limpieza,Hoga-2,Hoga-1-2,788,174400.0,18.23,LT,True,2025-12-11
2196,7580803889048,Neque rem,Bebes y maternidad,Bebe-2,Bebe-3-2,790,234100.0,5.08,UN,True,2025-09-12
2197,4104043156680,Aliquid omnis,Bebes y maternidad,Bebe-1,Bebe-2-2,238,208100.0,16.11,LT,True,2026-02-26
2198,5135381483748,Accusamus modi,Alimentos y bebidas,Alim-1,Alim-2-1,90,94200.0,0.35,UN,True,2026-01-15
2199,7558030901680,Explicabo veritatis,Alimentos y bebidas,Alim-1,Alim-2-1,261,60800.0,10.73,LT,True,2025-09-18
2200,5647177840197,Quas tenetur,Cuidado personal e higiene,Cuid-2,Cuid-1-1,207,32000.0,14.53,UN,True,2026-03-17
2201,0271698837166,Possimus dicta,Bebes y maternidad,Bebe-2,Bebe-2-1,224,218700.0,16.79,UN,True,2026-01-06
2202,1158668611997,Excepturi iusto,Hogar y limpieza,Hoga-3,Hoga-3-2,740,22100.0,16.83,KG,True,2026-01-05
2203,7675983326176,Qui eaque,Bebes y maternidad,Bebe-2,Bebe-3-1,124,157900.0,6.01,UN,True,2025-11-14
2204,0505835345819,Ratione suscipit,Electronica y tecnologia,Elec-1,Elec-1-2,254,93100.0,17.07,UN,True,2025-11-09
2205,9565728535339,Repellat vel,Electronica y tecnologia,Elec-2,Elec-3-1,630,249000.0,6.51,UN,True,2025-11-15
2206,9982426621773,Unde iusto,Cuidado personal e higiene,Cuid-1,Cuid-3-1,47,128200.0,4.71,KG,True,2025-09-14
2207,5801584668793,Blanditiis officiis,Hogar y limpieza,Hoga-3,Hoga-3-1,49,138100.0,0.08,KG,True,2025-12-03
2208,3030285327278,Maiores tempora,Alimentos y bebidas,Alim-3,Alim-2-1,242,229600.0,4.75,UN,True,2025-09-16
2209,6698345150258,Deserunt asperiores,Electronica y tecnologia,Elec-1,Elec-1-2,775,242500.0,2.41,KG,False,2026-01-01
2210,2854613087303,Incidunt officiis,Cuidado personal e higiene,Cuid-1,Cuid-3-2,672,146700.0,13.51,UN,True,2025-10-15
2211,8972073827773,Perspiciatis adipisci,Cuidado personal e higiene,Cuid-1,Cuid-2-2,742,199500.0,2.94,UN,True,2026-01-05
2212,7118425278638,Animi inventore,Alimentos y bebidas,Alim-2,Alim-2-1,692,159400.0,11.73,UN,True,2025-11-17
2213,0900712102422,Quasi eius,Ropa y calzado basico,Ropa-1,Ropa-3-2,95,108000.0,2.57,UN,True,2025-10-29
2214,3447305777195,Voluptatem ab,Bebes y maternidad,Bebe-3,Bebe-1-1,321,16200.0,14.1,UN,True,2025-10-02
2215,6199716596564,Vitae occaecati,Hogar y limpieza,Hoga-1,Hoga-3-2,424,180000.0,5.75,UN,True,2025-11-19
2216,6764099683349,Mollitia delectus,Electronica y tecnologia,Elec-2,Elec-1-2,134,175700.0,6.21,UN,True,2025-09-17
2217,4009522426530,Officiis expedita,Bebes y maternidad,Bebe-2,Bebe-3-1,795,30900.0,12.83,UN,True,2025-10-23
2218,7932219143908,Dolores magni,Electronica y tecnologia,Elec-1,Elec-3-2,483,59100.0,18.78,KG,True,2025-12-05
2219,7054736015794,Laboriosam error,Electronica y tecnologia,Elec-3,Elec-3-1,683,183600.0,19.83,UN,True,2026-01-08
2220,1150101626001,Quisquam dolore,Hogar y limpieza,Hoga-1,Hoga-3-2,207,39100.0,7.18,UN,True,2025-12-04
2221,8026589347598,Officia inventore,Electronica y tecnologia,Elec-3,Elec-3-2,573,173400.0,18.93,KG,True,2025-09-24
2222,7833548835710,Esse quos,Electronica y tecnologia,Elec-3,Elec-1-1,85,180100.0,12.27,UN,True,2026-01-26
2223,9214967914633,Eveniet dolor,Ropa y calzado basico,Ropa-2,Ropa-3-2,18,89600.0,18.13,KG,True,2025-11-27
2224,8664320317266,Voluptatem nam,Electronica y tecnologia,Elec-3,Elec-3-2,513,66000.0,0.61,UN,True,2026-01-07
2225,6528246854927,Dolorem debitis,Electronica y tecnologia,Elec-2,Elec-2-1,55,94500.0,0.71,UN,True,2026-03-18
2226,7240002086012,Labore aspernatur,Alimentos y bebidas,Alim-1,Alim-2-2,221,91100.0,,UN,True,2025-09-13
2227,4605190854325,Nisi eos,Bebes y maternidad,Bebe-1,Bebe-1-1,636,152500.0,16.1,UN,False,2026-03-20
2228,7163033563690,Incidunt quia,Bebes y maternidad,Bebe-3,Bebe-2-1,399,186500.0,2.8,UN,True,2026-03-13
2229,3010009089934,Eos odit,Cuidado personal e higiene,Cuid-2,Cuid-3-1,302,215700.0,3.57,KG,True,2025-12-16
2230,1878104802832,Ex vero,Cuidado personal e higiene,Cuid-3,Cuid-2-1,233,9400.0,11.73,UN,False,2025-09-09
2231,5415892909303,Deserunt eveniet,Bebes y maternidad,Bebe-1,Bebe-2-2,535,182200.0,19.15,UN,True,2025-10-23
2232,4376613662802,A aut,Cuidado personal e higiene,Cuid-3,Cuid-2-1,764,79900.0,11.36,UN,True,2025-10-19
2233,8122681594745,Facilis neque,Ropa y calzado basico,Ropa-3,Ropa-1-2,592,210000.0,,KG,True,2025-12-29
2234,7053110583300,Facere nisi,Ropa y calzado basico,Ropa-1,Ropa-3-2,288,20800.0,3.8,LT,True,2026-01-20
2235,9673979842189,Perspiciatis maiores,Bebes y maternidad,Bebe-2,Bebe-1-2,338,138700.0,18.29,UN,True,2025-12-10
2236,9142693765017,Aliquam expedita,Alimentos y bebidas,Alim-3,Alim-1-2,83,138100.0,1.16,KG,True,2025-11-14
2237,6767187762889,Quia aspernatur,Hogar y limpieza,Hoga-1,Hoga-1-1,115,83000.0,5.69,KG,True,2025-09-12
2238,3636885016279,Sed itaque,Electronica y tecnologia,Elec-1,Elec-3-2,215,242600.0,9.1,UN,True,2026-03-10
2239,6292266678800,Impedit blanditiis,Bebes y maternidad,Bebe-1,Bebe-3-1,310,28500.0,4.56,UN,True,2026-03-20
2240,9376165228988,Quis ipsam,Cuidado personal e higiene,Cuid-2,Cuid-1-1,793,35800.0,13.29,UN,True,2025-09-10
2241,9074993598128,Voluptate doloremque,Cuidado personal e higiene,Cuid-1,Cuid-1-1,697,161800.0,13.59,UN,True,2025-11-08
2242,5597772659765,Assumenda error,Cuidado personal e higiene,Cuid-2,Cuid-2-1,91,129500.0,4.28,KG,True,2026-03-19
2243,4083858050140,Reprehenderit possimus,Ropa y calzado basico,Ropa-3,Ropa-1-1,265,67600.0,0.22,KG,True,2025-11-22
2244,1716578939121,Corporis aperiam,Bebes y maternidad,Bebe-1,Bebe-3-2,46,77500.0,1.53,UN,True,2026-01-06
2245,9565188711489,Cumque voluptate,Alimentos y bebidas,Alim-1,Alim-1-2,51,40900.0,0.06,UN,True,2025-12-15
2246,6005009244923,Adipisci harum,Cuidado personal e higiene,Cuid-2,Cuid-2-1,300,217200.0,18.11,LT,True,2026-01-08
2247,8787570302933,Fugit esse,Cuidado personal e higiene,Cuid-1,Cuid-2-2,768,143200.0,12.45,UN,True,2026-02-27
2248,0112501860745,Esse amet,Bebes y maternidad,Bebe-1,Bebe-2-1,149,62700.0,2.81,UN,True,2025-11-18
2249,2906952223369,Maiores aperiam,Hogar y limpieza,Hoga-1,Hoga-2-1,545,99600.0,1.9,LT,True,2026-02-10
2250,9318062007303,Reprehenderit quis,Cuidado personal e higiene,Cuid-1,Cuid-1-1,315,226900.0,16.36,UN,True,2025-12-04
2251,2426624975377,Asperiores repellendus,Cuidado personal e higiene,Cuid-3,Cuid-1-1,433,221900.0,16.23,UN,True,2025-10-15
2252,4057144695674,Repudiandae excepturi,Electronica y tecnologia,Elec-1,Elec-1-2,696,19100.0,18.55,KG,True,2025-09-18
2253,4068735445349,Facere animi,Hogar y limpieza,Hoga-2,Hoga-1-1,664,164200.0,3.23,UN,True,2026-01-25
2254,5146688658340,Ut repellendus,Alimentos y bebidas,Alim-3,Alim-3-1,663,39900.0,10.47,UN,True,2026-01-02
2255,8348358626735,Nemo voluptatem,Ropa y calzado basico,Ropa-2,Ropa-1-2,329,54300.0,2.47,KG,True,2026-02-25
2256,6648532077585,Adipisci aspernatur,Hogar y limpieza,Hoga-2,Hoga-1-1,39,216300.0,15.92,UN,True,2025-10-21
2257,7089432698347,Quia perspiciatis,Cuidado personal e higiene,Cuid-2,Cuid-1-1,789,224000.0,8.28,UN,True,2026-01-24
2258,4369580504503,Necessitatibus provident,Ropa y calzado basico,Ropa-3,Ropa-3-2,796,22500.0,13.93,UN,True,2025-09-08
2259,5092846720070,Illum vel,Ropa y calzado basico,Ropa-1,Ropa-3-2,687,218700.0,0.65,KG,True,2025-10-01
2260,3429390773726,Qui mollitia,Alimentos y bebidas,Alim-1,Alim-3-1,382,182700.0,,UN,True,2025-12-31
2261,9545038016254,Minima itaque,Alimentos y bebidas,Alim-3,Alim-2-2,225,194400.0,4.63,UN,False,2025-12-20
2262,8515020450282,Quasi velit,Alimentos y bebidas,Alim-1,Alim-3-2,140,198400.0,16.86,UN,True,2025-12-31
2263,1435312794337,Incidunt dolor,Ropa y calzado basico,Ropa-1,Ropa-2-1,297,127800.0,,UN,True,2026-02-18
2264,7953111235904,Dolorem laudantium,Electronica y tecnologia,Elec-1,Elec-3-1,268,236800.0,15.81,KG,True,2026-02-17
2265,4265274286628,Ea officiis,Ropa y calzado basico,Ropa-1,Ropa-3-2,221,51700.0,2.73,KG,True,2025-10-13
2266,5108573838558,Nulla molestias,Electronica y tecnologia,Elec-1,Elec-1-2,761,127200.0,13.29,UN,True,2025-10-14
2267,4514609193514,Quasi libero,Hogar y limpieza,Hoga-2,Hoga-2-1,528,81000.0,15.6,KG,True,2025-12-20
2268,1745553706274,Omnis iusto,Electronica y tecnologia,Elec-2,Elec-1-2,179,206000.0,7.76,KG,True,2026-03-14
2269,2816733746126,Maiores voluptate,Ropa y calzado basico,Ropa-1,Ropa-1-2,512,22500.0,4.92,KG,True,2026-01-15
2270,1575626412609,Nostrum impedit,Hogar y limpieza,Hoga-3,Hoga-3-1,565,109600.0,6.92,UN,True,2025-10-03
2271,8481876209902,Ipsa dicta,Bebes y maternidad,Bebe-1,Bebe-1-1,419,193800.0,5.97,UN,True,2026-01-09
2272,6931963039957,Repellendus doloribus,Bebes y maternidad,Bebe-3,Bebe-3-2,758,79500.0,12.68,UN,True,2025-11-10
2273,1670450599820,Possimus possimus,Ropa y calzado basico,Ropa-3,Ropa-3-1,773,61600.0,,UN,True,2025-09-25
2274,2673123438883,Laboriosam adipisci,Bebes y maternidad,Bebe-2,Bebe-2-1,346,67100.0,0.88,UN,False,2026-01-24
2275,0485142025935,Commodi sed,Hogar y limpieza,Hoga-2,Hoga-2-1,378,179000.0,5.79,UN,True,2025-10-29
2276,6450282313420,Eos dignissimos,Alimentos y bebidas,Alim-1,Alim-2-2,174,73100.0,5.58,UN,True,2026-02-06
2277,7557672991158,Magni delectus,Hogar y limpieza,Hoga-1,Hoga-3-1,627,101900.0,3.58,UN,True,2025-12-23
2278,4904431834363,Voluptatum nemo,Ropa y calzado basico,Ropa-3,Ropa-1-1,745,137300.0,14.35,UN,True,2025-12-02
2279,9531029771158,Nulla ipsa,Ropa y calzado basico,Ropa-2,Ropa-1-1,527,235300.0,0.52,UN,True,2025-10-15
2280,0629179265173,Similique hic,Hogar y limpieza,Hoga-1,Hoga-2-2,161,199000.0,18.49,UN,True,2025-11-01
2281,3281629108736,Deserunt ea,Cuidado personal e higiene,Cuid-3,Cuid-3-2,415,47900.0,15.16,UN,True,2025-11-09
2282,9221983691578,Doloribus consectetur,Hogar y limpieza,Hoga-3,Hoga-1-1,636,221000.0,8.09,UN,True,2026-01-20
2283,3767105298776,Nisi molestiae,Ropa y calzado basico,Ropa-1,Ropa-2-2,34,211500.0,17.19,LT,True,2025-11-26
2284,0745991530449,Aspernatur similique,Alimentos y bebidas,Alim-1,Alim-3-1,473,186800.0,12.38,UN,True,2025-09-10
2285,5002026838785,Libero doloribus,Cuidado personal e higiene,Cuid-1,Cuid-1-1,526,130200.0,11.43,UN,True,2025-09-06
2286,9034502958676,Eaque quaerat,Cuidado personal e higiene,Cuid-1,Cuid-1-2,430,19300.0,6.29,KG,True,2025-10-28
2287,6030409346755,Corporis harum,Ropa y calzado basico,Ropa-2,Ropa-2-2,515,178500.0,13.28,UN,True,2025-12-15
2288,4182368810135,Sequi quo,Hogar y limpieza,Hoga-1,Hoga-1-1,717,130500.0,2.84,UN,False,2025-11-09
2289,8272105133460,Odio autem,Alimentos y bebidas,Alim-2,Alim-1-1,100,78800.0,10.52,UN,True,2026-03-21
2290,0184220138825,Voluptas illo,Cuidado personal e higiene,Cuid-1,Cuid-2-1,457,4500.0,2.37,UN,True,2025-10-20
2291,5320831681632,Ducimus adipisci,Alimentos y bebidas,Alim-3,Alim-2-1,637,59300.0,8.93,UN,True,2025-11-24
2292,6038917369075,Voluptates est,Hogar y limpieza,Hoga-3,Hoga-2-1,658,152200.0,12.34,UN,True,2025-11-22
2293,8947672000520,Vel ipsum,Bebes y maternidad,Bebe-2,Bebe-2-1,374,29900.0,3.15,UN,True,2025-10-28
2294,1410707163486,Odit praesentium,Electronica y tecnologia,Elec-2,Elec-2-2,798,164500.0,4.48,UN,True,2026-02-27
2295,5089512370851,Odio soluta,Bebes y maternidad,Bebe-1,Bebe-2-2,260,205300.0,,UN,True,2025-10-24
2296,1191944545692,Est cumque,Ropa y calzado basico,Ropa-1,Ropa-3-1,353,80900.0,5.15,UN,False,2025-09-06
2297,7296556192761,Dolorum explicabo,Bebes y maternidad,Bebe-2,Bebe-3-1,660,22300.0,1.96,UN,True,2025-12-16
2298,7137718862637,Architecto illum,Cuidado personal e higiene,Cuid-1,Cuid-2-2,352,36600.0,6.65,UN,True,2026-01-08
2299,9561266783058,Repudiandae exercitationem,Bebes y maternidad,Bebe-2,Bebe-3-1,275,90800.0,18.71,UN,True,2025-12-04
2300,5737138874023,Quas molestiae,Cuidado personal e higiene,Cuid-2,Cuid-3-2,445,203700.0,13.89,UN,True,2025-11-27
2301,2346144662765,Error minus,Hogar y limpieza,Hoga-1,Hoga-1-1,498,159300.0,11.53,UN,True,2026-02-23
2302,3304117614219,Dignissimos eum,Ropa y calzado basico,Ropa-2,Ropa-3-2,776,217200.0,16.82,KG,True,2025-11-17
2303,5248319686361,Atque porro,Cuidado personal e higiene,Cuid-2,Cuid-3-1,495,248600.0,13.22,UN,True,2026-01-09
2304,4704656896982,Labore tempore,Cuidado personal e higiene,Cuid-3,Cuid-1-2,149,52200.0,16.23,LT,True,2026-02-18
2305,7036883004838,Laudantium enim,Alimentos y bebidas,Alim-1,Alim-1-2,43,174300.0,13.16,UN,True,2025-11-22
2306,7936315922917,Esse omnis,Alimentos y bebidas,Alim-2,Alim-2-2,774,117700.0,17.29,KG,True,2025-12-21
2307,2706593410407,Eligendi suscipit,Electronica y tecnologia,Elec-3,Elec-2-2,339,124400.0,12.5,UN,True,2025-11-20
2308,6291187228248,In perspiciatis,Bebes y maternidad,Bebe-1,Bebe-3-1,162,82700.0,5.33,UN,True,2026-01-04
2309,7183018179609,Omnis totam,Cuidado personal e higiene,Cuid-3,Cuid-2-2,179,86900.0,0.87,KG,True,2025-12-22
2310,7578984974998,Non esse,Hogar y limpieza,Hoga-3,Hoga-1-2,85,169700.0,2.15,LT,True,2026-02-21
2311,7990522171148,Assumenda nostrum,Bebes y maternidad,Bebe-2,Bebe-1-2,160,156000.0,10.27,KG,True,2025-10-24
2312,8656581898103,Ipsum quidem,Ropa y calzado basico,Ropa-3,Ropa-3-1,625,81000.0,,UN,True,2025-10-06
2313,6173563163124,Magnam quaerat,Alimentos y bebidas,Alim-3,Alim-1-1,524,31400.0,15.2,UN,True,2025-11-27
2314,9755726169494,Dicta odit,Electronica y tecnologia,Elec-1,Elec-3-2,480,145400.0,15.52,UN,True,2026-01-04
2315,6378811938992,Non magnam,Alimentos y bebidas,Alim-3,Alim-1-2,10,185400.0,13.29,UN,True,2025-10-31
2316,9068201307169,In suscipit,Cuidado personal e higiene,Cuid-1,Cuid-2-1,538,140500.0,18.07,UN,True,2026-03-22
2317,7532163361313,Molestias soluta,Cuidado personal e higiene,Cuid-1,Cuid-2-2,776,2900.0,14.72,UN,True,2025-12-16
2318,7985490049032,Repudiandae atque,Electronica y tecnologia,Elec-1,Elec-1-2,739,72000.0,5.2,UN,True,2026-02-13
2319,7295458583561,Laborum veritatis,Cuidado personal e higiene,Cuid-2,Cuid-2-1,317,195100.0,10.01,LT,True,2025-12-22
2320,3998127439223,Tempore quod,Cuidado personal e higiene,Cuid-3,Cuid-3-1,481,186200.0,8.12,UN,True,2025-11-21
2321,5517419258144,Reiciendis porro,Cuidado personal e higiene,Cuid-2,Cuid-1-2,240,4600.0,3.35,UN,False,2026-02-20
2322,7621236018633,Est tempora,Hogar y limpieza,Hoga-2,Hoga-2-2,711,118600.0,4.49,UN,True,2025-10-05
2323,9945413845316,Aliquam tempore,Electronica y tecnologia,Elec-1,Elec-3-1,736,110500.0,5.74,UN,True,2025-10-24
2324,5630930796855,Exercitationem porro,Hogar y limpieza,Hoga-2,Hoga-3-1,179,163800.0,3.51,UN,False,2026-02-04
2325,9096459872405,Quaerat iste,Cuidado personal e higiene,Cuid-2,Cuid-2-1,390,33000.0,4.39,KG,True,2026-03-03
2326,8992177351660,Quia corporis,Electronica y tecnologia,Elec-2,Elec-3-1,189,156100.0,18.33,UN,True,2025-11-01
2327,8113397367075,Fugiat velit,Electronica y tecnologia,Elec-1,Elec-1-1,492,236800.0,6.9,UN,True,2025-12-20
2328,2173402422249,Veritatis voluptate,Alimentos y bebidas,Alim-1,Alim-1-1,235,94200.0,16.56,UN,True,2025-12-10
2329,1983063236540,Temporibus ipsa,Bebes y maternidad,Bebe-3,Bebe-2-2,557,85700.0,1.33,UN,True,2026-01-27
2330,0181444248422,Tempore debitis,Bebes y maternidad,Bebe-2,Bebe-3-1,786,9000.0,19.64,UN,True,2025-12-12
2331,0243509476512,Reiciendis qui,Electronica y tecnologia,Elec-2,Elec-3-1,698,16200.0,15.31,UN,True,2026-01-04
2332,1861564099416,Voluptatum eligendi,Electronica y tecnologia,Elec-1,Elec-1-2,146,233000.0,18.14,UN,True,2026-01-15
2333,4753989137057,Nemo quibusdam,Ropa y calzado basico,Ropa-3,Ropa-2-1,104,243900.0,10.54,UN,True,2026-02-16
2334,4245190826115,Omnis nemo,Hogar y limpieza,Hoga-2,Hoga-2-2,652,3400.0,12.71,UN,True,2025-10-01
2335,0356594299208,Cum soluta,Hogar y limpieza,Hoga-2,Hoga-1-1,66,225400.0,7.25,UN,True,2026-01-14
2336,2376669692299,Adipisci officia,Hogar y limpieza,Hoga-3,Hoga-2-1,321,45100.0,8.67,UN,True,2025-10-10
2337,5338619411838,Ipsam alias,Alimentos y bebidas,Alim-1,Alim-2-1,795,141200.0,15.03,UN,True,2025-09-06
2338,9093424240665,Ipsum nam,Bebes y maternidad,Bebe-2,Bebe-1-2,359,170200.0,1.05,UN,True,2026-01-25
2339,2834633488939,Beatae consequuntur,Cuidado personal e higiene,Cuid-3,Cuid-2-1,8,91000.0,0.78,KG,True,2025-11-21
2340,3437518669400,Laborum libero,Cuidado personal e higiene,Cuid-2,Cuid-1-2,781,133200.0,17.5,UN,True,2026-01-25
2341,8654243826921,Maiores consequatur,Bebes y maternidad,Bebe-1,Bebe-3-2,567,157600.0,2.24,UN,True,2026-03-10
2342,8550743509527,Aperiam possimus,Electronica y tecnologia,Elec-1,Elec-1-2,265,50100.0,14.43,UN,True,2025-09-29
2343,8895947039693,In saepe,Electronica y tecnologia,Elec-1,Elec-1-1,489,248600.0,,UN,True,2025-12-03
2344,6453591765041,Sunt quisquam,Cuidado personal e higiene,Cuid-2,Cuid-1-2,490,52600.0,7.36,UN,True,2025-09-23
2345,7188300995424,Cupiditate ratione,Cuidado personal e higiene,Cuid-2,Cuid-1-2,443,4600.0,5.91,UN,True,2026-02-16
2346,8873449668665,Quasi natus,Ropa y calzado basico,Ropa-1,Ropa-1-1,769,236200.0,9.83,UN,True,2026-03-22
2347,7989947061707,Sequi modi,Hogar y limpieza,Hoga-3,Hoga-2-2,629,108400.0,16.54,UN,True,2026-02-24
2348,6901497110385,Corporis commodi,Alimentos y bebidas,Alim-1,Alim-1-1,208,100900.0,17.52,UN,True,2026-03-21
2349,4715675665053,Minima quos,Bebes y maternidad,Bebe-2,Bebe-1-2,794,70400.0,4.48,UN,True,2025-11-09
2350,1886016744928,Quia sequi,Hogar y limpieza,Hoga-3,Hoga-1-1,771,8400.0,6.79,KG,True,2025-10-29
2351,3435969850453,Aliquam at,Ropa y calzado basico,Ropa-1,Ropa-2-1,38,67600.0,,UN,True,2026-02-22
2352,0566937540243,Placeat aut,Hogar y limpieza,Hoga-1,Hoga-1-2,238,99500.0,1.84,UN,True,2026-01-12
2353,2861789257140,Provident nulla,Electronica y tecnologia,Elec-1,Elec-2-1,492,131000.0,2.38,UN,True,2025-11-18
2354,0250385762646,Debitis rerum,Ropa y calzado basico,Ropa-2,Ropa-3-1,703,115500.0,9.62,UN,True,2025-10-16
2355,8163849368068,Odit accusamus,Bebes y maternidad,Bebe-1,Bebe-3-1,574,220000.0,15.81,UN,True,2025-09-09
2356,3585301012787,Beatae ea,Cuidado personal e higiene,Cuid-3,Cuid-1-1,460,228000.0,6.75,UN,True,2025-09-11
2357,9695193048529,Nesciunt quae,Ropa y calzado basico,Ropa-1,Ropa-3-2,245,80700.0,1.44,UN,True,2026-01-20
2358,7758670365624,Error temporibus,Bebes y maternidad,Bebe-3,Bebe-3-1,78,240000.0,19.36,UN,True,2025-10-26
2359,0363444394686,Cum magnam,Electronica y tecnologia,Elec-2,Elec-1-1,715,216500.0,18.78,UN,True,2026-02-15
2360,9633181233571,Necessitatibus dolores,Alimentos y bebidas,Alim-1,Alim-2-1,427,232100.0,13.06,UN,True,2026-02-20
2361,6170731744574,Tenetur facilis,Cuidado personal e higiene,Cuid-1,Cuid-3-2,366,177200.0,13.65,UN,True,2025-12-03
2362,7626263678508,Ea assumenda,Cuidado personal e higiene,Cuid-1,Cuid-1-1,784,51200.0,18.68,UN,True,2025-11-02
2363,8989774759449,Molestias architecto,Alimentos y bebidas,Alim-1,Alim-2-2,132,50400.0,12.9,KG,True,2025-10-08
2364,3485295377407,Minima tempore,Ropa y calzado basico,Ropa-1,Ropa-2-2,204,227300.0,15.78,LT,True,2025-10-25
2365,3767687404206,Atque consequatur,Bebes y maternidad,Bebe-2,Bebe-1-1,684,127700.0,9.3,LT,True,2026-01-05
2366,7675149753419,Necessitatibus soluta,Electronica y tecnologia,Elec-1,Elec-3-1,228,222800.0,4.6,UN,True,2026-02-02
2367,1573309900092,Perspiciatis nesciunt,Electronica y tecnologia,Elec-3,Elec-1-1,755,180700.0,16.66,UN,True,2026-01-29
2368,4065658234456,Similique accusamus,Ropa y calzado basico,Ropa-1,Ropa-1-2,687,54700.0,13.7,KG,True,2026-03-14
2369,3856535232662,Laboriosam fugiat,Hogar y limpieza,Hoga-1,Hoga-1-2,80,97400.0,5.83,UN,False,2026-01-12
2370,0004709110343,Expedita iusto,Hogar y limpieza,Hoga-1,Hoga-2-1,367,242000.0,12.48,UN,True,2025-12-14
2371,9561199899659,Distinctio necessitatibus,Electronica y tecnologia,Elec-1,Elec-3-2,602,6900.0,16.34,KG,True,2025-11-14
2372,1181583746611,Quod debitis,Cuidado personal e higiene,Cuid-3,Cuid-3-2,392,179200.0,5.44,UN,True,2025-11-10
2373,4477618687040,Atque sed,Alimentos y bebidas,Alim-1,Alim-3-2,173,244700.0,15.37,KG,True,2025-11-16
2374,7966682905251,In voluptatum,Electronica y tecnologia,Elec-1,Elec-2-2,37,27800.0,1.49,LT,True,2026-02-26
2375,6599508914239,Occaecati blanditiis,Ropa y calzado basico,Ropa-3,Ropa-2-1,6,69500.0,12.52,LT,True,2025-12-22
2376,3029276405477,Repellendus a,Alimentos y bebidas,Alim-2,Alim-2-1,143,137700.0,19.98,UN,False,2025-10-18
2377,3986221405138,Voluptate delectus,Cuidado personal e higiene,Cuid-1,Cuid-1-2,209,211300.0,,UN,True,2025-10-12
2378,1866047473387,Vel expedita,Cuidado personal e higiene,Cuid-3,Cuid-3-1,242,127600.0,17.52,UN,True,2025-09-09
2379,9147852474427,Doloribus praesentium,Ropa y calzado basico,Ropa-1,Ropa-2-2,684,16800.0,13.62,UN,True,2026-02-20
2380,0359441023872,Voluptatibus corporis,Electronica y tecnologia,Elec-1,Elec-2-2,407,33500.0,9.25,UN,True,2025-10-17
2381,3518664774139,Aliquid voluptatem,Electronica y tecnologia,Elec-2,Elec-2-1,113,95200.0,13.56,UN,True,2025-09-24
2382,1351830258536,Pariatur expedita,Electronica y tecnologia,Elec-3,Elec-3-1,67,82000.0,6.46,UN,True,2025-10-31
2383,4658153988520,Debitis laboriosam,Cuidado personal e higiene,Cuid-1,Cuid-1-2,105,56500.0,11.08,UN,True,2025-12-10
2384,1789559909840,Odio maiores,Ropa y calzado basico,Ropa-3,Ropa-3-2,251,210400.0,10.82,LT,True,2026-03-14
2385,1286558167597,Soluta deserunt,Alimentos y bebidas,Alim-1,Alim-3-1,592,8700.0,10.9,KG,True,2026-02-22
2386,2383193489189,Cumque ducimus,Alimentos y bebidas,Alim-3,Alim-3-1,40,207700.0,8.27,UN,True,2025-10-08
2387,0038146342920,Excepturi amet,Ropa y calzado basico,Ropa-1,Ropa-1-2,326,230600.0,7.09,UN,True,2025-12-18
2388,4219597309120,Eligendi in,Electronica y tecnologia,Elec-2,Elec-1-1,359,158300.0,6.64,UN,True,2026-02-15
2389,1852734114619,Quaerat similique,Cuidado personal e higiene,Cuid-2,Cuid-2-1,119,157100.0,4.53,UN,True,2026-02-03
2390,3315553015300,Recusandae tempora,Hogar y limpieza,Hoga-1,Hoga-3-2,47,39000.0,8.8,UN,True,2025-12-06
2391,3044077811098,Assumenda itaque,Alimentos y bebidas,Alim-2,Alim-3-1,185,142900.0,2.4,KG,True,2025-10-21
2392,6598455766342,Nemo explicabo,Ropa y calzado basico,Ropa-3,Ropa-2-2,122,95000.0,18.04,KG,True,2026-02-08
2393,5418299126991,Enim beatae,Ropa y calzado basico,Ropa-2,Ropa-1-2,636,58800.0,1.44,UN,True,2025-12-02
2394,4520641910613,Numquam deserunt,Cuidado personal e higiene,Cuid-2,Cuid-1-2,734,146700.0,16.76,LT,False,2025-10-21
2395,6691008224211,Beatae aspernatur,Hogar y limpieza,Hoga-3,Hoga-2-2,499,2300.0,4.86,LT,True,2026-01-24
2396,6826822175627,Tenetur ullam,Cuidado personal e higiene,Cuid-3,Cuid-1-2,607,70600.0,17.07,KG,True,2026-02-27
2397,6996208347914,Hic nam,Hogar y limpieza,Hoga-1,Hoga-2-2,609,164700.0,14.42,LT,True,2026-02-28
2398,0059325722876,Eos atque,Cuidado personal e higiene,Cuid-3,Cuid-3-1,703,114900.0,18.42,UN,True,2026-03-10
2399,0322007485971,Aut qui,Cuidado personal e higiene,Cuid-3,Cuid-2-1,79,38100.0,17.41,LT,True,2026-01-10
2400,2438712951453,Voluptate molestiae,Hogar y limpieza,Hoga-3,Hoga-2-1,798,2300.0,14.04,LT,True,2026-02-04
2401,2058028606047,Odit ad,Bebes y maternidad,Bebe-3,Bebe-1-2,367,69100.0,3.08,UN,True,2025-10-22
2402,8022406547479,Totam atque,Ropa y calzado basico,Ropa-3,Ropa-1-1,435,138200.0,11.0,UN,True,2025-11-07
2403,6950904189858,Recusandae quidem,Cuidado personal e higiene,Cuid-3,Cuid-3-2,638,134600.0,6.83,UN,True,2025-10-03
2404,6643016556235,Possimus quibusdam,Bebes y maternidad,Bebe-1,Bebe-2-2,396,34500.0,17.72,UN,True,2025-09-20
2405,8878887656991,Eos laudantium,Cuidado personal e higiene,Cuid-3,Cuid-1-1,213,154200.0,17.45,KG,True,2026-02-19
2406,3136062290114,Adipisci vero,Bebes y maternidad,Bebe-1,Bebe-1-2,16,249700.0,6.32,UN,True,2025-12-04
2407,3860479471995,Ipsum incidunt,Cuidado personal e higiene,Cuid-2,Cuid-1-2,136,147000.0,13.45,KG,True,2025-12-23
2408,0380351489533,Impedit magni,Electronica y tecnologia,Elec-3,Elec-2-1,68,132900.0,6.8,KG,True,2025-09-21
2409,8294419147902,Sit eaque,Cuidado personal e higiene,Cuid-1,Cuid-2-1,306,156400.0,13.58,UN,True,2025-10-10
2410,5347283951670,Corrupti quo,Ropa y calzado basico,Ropa-3,Ropa-2-1,624,220200.0,12.3,UN,True,2025-09-19
2411,3095326708485,Corrupti est,Cuidado personal e higiene,Cuid-2,Cuid-2-1,267,236600.0,10.24,KG,False,2025-12-10
2412,8686562925825,Consequatur distinctio,Bebes y maternidad,Bebe-1,Bebe-1-2,478,12200.0,17.57,UN,True,2025-12-29
2413,2828018323533,Magnam illum,Alimentos y bebidas,Alim-1,Alim-2-1,149,52800.0,4.96,LT,True,2025-09-29
2414,0688568467673,Numquam a,Electronica y tecnologia,Elec-2,Elec-1-1,473,30700.0,15.96,KG,False,2026-01-23
2415,8096458374499,Repellat repellendus,Alimentos y bebidas,Alim-2,Alim-3-2,764,193500.0,13.81,UN,True,2025-09-25
2416,5975213531755,Praesentium earum,Bebes y maternidad,Bebe-2,Bebe-1-2,253,13300.0,5.66,UN,True,2026-02-18
2417,5592897487415,Facere corporis,Hogar y limpieza,Hoga-1,Hoga-2-2,387,225900.0,8.46,KG,True,2026-03-06
2418,1486267511999,Ex magnam,Ropa y calzado basico,Ropa-1,Ropa-1-1,771,7100.0,1.43,KG,True,2026-01-10
2419,7645349655158,Totam adipisci,Bebes y maternidad,Bebe-1,Bebe-3-1,487,151400.0,11.97,UN,True,2025-12-21
2420,6419678963007,Laboriosam hic,Electronica y tecnologia,Elec-1,Elec-1-1,320,70300.0,17.76,LT,True,2026-01-28
2421,9358201630153,Voluptate ab,Alimentos y bebidas,Alim-3,Alim-3-2,97,118700.0,2.4,UN,True,2025-10-23
2422,9722422848343,Odio neque,Cuidado personal e higiene,Cuid-1,Cuid-1-2,750,111600.0,2.68,UN,True,2026-03-07
2423,9276680984607,Facere perspiciatis,Cuidado personal e higiene,Cuid-3,Cuid-3-1,489,187700.0,9.52,UN,True,2026-02-27
2424,1804033480155,Culpa totam,Bebes y maternidad,Bebe-1,Bebe-2-1,46,125200.0,5.66,KG,True,2026-01-21
2425,3735866715542,Quos vero,Bebes y maternidad,Bebe-2,Bebe-1-2,445,106500.0,5.57,LT,True,2026-03-22
2426,4605392609679,Molestiae voluptate,Hogar y limpieza,Hoga-3,Hoga-1-1,775,183100.0,12.79,UN,True,2025-11-03
2427,4627205364995,Delectus suscipit,Bebes y maternidad,Bebe-2,Bebe-2-1,746,231600.0,8.23,UN,True,2026-02-27
2428,1192856728500,Repudiandae fugit,Cuidado personal e higiene,Cuid-1,Cuid-3-2,157,198900.0,16.9,UN,True,2025-09-10
2429,2155383077557,Earum nemo,Ropa y calzado basico,Ropa-2,Ropa-3-2,330,184700.0,8.61,KG,True,2026-01-31
2430,8212626439566,Quo voluptas,Hogar y limpieza,Hoga-1,Hoga-1-1,790,123000.0,12.32,KG,True,2025-10-31
2431,7844607890755,Culpa eaque,Cuidado personal e higiene,Cuid-3,Cuid-2-2,626,225300.0,7.99,UN,True,2026-03-15
2432,1991981775515,Commodi impedit,Cuidado personal e higiene,Cuid-3,Cuid-1-2,449,122600.0,5.16,KG,True,2025-12-26
2433,2944149253164,Iusto eveniet,Hogar y limpieza,Hoga-2,Hoga-1-2,244,232700.0,9.45,UN,True,2025-10-13
2434,4982838597470,Sint id,Hogar y limpieza,Hoga-2,Hoga-2-1,611,201100.0,14.42,KG,True,2025-11-05
2435,7656590705547,Quod totam,Cuidado personal e higiene,Cuid-2,Cuid-2-1,464,39300.0,19.06,KG,False,2026-02-26
2436,9434368771561,Accusamus omnis,Hogar y limpieza,Hoga-3,Hoga-1-2,420,13700.0,0.89,UN,True,2026-02-11
2437,9220949076343,Deleniti adipisci,Alimentos y bebidas,Alim-2,Alim-3-1,742,185700.0,10.66,LT,True,2025-11-14
2438,1535977100112,Nulla quibusdam,Bebes y maternidad,Bebe-3,Bebe-3-2,302,172100.0,12.74,UN,True,2025-10-26
2439,5477349431485,Explicabo laborum,Hogar y limpieza,Hoga-2,Hoga-3-2,501,151300.0,1.76,LT,True,2025-09-10
2440,7225578564133,Vel quas,Alimentos y bebidas,Alim-1,Alim-1-1,35,244100.0,16.59,UN,True,2025-09-28
2441,5474168557396,Harum iure,Electronica y tecnologia,Elec-3,Elec-3-1,569,137300.0,5.56,KG,True,2025-09-10
2442,5232855580955,Quidem incidunt,Bebes y maternidad,Bebe-2,Bebe-2-2,438,88300.0,17.5,UN,True,2025-11-08
2443,7947581660281,Asperiores dolorum,Hogar y limpieza,Hoga-3,Hoga-2-1,701,142100.0,11.07,UN,True,2025-10-11
2444,4136233470405,Delectus dolorem,Bebes y maternidad,Bebe-2,Bebe-1-2,267,9000.0,3.08,LT,True,2025-09-08
2445,7146971479735,Numquam perspiciatis,Electronica y tecnologia,Elec-2,Elec-3-1,741,145700.0,14.8,UN,True,2026-02-06
2446,4185595083747,Minus vitae,Ropa y calzado basico,Ropa-2,Ropa-2-2,461,225800.0,3.19,UN,True,2026-02-26
2447,5601703961015,Ab delectus,Cuidado personal e higiene,Cuid-2,Cuid-3-2,167,3100.0,14.42,KG,True,2026-03-02
2448,7590017067941,Consequatur quod,Alimentos y bebidas,Alim-3,Alim-2-2,129,211600.0,16.17,UN,True,2026-02-18
2449,9078692855162,Asperiores nisi,Hogar y limpieza,Hoga-2,Hoga-3-1,157,200900.0,11.53,UN,True,2025-09-29
2450,2159389676356,Nostrum placeat,Bebes y maternidad,Bebe-3,Bebe-3-1,242,28300.0,5.46,LT,True,2025-10-06
2451,3673558960705,Debitis iusto,Ropa y calzado basico,Ropa-2,Ropa-3-1,441,212000.0,8.77,UN,True,2026-02-20
2452,7228834133517,Dolorum occaecati,Ropa y calzado basico,Ropa-1,Ropa-1-1,695,191400.0,10.58,UN,True,2025-09-07
2453,3901430974275,Rerum earum,Bebes y maternidad,Bebe-3,Bebe-1-2,797,123800.0,13.33,UN,False,2026-02-02
2454,4936635796710,Id facere,Hogar y limpieza,Hoga-2,Hoga-3-2,543,62800.0,12.7,KG,True,2025-09-29
2455,4803007356585,Fugit laudantium,Cuidado personal e higiene,Cuid-3,Cuid-2-2,393,73400.0,8.04,UN,True,2025-09-14
2456,2608252637944,Cupiditate repudiandae,Bebes y maternidad,Bebe-2,Bebe-2-1,491,153800.0,15.18,UN,False,2026-02-07
2457,1288669112237,Amet necessitatibus,Electronica y tecnologia,Elec-2,Elec-3-1,265,63100.0,15.44,UN,True,2026-01-28
2458,2142526119786,Nulla porro,Cuidado personal e higiene,Cuid-3,Cuid-2-2,196,82700.0,13.94,UN,True,2025-09-21
2459,9259465744658,In temporibus,Cuidado personal e higiene,Cuid-2,Cuid-3-2,430,232800.0,5.48,UN,True,2025-09-11
2460,3255441181857,Dicta at,Bebes y maternidad,Bebe-3,Bebe-1-2,663,182900.0,9.41,LT,True,2026-02-27
2461,1367380520382,Ab quos,Alimentos y bebidas,Alim-2,Alim-3-1,52,184500.0,8.68,UN,False,2025-10-26
2462,8193768418476,Earum accusantium,Alimentos y bebidas,Alim-1,Alim-1-2,89,239100.0,16.35,UN,True,2026-03-16
2463,1462201483331,Nesciunt eos,Ropa y calzado basico,Ropa-1,Ropa-2-2,142,3400.0,16.17,LT,True,2025-12-19
2464,5401127283607,Harum impedit,Alimentos y bebidas,Alim-3,Alim-3-1,168,62600.0,17.33,UN,True,2026-03-18
2465,3087647709067,Eligendi porro,Cuidado personal e higiene,Cuid-2,Cuid-1-2,120,165200.0,4.66,LT,False,2026-03-04
2466,7618376295079,Corporis ad,Bebes y maternidad,Bebe-2,Bebe-1-1,105,110700.0,14.98,KG,True,2026-01-05
2467,6716217204882,Vero velit,Hogar y limpieza,Hoga-3,Hoga-1-1,23,30000.0,17.41,UN,True,2025-09-25
2468,8680418693036,Quas facere,Ropa y calzado basico,Ropa-2,Ropa-2-1,279,195700.0,3.37,UN,True,2026-03-02
2469,2645649674199,Doloremque iure,Hogar y limpieza,Hoga-2,Hoga-2-1,578,13700.0,0.85,UN,False,2025-11-12
2470,9160539064902,Numquam laborum,Alimentos y bebidas,Alim-3,Alim-1-2,126,136900.0,2.15,UN,True,2025-10-24
2471,9703425197010,Fugit ea,Cuidado personal e higiene,Cuid-1,Cuid-3-1,261,141500.0,12.14,UN,True,2025-12-28
2472,8158913682966,Eum officia,Ropa y calzado basico,Ropa-1,Ropa-1-2,779,159700.0,8.46,UN,True,2025-11-14
2473,7074215319366,Excepturi labore,Alimentos y bebidas,Alim-3,Alim-2-2,135,80300.0,3.94,UN,True,2026-01-30
2474,2526022169085,Eos voluptas,Electronica y tecnologia,Elec-1,Elec-2-2,790,7900.0,10.59,KG,True,2025-10-26
2475,8754802933586,Facilis recusandae,Hogar y limpieza,Hoga-3,Hoga-1-1,410,222500.0,,UN,True,2026-03-06
2476,3843910657356,Odit debitis,Hogar y limpieza,Hoga-1,Hoga-1-1,580,232400.0,17.12,UN,True,2025-09-23
2477,1745469351025,Ipsa quasi,Bebes y maternidad,Bebe-1,Bebe-3-2,259,121500.0,15.05,UN,True,2025-12-06
2478,1401283319558,Nihil quasi,Electronica y tecnologia,Elec-3,Elec-2-2,260,7100.0,17.72,UN,True,2026-03-15
2479,8979903597172,Sit quaerat,Electronica y tecnologia,Elec-2,Elec-1-1,315,146100.0,12.1,KG,True,2026-02-19
2480,7170305687091,Totam totam,Hogar y limpieza,Hoga-3,Hoga-3-1,103,80400.0,,KG,False,2026-02-15
2481,4124605164830,Earum doloremque,Hogar y limpieza,Hoga-2,Hoga-2-2,253,47300.0,8.37,UN,True,2026-01-05
2482,8953376841871,Dolorem iusto,Ropa y calzado basico,Ropa-1,Ropa-1-2,716,43900.0,17.06,UN,True,2025-12-26
2483,6776006434593,Est labore,Alimentos y bebidas,Alim-3,Alim-3-1,4,46500.0,17.92,UN,True,2025-10-14
2484,7317303324966,Alias ea,Cuidado personal e higiene,Cuid-1,Cuid-2-1,458,84000.0,,KG,True,2025-11-02
2485,7574510484801,Ducimus occaecati,Electronica y tecnologia,Elec-1,Elec-1-1,551,71600.0,8.65,UN,True,2025-12-28
2486,9473181560549,Occaecati facilis,Electronica y tecnologia,Elec-3,Elec-3-1,114,209400.0,5.67,KG,True,2025-11-04
2487,2707995947614,Totam nam,Alimentos y bebidas,Alim-1,Alim-1-1,89,124800.0,6.54,UN,True,2025-11-05
2488,1107976475456,Tempore repellendus,Ropa y calzado basico,Ropa-2,Ropa-1-1,443,108100.0,2.69,UN,False,2026-01-17
2489,6572897226930,Ab earum,Electronica y tecnologia,Elec-2,Elec-1-2,176,38200.0,0.99,UN,True,2026-01-22
2490,4854039098462,Eum quas,Cuidado personal e higiene,Cuid-3,Cuid-3-1,783,219200.0,,UN,True,2025-12-12
2491,8560669926131,Facere porro,Ropa y calzado basico,Ropa-1,Ropa-3-2,153,15600.0,0.9,UN,True,2025-10-30
2492,8268709777797,Culpa est,Bebes y maternidad,Bebe-1,Bebe-3-2,105,61400.0,17.62,UN,True,2025-10-09
2493,5703996263774,Perferendis accusamus,Hogar y limpieza,Hoga-2,Hoga-1-2,266,156100.0,13.02,UN,True,2025-10-26
2494,9271107351284,Labore quia,Cuidado personal e higiene,Cuid-2,Cuid-3-1,266,176200.0,16.88,LT,True,2025-11-08
2495,9622068243239,Possimus vitae,Cuidado personal e higiene,Cuid-3,Cuid-2-1,129,200700.0,8.92,UN,True,2026-03-12
2496,3302399344602,Porro iusto,Electronica y tecnologia,Elec-2,Elec-1-1,532,103800.0,4.52,KG,True,2025-11-07
2497,6069430695235,Deserunt dolorem,Alimentos y bebidas,Alim-1,Alim-1-2,278,88000.0,5.84,UN,True,2026-03-04
2498,5786529412856,Ducimus blanditiis,Hogar y limpieza,Hoga-3,Hoga-3-2,422,73600.0,17.1,UN,True,2025-12-20
2499,3700644885489,Vero sunt,Alimentos y bebidas,Alim-2,Alim-1-1,195,142900.0,2.48,UN,True,2025-12-03
2500,7531198042556,Vel dolorem,Alimentos y bebidas,Alim-3,Alim-2-1,78,88500.0,13.98,UN,True,2025-10-27
2501,4280537642553,Aperiam aliquid,Hogar y limpieza,Hoga-3,Hoga-2-2,49,83400.0,4.55,KG,True,2026-02-04
2502,0786887860202,Inventore accusantium,Ropa y calzado basico,Ropa-1,Ropa-1-2,43,6200.0,7.1,UN,True,2026-02-19
2503,3922131701953,Tempora distinctio,Bebes y maternidad,Bebe-2,Bebe-3-1,697,237200.0,0.11,UN,True,2026-03-19
2504,8663992879874,Error ut,Alimentos y bebidas,Alim-2,Alim-3-2,212,17000.0,9.61,UN,True,2026-02-15
2505,2873142495625,Hic deleniti,Cuidado personal e higiene,Cuid-2,Cuid-2-1,245,69200.0,2.61,KG,True,2025-09-21
2506,9179644160331,Architecto eaque,Hogar y limpieza,Hoga-1,Hoga-3-2,464,230500.0,17.2,KG,True,2026-02-26
2507,2888070051027,Et veritatis,Electronica y tecnologia,Elec-2,Elec-2-1,77,184400.0,2.0,UN,True,2026-01-03
2508,8745120220175,Quisquam perferendis,Bebes y maternidad,Bebe-2,Bebe-3-1,481,145400.0,5.04,KG,True,2025-12-15
2509,5454164879210,Tempore eos,Ropa y calzado basico,Ropa-1,Ropa-1-1,418,165900.0,0.35,UN,True,2025-10-24
2510,0466275015260,Quod incidunt,Electronica y tecnologia,Elec-1,Elec-2-1,634,26100.0,19.86,UN,True,2025-12-14
2511,9744203607857,Minima eos,Alimentos y bebidas,Alim-1,Alim-2-1,99,202500.0,12.85,UN,True,2026-02-11
2512,4833095872384,Magnam aliquid,Alimentos y bebidas,Alim-3,Alim-2-2,14,64000.0,12.89,UN,True,2025-12-30
2513,3680601457921,Asperiores debitis,Alimentos y bebidas,Alim-3,Alim-2-2,619,239100.0,10.4,UN,True,2025-09-24
2514,3267148581977,Consequatur ipsam,Electronica y tecnologia,Elec-2,Elec-1-1,297,59400.0,17.37,KG,True,2026-02-02
2515,0150196797205,Ut neque,Cuidado personal e higiene,Cuid-2,Cuid-3-2,50,157100.0,2.93,LT,True,2026-02-08
2516,9251920182852,Excepturi quisquam,Cuidado personal e higiene,Cuid-1,Cuid-1-2,446,137200.0,15.87,UN,True,2026-01-16
2517,2332970493796,Eius necessitatibus,Ropa y calzado basico,Ropa-1,Ropa-1-1,372,37500.0,16.15,UN,True,2025-10-14
2518,5829158551166,Minus nesciunt,Ropa y calzado basico,Ropa-3,Ropa-2-2,761,92000.0,0.77,UN,True,2025-11-02
2519,3971492075746,Recusandae hic,Hogar y limpieza,Hoga-1,Hoga-2-2,756,195800.0,2.7,UN,True,2025-12-04
2520,1424873962620,Tempore eaque,Bebes y maternidad,Bebe-1,Bebe-1-1,432,54700.0,10.97,UN,True,2026-02-24
2521,5918831249770,Nemo labore,Ropa y calzado basico,Ropa-3,Ropa-2-2,128,240800.0,1.85,UN,True,2026-02-13
2522,3677244343544,Quae minus,Ropa y calzado basico,Ropa-2,Ropa-3-2,599,75300.0,5.68,UN,True,2025-09-23
2523,9787296571568,Soluta incidunt,Bebes y maternidad,Bebe-1,Bebe-1-2,162,157400.0,,KG,False,2025-09-17
2524,4380299034808,Sint aut,Cuidado personal e higiene,Cuid-2,Cuid-3-2,671,155500.0,3.19,UN,True,2025-09-13
2525,4247960009407,Sequi repellat,Ropa y calzado basico,Ropa-3,Ropa-2-2,481,118800.0,14.1,UN,True,2026-03-08
2526,9165737624262,Perferendis quis,Bebes y maternidad,Bebe-2,Bebe-2-2,284,164500.0,9.93,KG,True,2026-02-23
2527,6225492036939,Voluptate iste,Bebes y maternidad,Bebe-2,Bebe-1-2,784,186400.0,,UN,True,2025-10-17
2528,0914015273116,Voluptate cum,Electronica y tecnologia,Elec-2,Elec-3-1,412,155500.0,9.51,UN,True,2026-03-06
2529,7226414756903,Est voluptatum,Ropa y calzado basico,Ropa-2,Ropa-3-1,309,140900.0,8.28,UN,True,2025-12-13
2530,0184293359844,Temporibus ipsa,Bebes y maternidad,Bebe-3,Bebe-1-2,152,152400.0,9.87,UN,True,2025-11-05
2531,7422983596678,Impedit ipsam,Bebes y maternidad,Bebe-1,Bebe-1-1,519,101700.0,18.0,LT,True,2026-01-28
2532,7153902262472,Iste expedita,Bebes y maternidad,Bebe-1,Bebe-1-2,216,19600.0,7.95,UN,True,2025-09-17
2533,3650032990908,Voluptatem dolorem,Ropa y calzado basico,Ropa-1,Ropa-1-1,122,41600.0,12.86,UN,True,2025-09-28
2534,0647614427870,Saepe molestias,Hogar y limpieza,Hoga-2,Hoga-3-1,95,152500.0,16.69,UN,True,2025-10-25
2535,3554042316973,Praesentium praesentium,Ropa y calzado basico,Ropa-2,Ropa-2-2,514,231900.0,12.44,UN,True,2026-01-03
2536,9206754939349,Eaque porro,Hogar y limpieza,Hoga-2,Hoga-2-2,737,8400.0,4.56,KG,True,2026-02-18
2537,3969045392525,Ipsam repellendus,Ropa y calzado basico,Ropa-3,Ropa-3-2,203,136900.0,2.48,KG,True,2025-12-16
2538,8783573381333,Ipsa dolor,Ropa y calzado basico,Ropa-2,Ropa-3-2,174,64500.0,11.84,UN,False,2025-11-30
2539,0734533023648,Quis eos,Bebes y maternidad,Bebe-1,Bebe-3-2,491,141300.0,,UN,True,2025-12-30
2540,1224740985376,Commodi provident,Electronica y tecnologia,Elec-2,Elec-2-2,115,187900.0,15.39,LT,True,2025-09-06
2541,2033505160236,Tenetur quisquam,Hogar y limpieza,Hoga-2,Hoga-2-1,71,184400.0,13.89,KG,True,2026-01-14
2542,2510715558706,Qui unde,Alimentos y bebidas,Alim-2,Alim-1-1,511,181800.0,0.12,UN,True,2026-02-11
2543,9404224564118,Mollitia corrupti,Electronica y tecnologia,Elec-2,Elec-2-2,420,195200.0,15.49,UN,True,2025-11-27
2544,9925512538074,Nam nihil,Electronica y tecnologia,Elec-3,Elec-2-1,23,20000.0,12.11,UN,True,2026-01-11
2545,8191350534948,Natus eum,Electronica y tecnologia,Elec-1,Elec-1-1,190,128400.0,19.76,UN,True,2025-11-02
2546,1971575571662,Exercitationem in,Ropa y calzado basico,Ropa-1,Ropa-2-2,159,66900.0,,UN,True,2026-03-10
2547,3282463061621,Ea quam,Bebes y maternidad,Bebe-2,Bebe-2-1,546,230500.0,8.63,UN,True,2025-10-10
2548,1856352007612,Aliquid sed,Alimentos y bebidas,Alim-1,Alim-1-2,533,196200.0,,UN,True,2025-10-01
2549,5042059868564,Beatae consequatur,Hogar y limpieza,Hoga-1,Hoga-1-1,599,28700.0,12.34,UN,True,2026-03-10
2550,9771433608095,Labore facilis,Ropa y calzado basico,Ropa-2,Ropa-2-1,80,62300.0,6.78,UN,True,2025-12-14
2551,0101461039278,Culpa modi,Ropa y calzado basico,Ropa-2,Ropa-2-1,679,114900.0,,UN,True,2025-11-23
2552,8888189304612,Quaerat doloribus,Ropa y calzado basico,Ropa-2,Ropa-3-1,168,240800.0,4.13,UN,False,2026-02-14
2553,6388168785187,Impedit sequi,Ropa y calzado basico,Ropa-1,Ropa-3-2,794,29200.0,1.8,UN,True,2025-10-30
2554,5690509656881,Officiis odit,Bebes y maternidad,Bebe-3,Bebe-1-1,698,142900.0,14.67,KG,True,2025-11-02
2555,2672800727203,Ab magnam,Bebes y maternidad,Bebe-2,Bebe-1-2,368,86600.0,7.71,UN,True,2025-09-14
2556,8147237356400,Veritatis facilis,Electronica y tecnologia,Elec-1,Elec-1-1,629,162300.0,15.13,LT,True,2025-12-16
2557,7830830697896,Vel rem,Cuidado personal e higiene,Cuid-1,Cuid-1-1,537,162900.0,9.79,KG,False,2026-02-01
2558,9951454983672,Cum aut,Electronica y tecnologia,Elec-1,Elec-2-1,619,61700.0,16.21,KG,True,2026-03-20
2559,1467490668865,Veniam veniam,Ropa y calzado basico,Ropa-2,Ropa-3-1,15,196900.0,14.81,UN,True,2025-12-18
2560,7518571164562,Facilis aliquid,Alimentos y bebidas,Alim-2,Alim-1-2,68,24600.0,15.29,UN,True,2025-09-18
2561,0595634318077,Nobis minima,Ropa y calzado basico,Ropa-2,Ropa-1-1,725,204900.0,8.62,LT,True,2025-10-12
2562,3920025856536,Temporibus fugit,Electronica y tecnologia,Elec-2,Elec-3-1,626,54600.0,19.23,UN,False,2025-10-30
2563,3777303167873,Possimus nam,Bebes y maternidad,Bebe-3,Bebe-2-1,493,148200.0,8.13,LT,True,2026-03-01
2564,1926154872012,Libero consequatur,Cuidado personal e higiene,Cuid-3,Cuid-1-1,250,88100.0,15.87,UN,False,2025-12-29
2565,2402545500546,Ducimus nisi,Bebes y maternidad,Bebe-2,Bebe-1-1,338,153200.0,9.82,UN,True,2026-03-09
2566,9080998397673,Perspiciatis vitae,Hogar y limpieza,Hoga-3,Hoga-3-2,315,68300.0,4.74,UN,True,2026-02-19
2567,3887246163037,Tempore totam,Electronica y tecnologia,Elec-3,Elec-1-2,348,143100.0,12.6,UN,True,2026-02-27
2568,4383000914352,Harum saepe,Electronica y tecnologia,Elec-3,Elec-2-2,503,4000.0,9.41,UN,False,2025-10-29
2569,2949307417990,Ad officia,Electronica y tecnologia,Elec-1,Elec-3-1,607,94900.0,5.32,LT,True,2025-12-25
2570,6546628973516,Magnam et,Bebes y maternidad,Bebe-2,Bebe-1-2,307,206900.0,7.68,KG,False,2025-09-16
2571,8962252756000,Laudantium consequuntur,Cuidado personal e higiene,Cuid-2,Cuid-3-2,667,116800.0,3.24,UN,True,2025-11-17
2572,2230234056773,Eligendi quam,Ropa y calzado basico,Ropa-1,Ropa-1-2,73,125800.0,19.74,UN,True,2025-11-05
2573,1251589041826,Expedita facilis,Bebes y maternidad,Bebe-1,Bebe-1-2,647,156200.0,12.88,UN,True,2025-10-06
2574,8051666081232,Maiores neque,Cuidado personal e higiene,Cuid-2,Cuid-1-1,542,109700.0,3.51,UN,True,2025-09-16
2575,9278844790987,Doloremque recusandae,Cuidado personal e higiene,Cuid-2,Cuid-3-2,409,217000.0,15.3,LT,True,2025-11-18
2576,6361527695846,Esse est,Hogar y limpieza,Hoga-3,Hoga-1-1,301,102000.0,12.06,KG,True,2025-09-18
2577,4420224824880,Incidunt vel,Ropa y calzado basico,Ropa-3,Ropa-1-1,297,235800.0,,UN,True,2026-01-04
2578,6313737145031,Sapiente itaque,Bebes y maternidad,Bebe-1,Bebe-3-1,289,219500.0,11.71,KG,True,2025-10-29
2579,1180266914194,Nisi iure,Ropa y calzado basico,Ropa-3,Ropa-1-2,757,106400.0,1.26,UN,True,2025-10-19
2580,3960610471898,Corrupti iusto,Ropa y calzado basico,Ropa-2,Ropa-3-1,22,92700.0,4.1,LT,True,2025-09-26
2581,1199256924761,Voluptate quibusdam,Hogar y limpieza,Hoga-2,Hoga-2-2,508,169800.0,15.39,UN,True,2025-12-05
2582,8834103414134,Dolor dolor,Electronica y tecnologia,Elec-3,Elec-2-1,792,189300.0,15.1,UN,True,2025-10-07
2583,1811814051329,Voluptatibus error,Cuidado personal e higiene,Cuid-2,Cuid-3-2,435,48100.0,15.09,KG,True,2025-12-27
2584,5179044708564,Asperiores saepe,Hogar y limpieza,Hoga-1,Hoga-3-2,512,61800.0,0.35,UN,True,2026-03-20
2585,0940671487833,In placeat,Cuidado personal e higiene,Cuid-1,Cuid-1-2,479,38300.0,16.11,UN,True,2026-01-28
2586,1031456457222,Natus amet,Alimentos y bebidas,Alim-2,Alim-3-2,405,190700.0,8.81,UN,True,2025-09-27
2587,7579407403378,Laboriosam reiciendis,Bebes y maternidad,Bebe-1,Bebe-3-1,504,179200.0,13.89,UN,True,2025-09-22
2588,4499987093390,Nobis occaecati,Ropa y calzado basico,Ropa-1,Ropa-3-2,723,48900.0,5.48,UN,True,2026-02-26
2589,1369412641065,Nemo maiores,Electronica y tecnologia,Elec-3,Elec-2-2,571,135100.0,15.4,UN,True,2026-02-24
2590,0326753180579,Velit non,Alimentos y bebidas,Alim-1,Alim-2-1,680,191500.0,19.65,UN,False,2025-11-15
2591,6310108965465,Blanditiis doloremque,Alimentos y bebidas,Alim-1,Alim-2-2,443,236900.0,5.11,KG,True,2025-12-04
2592,1253606400470,Fugit recusandae,Alimentos y bebidas,Alim-2,Alim-1-1,619,46300.0,,UN,True,2025-11-18
2593,4867948698944,Quo vero,Ropa y calzado basico,Ropa-1,Ropa-2-1,701,77500.0,12.12,UN,True,2025-12-29
2594,8481703610079,Esse eum,Cuidado personal e higiene,Cuid-1,Cuid-2-1,170,88400.0,5.5,UN,True,2025-10-15
2595,7017737594934,In facilis,Cuidado personal e higiene,Cuid-3,Cuid-2-1,688,157000.0,,UN,True,2026-03-11
2596,3078111719606,Consequatur ipsa,Bebes y maternidad,Bebe-2,Bebe-1-2,550,35800.0,14.65,LT,True,2025-11-23
2597,0490214441551,Modi placeat,Bebes y maternidad,Bebe-3,Bebe-2-2,354,50000.0,5.72,UN,True,2025-10-07
2598,9674333849653,Repellendus molestiae,Ropa y calzado basico,Ropa-2,Ropa-2-1,620,195500.0,1.0,UN,False,2025-11-03
2599,5239170335307,Repellendus enim,Cuidado personal e higiene,Cuid-2,Cuid-2-2,135,136400.0,17.49,UN,True,2026-02-27
2600,0499926653610,Quaerat repudiandae,Electronica y tecnologia,Elec-1,Elec-3-1,559,41800.0,11.8,UN,False,2025-10-31
2601,9773173946246,Distinctio minima,Cuidado personal e higiene,Cuid-2,Cuid-3-1,462,98300.0,15.18,UN,True,2026-02-11
2602,8723858653922,Veniam doloremque,Bebes y maternidad,Bebe-1,Bebe-1-2,711,35400.0,12.08,UN,True,2026-02-04
2603,7687141349316,Sint consequuntur,Alimentos y bebidas,Alim-3,Alim-1-1,497,91900.0,10.35,UN,True,2026-03-21
2604,7967060558175,Illo temporibus,Ropa y calzado basico,Ropa-1,Ropa-3-2,421,101200.0,15.41,UN,True,2025-10-04
2605,3579211625069,Saepe et,Electronica y tecnologia,Elec-1,Elec-2-2,419,29800.0,0.69,UN,True,2025-11-21
2606,9893546463986,Pariatur error,Ropa y calzado basico,Ropa-2,Ropa-3-1,444,16800.0,6.27,UN,True,2026-02-19
2607,9701455703935,Labore tempore,Hogar y limpieza,Hoga-2,Hoga-1-2,713,220600.0,12.57,UN,True,2025-09-29
2608,4271866925523,Totam unde,Alimentos y bebidas,Alim-1,Alim-1-2,629,222100.0,18.88,UN,True,2025-09-10
2609,9050926000111,Dolore similique,Ropa y calzado basico,Ropa-2,Ropa-2-2,75,2600.0,7.9,UN,True,2025-09-06
2610,0156161973841,Architecto quas,Electronica y tecnologia,Elec-1,Elec-3-1,426,161000.0,,UN,True,2025-09-20
2611,4981213008822,Et blanditiis,Hogar y limpieza,Hoga-3,Hoga-3-2,230,25200.0,15.12,UN,True,2026-02-09
2612,3846990867233,Beatae voluptates,Hogar y limpieza,Hoga-2,Hoga-3-1,132,202900.0,9.72,UN,True,2025-11-12
2613,3104481773655,Mollitia voluptas,Hogar y limpieza,Hoga-3,Hoga-2-2,693,220100.0,8.61,UN,True,2025-10-01
2614,5619221882200,Unde quam,Hogar y limpieza,Hoga-3,Hoga-3-1,686,154900.0,2.63,UN,True,2026-01-22
2615,6318641761308,Nihil occaecati,Cuidado personal e higiene,Cuid-2,Cuid-1-1,752,154100.0,12.32,UN,False,2025-11-04
2616,2364169368356,Voluptas fuga,Cuidado personal e higiene,Cuid-3,Cuid-2-2,316,94100.0,1.09,UN,True,2025-10-01
2617,9916764032397,Fuga occaecati,Cuidado personal e higiene,Cuid-1,Cuid-3-1,341,63900.0,8.61,UN,True,2026-03-20
2618,1932528267124,Qui nostrum,Alimentos y bebidas,Alim-3,Alim-2-1,623,125800.0,4.79,UN,True,2025-12-29
2619,6937949995224,Qui odio,Bebes y maternidad,Bebe-2,Bebe-3-1,155,35200.0,19.13,UN,True,2025-12-01
2620,5296444843685,Eligendi delectus,Cuidado personal e higiene,Cuid-3,Cuid-1-1,44,168700.0,7.3,UN,True,2026-03-07
2621,6811143306409,A officia,Alimentos y bebidas,Alim-1,Alim-1-2,337,118600.0,9.81,KG,True,2025-10-20
2622,9805877155591,At quibusdam,Alimentos y bebidas,Alim-1,Alim-2-2,504,46000.0,7.54,UN,True,2025-12-30
2623,0627879025912,Commodi consequatur,Bebes y maternidad,Bebe-3,Bebe-3-1,365,147900.0,2.79,UN,True,2026-02-01
2624,2046372162661,Necessitatibus sint,Hogar y limpieza,Hoga-2,Hoga-1-1,169,199200.0,,UN,False,2025-09-05
2625,0323584180297,Explicabo explicabo,Cuidado personal e higiene,Cuid-1,Cuid-3-2,416,148000.0,15.59,UN,True,2025-10-28
2626,5599977379394,Cum ut,Hogar y limpieza,Hoga-2,Hoga-1-2,755,133400.0,12.44,KG,True,2025-09-23
2627,5795519247415,Quo dicta,Alimentos y bebidas,Alim-1,Alim-3-1,220,212200.0,8.78,UN,True,2025-12-19
2628,1173670386251,Mollitia sed,Cuidado personal e higiene,Cuid-2,Cuid-2-2,321,4700.0,16.42,UN,True,2026-01-18
2629,6761125842336,Praesentium velit,Cuidado personal e higiene,Cuid-3,Cuid-1-1,251,155000.0,0.13,UN,True,2025-10-05
2630,0080563082927,Blanditiis quae,Ropa y calzado basico,Ropa-3,Ropa-3-2,235,103600.0,16.54,KG,True,2025-10-02
2631,4828732107882,Omnis vitae,Alimentos y bebidas,Alim-2,Alim-3-1,525,50000.0,1.24,LT,True,2025-12-05
2632,3127365485222,Aspernatur cum,Hogar y limpieza,Hoga-2,Hoga-2-2,300,244900.0,17.41,UN,True,2025-11-22
2633,0720197084286,Laboriosam eum,Ropa y calzado basico,Ropa-3,Ropa-1-2,498,102100.0,18.95,UN,False,2025-09-25
2634,7416279636513,Rem quos,Bebes y maternidad,Bebe-1,Bebe-1-1,16,85100.0,16.39,UN,True,2026-01-18
2635,2955510051081,Veniam officiis,Electronica y tecnologia,Elec-1,Elec-3-1,530,43900.0,0.44,LT,True,2026-02-05
2636,1948422623003,Fugiat adipisci,Cuidado personal e higiene,Cuid-1,Cuid-2-2,85,249400.0,10.55,UN,True,2025-11-28
2637,3607223502839,Laudantium fugit,Hogar y limpieza,Hoga-3,Hoga-3-2,302,214300.0,16.58,UN,True,2025-11-16
2638,0342437539167,Autem repellat,Cuidado personal e higiene,Cuid-2,Cuid-3-2,699,19400.0,10.92,UN,True,2025-10-06
2639,9280916631661,At reprehenderit,Electronica y tecnologia,Elec-1,Elec-3-2,270,142300.0,7.23,UN,True,2025-11-06
2640,9687403304549,Reprehenderit reprehenderit,Cuidado personal e higiene,Cuid-1,Cuid-1-1,559,38600.0,9.44,UN,True,2025-12-14
2641,4106166497008,In voluptatem,Electronica y tecnologia,Elec-1,Elec-2-2,282,179500.0,1.66,KG,True,2026-03-21
2642,8445801517647,Sed quibusdam,Electronica y tecnologia,Elec-3,Elec-3-2,722,122100.0,9.95,UN,True,2025-10-11
2643,2962809241153,Tempora ipsum,Bebes y maternidad,Bebe-2,Bebe-1-1,761,29400.0,0.61,UN,True,2026-02-16
2644,0509699613152,Unde cupiditate,Hogar y limpieza,Hoga-1,Hoga-1-2,728,140100.0,12.9,LT,True,2025-12-13
2645,2552322805880,Cupiditate perspiciatis,Bebes y maternidad,Bebe-1,Bebe-2-1,317,227800.0,7.84,LT,False,2025-12-23
2646,3774354047628,Illo dolores,Hogar y limpieza,Hoga-2,Hoga-3-1,255,86600.0,3.87,UN,True,2025-11-03
2647,5395011152554,Molestias beatae,Ropa y calzado basico,Ropa-2,Ropa-2-2,485,14600.0,0.4,UN,True,2026-03-11
2648,8627788826039,Ipsa delectus,Electronica y tecnologia,Elec-3,Elec-1-2,654,236400.0,18.45,KG,True,2025-09-16
2649,1748903045887,Dicta numquam,Ropa y calzado basico,Ropa-1,Ropa-3-2,419,37200.0,11.15,UN,True,2025-10-16
2650,0971861422938,Ipsa aliquam,Hogar y limpieza,Hoga-1,Hoga-1-1,591,119800.0,12.96,LT,False,2025-11-06
2651,5545920559672,Impedit magnam,Ropa y calzado basico,Ropa-1,Ropa-1-1,701,137100.0,15.6,UN,True,2025-12-27
2652,5779911379837,Beatae doloremque,Hogar y limpieza,Hoga-2,Hoga-3-2,602,60800.0,12.55,KG,True,2025-11-27
2653,0457627451164,Doloremque qui,Hogar y limpieza,Hoga-3,Hoga-3-1,296,46000.0,8.29,UN,True,2026-03-08
2654,0895897015226,Vero iure,Hogar y limpieza,Hoga-2,Hoga-3-2,200,30100.0,12.57,UN,True,2025-10-10
2655,1336896008349,Provident recusandae,Ropa y calzado basico,Ropa-1,Ropa-3-2,348,19300.0,5.09,KG,False,2025-12-26
2656,7612898993079,Temporibus esse,Electronica y tecnologia,Elec-2,Elec-2-1,461,128000.0,11.25,UN,True,2025-12-09
2657,4611399799275,Totam officia,Alimentos y bebidas,Alim-2,Alim-1-2,675,210800.0,4.15,UN,True,2025-11-04
2658,1560338788524,Aliquam ratione,Ropa y calzado basico,Ropa-1,Ropa-1-1,241,33400.0,18.35,UN,False,2025-09-08
2659,8589868184395,Cum architecto,Ropa y calzado basico,Ropa-3,Ropa-3-1,129,175800.0,10.22,UN,True,2026-02-13
2660,7630900737947,Ex laborum,Alimentos y bebidas,Alim-2,Alim-3-1,253,104300.0,4.72,UN,True,2025-10-14
2661,9994457444108,Odio vero,Bebes y maternidad,Bebe-1,Bebe-2-1,476,10700.0,12.81,UN,True,2025-10-01
2662,7692626543479,Harum et,Electronica y tecnologia,Elec-2,Elec-2-1,186,134900.0,1.85,UN,True,2025-12-27
2663,5916043598396,Commodi quos,Alimentos y bebidas,Alim-3,Alim-1-2,320,64500.0,8.71,UN,True,2025-10-04
2664,8590799658572,Reiciendis cum,Hogar y limpieza,Hoga-3,Hoga-1-1,206,152100.0,17.33,UN,True,2026-01-09
2665,8375681678438,Amet aliquam,Bebes y maternidad,Bebe-1,Bebe-3-1,789,88600.0,15.37,KG,True,2026-01-28
2666,4073071776132,Ipsa tenetur,Cuidado personal e higiene,Cuid-3,Cuid-1-1,411,167300.0,14.08,UN,True,2025-10-19
2667,5007883692235,Reprehenderit dolorum,Bebes y maternidad,Bebe-2,Bebe-2-2,578,229800.0,9.44,KG,True,2025-09-17
2668,3854033699956,Facere natus,Hogar y limpieza,Hoga-2,Hoga-3-1,417,62600.0,8.97,UN,True,2025-09-23
2669,2850231265321,Amet cumque,Cuidado personal e higiene,Cuid-1,Cuid-2-1,9,235100.0,0.28,UN,True,2025-09-14
2670,7355149724908,Distinctio quis,Hogar y limpieza,Hoga-3,Hoga-2-1,212,52700.0,12.02,UN,True,2025-12-09
2671,3223477146959,Sunt magnam,Electronica y tecnologia,Elec-3,Elec-1-1,672,19500.0,11.56,UN,True,2025-11-18
2672,0935555702003,Facilis vel,Ropa y calzado basico,Ropa-1,Ropa-1-2,410,49800.0,0.16,UN,True,2026-02-06
2673,6174136445944,Ullam reiciendis,Bebes y maternidad,Bebe-2,Bebe-1-1,563,204100.0,2.78,KG,True,2025-11-22
2674,7612189391270,Repellat tempore,Cuidado personal e higiene,Cuid-3,Cuid-1-1,610,170000.0,0.3,UN,True,2026-01-12
2675,0650761222830,Officia dolorum,Bebes y maternidad,Bebe-2,Bebe-1-1,449,242800.0,5.1,UN,False,2025-12-06
2676,0564468530450,Natus eum,Electronica y tecnologia,Elec-1,Elec-1-1,462,178000.0,0.13,KG,True,2025-11-28
2677,5559502635609,Consequuntur totam,Alimentos y bebidas,Alim-3,Alim-1-1,189,104300.0,8.38,UN,True,2026-01-30
2678,7778943327630,Iusto asperiores,Bebes y maternidad,Bebe-1,Bebe-1-1,200,223300.0,9.55,KG,True,2025-12-14
2679,9904600823698,Quam aut,Hogar y limpieza,Hoga-2,Hoga-3-2,120,239600.0,8.77,UN,True,2025-12-26
2680,6269022209752,Accusamus quod,Electronica y tecnologia,Elec-2,Elec-1-1,239,198300.0,4.03,UN,True,2025-12-03
2681,5061790670151,Nostrum nostrum,Ropa y calzado basico,Ropa-3,Ropa-2-2,503,140000.0,10.5,UN,True,2026-01-24
2682,1200393449076,Numquam asperiores,Alimentos y bebidas,Alim-2,Alim-3-2,743,206800.0,16.29,UN,True,2025-11-03
2683,6972162183331,Fugiat veritatis,Cuidado personal e higiene,Cuid-3,Cuid-1-1,352,46400.0,5.86,UN,True,2025-09-13
2684,9192969210536,Delectus repellendus,Ropa y calzado basico,Ropa-3,Ropa-2-2,482,225300.0,6.29,LT,True,2025-11-27
2685,0712260082282,Magnam vitae,Cuidado personal e higiene,Cuid-3,Cuid-3-1,690,249900.0,10.88,UN,True,2025-11-06
2686,3774270549855,Occaecati sapiente,Alimentos y bebidas,Alim-3,Alim-2-1,542,167000.0,4.71,LT,True,2026-03-02
2687,7887282063229,Ad error,Alimentos y bebidas,Alim-3,Alim-1-1,210,50600.0,6.79,UN,True,2026-03-16
2688,8012698044664,Iste hic,Ropa y calzado basico,Ropa-3,Ropa-3-1,225,37800.0,9.08,UN,True,2025-10-17
2689,5895247609605,Velit aperiam,Alimentos y bebidas,Alim-3,Alim-3-2,511,239900.0,7.76,UN,True,2025-11-28
2690,6472452573786,Molestias fugit,Alimentos y bebidas,Alim-2,Alim-2-2,231,218100.0,16.37,LT,True,2025-11-29
2691,7477884070949,Distinctio ullam,Electronica y tecnologia,Elec-1,Elec-1-2,200,187700.0,,UN,True,2025-10-18
2692,6577706129884,Quia dolore,Alimentos y bebidas,Alim-1,Alim-1-1,474,237400.0,8.09,KG,True,2025-09-05
2693,9728426809281,Est magni,Electronica y tecnologia,Elec-3,Elec-3-2,510,126800.0,8.98,UN,True,2026-03-21
2694,2616417005378,Reiciendis provident,Electronica y tecnologia,Elec-1,Elec-1-2,203,222200.0,19.14,KG,True,2026-01-12
2695,1860566880312,Hic quibusdam,Electronica y tecnologia,Elec-3,Elec-1-2,39,42400.0,10.09,KG,True,2025-11-25
2696,6647951279839,Provident placeat,Hogar y limpieza,Hoga-3,Hoga-2-1,615,47300.0,19.86,UN,False,2025-10-10
2697,1242853541609,Nam soluta,Ropa y calzado basico,Ropa-2,Ropa-3-2,314,129100.0,15.27,UN,True,2025-12-08
2698,1991984808708,Ut beatae,Electronica y tecnologia,Elec-3,Elec-1-1,507,84500.0,5.32,UN,False,2025-10-28
2699,1708671520771,Quidem nihil,Hogar y limpieza,Hoga-1,Hoga-1-1,139,109300.0,4.62,LT,True,2025-10-18
2700,1074043368952,Id quas,Alimentos y bebidas,Alim-2,Alim-2-2,252,200000.0,3.22,UN,True,2026-03-14
2701,7967246105117,Voluptate id,Cuidado personal e higiene,Cuid-3,Cuid-3-1,485,15200.0,16.13,UN,True,2026-01-13
2702,0900701785025,Autem doloribus,Alimentos y bebidas,Alim-3,Alim-2-2,100,180800.0,6.17,KG,True,2025-11-04
2703,0502549723926,Beatae distinctio,Alimentos y bebidas,Alim-1,Alim-3-1,254,23900.0,13.53,UN,True,2025-10-15
2704,0102975997474,Ex id,Cuidado personal e higiene,Cuid-3,Cuid-1-1,576,212200.0,,UN,True,2026-02-04
2705,5396597442527,Reiciendis modi,Cuidado personal e higiene,Cuid-2,Cuid-2-1,618,52100.0,16.53,UN,True,2026-01-03
2706,6942041641535,Aliquid laudantium,Alimentos y bebidas,Alim-3,Alim-2-1,283,184300.0,15.03,UN,True,2026-02-21
2707,7405133793769,Sed temporibus,Cuidado personal e higiene,Cuid-2,Cuid-2-1,92,148800.0,1.32,UN,True,2026-02-02
2708,6997681608554,Enim praesentium,Electronica y tecnologia,Elec-2,Elec-2-1,21,97600.0,6.8,UN,True,2025-11-23
2709,7174905849682,Animi voluptatibus,Cuidado personal e higiene,Cuid-1,Cuid-3-1,445,68300.0,10.43,KG,True,2026-01-12
2710,8144990803585,Mollitia dignissimos,Cuidado personal e higiene,Cuid-2,Cuid-1-2,555,16200.0,16.08,UN,True,2025-11-19
2711,6240574450991,Officiis dicta,Alimentos y bebidas,Alim-3,Alim-3-1,475,89600.0,14.29,KG,True,2025-09-22
2712,9863245352799,Et iusto,Alimentos y bebidas,Alim-3,Alim-1-1,325,51700.0,11.01,UN,True,2025-09-10
2713,1111085184666,Deserunt mollitia,Alimentos y bebidas,Alim-1,Alim-2-1,18,35700.0,16.18,LT,False,2025-09-19
2714,8985932135964,Fugit eos,Hogar y limpieza,Hoga-1,Hoga-2-2,181,185100.0,8.73,UN,True,2026-03-06
2715,1830734800220,Modi commodi,Electronica y tecnologia,Elec-3,Elec-2-1,29,54700.0,,UN,False,2026-02-19
2716,6425972055485,Culpa exercitationem,Ropa y calzado basico,Ropa-2,Ropa-1-2,370,57300.0,17.42,LT,True,2025-11-21
2717,2987819214744,Quas quibusdam,Electronica y tecnologia,Elec-3,Elec-3-2,247,86400.0,10.56,UN,True,2026-03-03
2718,9847460429375,Pariatur aspernatur,Electronica y tecnologia,Elec-1,Elec-3-1,57,116700.0,16.18,LT,True,2026-01-29
2719,1784721461720,Voluptatum iste,Bebes y maternidad,Bebe-2,Bebe-3-2,488,129400.0,7.87,UN,True,2025-10-01
2720,7580452926767,Optio corporis,Cuidado personal e higiene,Cuid-1,Cuid-3-1,297,166800.0,11.79,UN,True,2025-10-19
2721,9889798877541,Non dolorem,Ropa y calzado basico,Ropa-3,Ropa-1-1,771,148000.0,,UN,True,2025-11-18
2722,4584741340190,Sit quae,Bebes y maternidad,Bebe-3,Bebe-2-2,334,121500.0,8.22,KG,True,2026-02-11
2723,2936059627517,Hic praesentium,Electronica y tecnologia,Elec-1,Elec-1-2,73,99700.0,2.99,UN,True,2026-01-12
2724,9346389012489,Minima incidunt,Bebes y maternidad,Bebe-1,Bebe-3-2,565,67900.0,14.84,KG,True,2025-11-21
2725,4479365611569,Provident possimus,Alimentos y bebidas,Alim-3,Alim-1-1,563,178100.0,5.64,UN,True,2026-02-18
2726,8622307065944,Aperiam asperiores,Bebes y maternidad,Bebe-1,Bebe-1-2,744,80700.0,6.07,UN,True,2025-11-08
2727,8053160227437,Reiciendis non,Electronica y tecnologia,Elec-3,Elec-3-1,555,212700.0,7.12,KG,True,2026-03-04
2728,3037271862447,Facere neque,Cuidado personal e higiene,Cuid-3,Cuid-1-2,290,147400.0,8.67,LT,True,2026-01-26
2729,7563112138076,Cumque fugiat,Alimentos y bebidas,Alim-1,Alim-3-1,536,159200.0,11.54,UN,True,2026-01-21
2730,8287806615450,Minus rem,Ropa y calzado basico,Ropa-1,Ropa-1-2,639,128200.0,13.67,UN,True,2025-09-21
2731,9858663565418,Similique hic,Hogar y limpieza,Hoga-3,Hoga-2-2,413,232300.0,13.53,UN,True,2025-10-03
2732,8028825212882,Quam exercitationem,Cuidado personal e higiene,Cuid-1,Cuid-3-1,636,106600.0,8.5,UN,False,2026-03-19
2733,6690594699847,Quam suscipit,Hogar y limpieza,Hoga-2,Hoga-2-2,774,107900.0,9.66,KG,True,2026-02-04
2734,2882847052033,Libero necessitatibus,Bebes y maternidad,Bebe-1,Bebe-1-1,604,223500.0,2.85,UN,True,2025-10-25
2735,1329887123206,Aperiam cupiditate,Hogar y limpieza,Hoga-2,Hoga-1-1,402,152000.0,10.45,UN,True,2026-02-22
2736,3668642778625,Nostrum nisi,Alimentos y bebidas,Alim-2,Alim-1-2,395,113400.0,17.55,KG,True,2025-11-04
2737,6852728760322,Provident labore,Cuidado personal e higiene,Cuid-3,Cuid-1-2,671,67000.0,9.24,KG,True,2025-11-13
2738,0877834710623,Quod neque,Alimentos y bebidas,Alim-3,Alim-2-2,699,62800.0,18.76,UN,True,2025-11-03
2739,8334557356238,Odit nulla,Ropa y calzado basico,Ropa-2,Ropa-2-1,211,200800.0,3.16,LT,True,2025-12-11
2740,2770045358593,Qui sed,Ropa y calzado basico,Ropa-2,Ropa-1-2,8,71300.0,14.75,UN,True,2026-02-03
2741,7302732285704,Iusto eveniet,Bebes y maternidad,Bebe-2,Bebe-1-1,646,3400.0,14.17,UN,True,2025-10-07
2742,4240255546892,Deserunt inventore,Electronica y tecnologia,Elec-3,Elec-3-2,189,6800.0,13.65,KG,True,2026-03-16
2743,3977041167887,Sit odio,Ropa y calzado basico,Ropa-1,Ropa-1-2,798,244600.0,13.27,UN,True,2025-11-03
2744,1596467386560,Labore esse,Hogar y limpieza,Hoga-1,Hoga-1-1,29,140800.0,0.5,LT,True,2026-03-16
2745,9044846733228,Similique eos,Electronica y tecnologia,Elec-2,Elec-2-2,729,123300.0,14.86,UN,True,2026-02-24
2746,9124895587703,Animi eum,Alimentos y bebidas,Alim-3,Alim-1-1,543,229600.0,10.02,LT,True,2025-12-22
2747,0623945994267,Temporibus mollitia,Electronica y tecnologia,Elec-3,Elec-3-1,244,89200.0,10.51,UN,True,2025-09-21
2748,4076089530123,Autem similique,Electronica y tecnologia,Elec-1,Elec-1-1,28,199200.0,1.06,UN,True,2025-12-27
2749,0339801387165,Rem recusandae,Alimentos y bebidas,Alim-1,Alim-3-2,677,181000.0,3.81,KG,True,2026-02-03
2750,2833568905818,Eos debitis,Electronica y tecnologia,Elec-2,Elec-2-1,96,120300.0,18.22,KG,True,2026-03-19
2751,0801533743569,Minus adipisci,Ropa y calzado basico,Ropa-2,Ropa-3-2,77,194100.0,6.34,KG,True,2025-09-23
2752,7027728715651,Expedita quis,Hogar y limpieza,Hoga-2,Hoga-2-2,633,241500.0,7.91,UN,True,2026-01-30
2753,9695794575950,Voluptas nam,Electronica y tecnologia,Elec-1,Elec-3-1,543,51800.0,3.82,UN,True,2025-11-01
2754,9955055362911,Culpa suscipit,Cuidado personal e higiene,Cuid-3,Cuid-2-2,102,6300.0,,UN,True,2026-01-31
2755,7148541839529,Minima nulla,Cuidado personal e higiene,Cuid-3,Cuid-2-2,274,205700.0,14.83,UN,True,2025-12-29
2756,5252078821659,Temporibus illo,Alimentos y bebidas,Alim-3,Alim-3-1,534,102100.0,18.43,UN,True,2026-02-24
2757,1192145744525,Delectus eaque,Cuidado personal e higiene,Cuid-2,Cuid-2-1,527,137000.0,11.26,KG,True,2025-09-04
2758,0302769473089,Mollitia quibusdam,Ropa y calzado basico,Ropa-1,Ropa-2-1,290,57200.0,5.55,UN,True,2025-12-14
2759,8240353212442,Eligendi odio,Bebes y maternidad,Bebe-2,Bebe-1-2,330,210800.0,1.47,UN,True,2026-01-17
2760,0293634094129,Qui accusamus,Electronica y tecnologia,Elec-1,Elec-1-1,64,180900.0,5.36,KG,True,2025-11-18
2761,1805257959908,Veniam esse,Electronica y tecnologia,Elec-1,Elec-2-2,8,238400.0,12.39,LT,True,2025-11-06
2762,0479412325467,Odio beatae,Electronica y tecnologia,Elec-2,Elec-1-1,775,119900.0,19.48,UN,True,2025-11-08
2763,0189113434855,Omnis aut,Hogar y limpieza,Hoga-2,Hoga-2-2,186,244200.0,1.63,KG,True,2026-01-31
2764,7133996276869,Quo non,Hogar y limpieza,Hoga-1,Hoga-1-1,742,128700.0,7.8,KG,True,2025-10-15
2765,1273421120292,Iste quidem,Electronica y tecnologia,Elec-3,Elec-2-1,34,156100.0,13.36,UN,True,2026-03-18
2766,1381301494804,Quisquam adipisci,Ropa y calzado basico,Ropa-1,Ropa-3-1,792,169200.0,11.51,KG,True,2025-10-15
2767,2989088819668,Odit id,Hogar y limpieza,Hoga-2,Hoga-2-1,342,123500.0,,LT,True,2025-11-26
2768,4523191990821,Necessitatibus cum,Electronica y tecnologia,Elec-2,Elec-3-2,645,141600.0,9.29,KG,True,2026-03-21
2769,1335683172362,Voluptas dignissimos,Hogar y limpieza,Hoga-2,Hoga-1-1,673,57400.0,5.38,UN,True,2025-09-09
2770,6704171038919,Animi explicabo,Cuidado personal e higiene,Cuid-3,Cuid-1-1,282,91900.0,9.68,UN,False,2025-11-10
2771,9187405013321,Neque labore,Cuidado personal e higiene,Cuid-3,Cuid-3-1,591,176100.0,7.66,KG,True,2026-02-20
2772,0344956071487,Incidunt itaque,Alimentos y bebidas,Alim-3,Alim-3-1,268,11700.0,14.2,UN,True,2025-11-06
2773,7650775257234,Minus ipsum,Hogar y limpieza,Hoga-2,Hoga-3-2,632,175700.0,3.47,UN,True,2025-10-28
2774,1631603781103,Nostrum molestias,Ropa y calzado basico,Ropa-1,Ropa-2-2,768,77300.0,9.95,UN,True,2025-09-04
2775,5703996306679,Est voluptas,Ropa y calzado basico,Ropa-2,Ropa-3-2,646,69400.0,19.18,KG,True,2025-10-03
2776,0059946966932,Molestiae eos,Bebes y maternidad,Bebe-2,Bebe-3-1,583,174000.0,10.66,UN,True,2025-10-13
2777,2337007158006,Mollitia earum,Alimentos y bebidas,Alim-2,Alim-3-2,298,55300.0,4.78,LT,True,2026-02-26
2778,9714086332344,Voluptatibus quod,Ropa y calzado basico,Ropa-2,Ropa-3-2,87,240500.0,18.72,UN,True,2025-12-22
2779,3065874488832,Vel cum,Ropa y calzado basico,Ropa-1,Ropa-1-1,405,247700.0,4.92,KG,True,2025-10-20
2780,9237590972283,Eos sit,Hogar y limpieza,Hoga-2,Hoga-1-1,104,115600.0,15.04,UN,False,2026-02-12
2781,5825854551394,Dicta unde,Cuidado personal e higiene,Cuid-3,Cuid-2-1,407,101600.0,2.24,KG,True,2026-01-03
2782,1960348236785,Deserunt dolorum,Hogar y limpieza,Hoga-2,Hoga-2-2,696,21600.0,,KG,True,2025-11-06
2783,8387369323806,Eos aspernatur,Ropa y calzado basico,Ropa-3,Ropa-3-1,91,195000.0,3.65,UN,True,2025-10-24
2784,0436475846643,Id ducimus,Bebes y maternidad,Bebe-3,Bebe-2-2,721,42400.0,7.91,UN,True,2025-10-18
2785,8674163712067,Consequatur aspernatur,Electronica y tecnologia,Elec-3,Elec-1-2,479,233400.0,19.31,LT,True,2026-01-24
2786,3175529776013,Eveniet porro,Electronica y tecnologia,Elec-1,Elec-3-2,38,247700.0,11.61,KG,True,2026-01-25
2787,4584081144151,Saepe rem,Electronica y tecnologia,Elec-3,Elec-1-2,577,32400.0,5.32,UN,True,2026-01-11
2788,7281436116869,Quo ea,Alimentos y bebidas,Alim-2,Alim-3-1,1,171400.0,0.06,UN,True,2025-12-02
2789,1146036118926,Aliquam incidunt,Electronica y tecnologia,Elec-2,Elec-1-2,489,117600.0,0.19,LT,True,2025-12-14
2790,6055546542686,Temporibus quidem,Alimentos y bebidas,Alim-2,Alim-2-2,406,136200.0,5.53,KG,True,2026-03-02
2791,3684377140346,Occaecati recusandae,Bebes y maternidad,Bebe-1,Bebe-2-2,597,46500.0,10.56,UN,True,2025-12-24
2792,4545956600301,Esse praesentium,Bebes y maternidad,Bebe-3,Bebe-1-1,301,181400.0,9.72,UN,True,2026-01-04
2793,1196227238698,Aperiam consectetur,Electronica y tecnologia,Elec-2,Elec-1-1,96,43300.0,18.44,UN,True,2025-10-19
2794,7421736838508,Doloribus eveniet,Hogar y limpieza,Hoga-3,Hoga-1-2,310,221600.0,15.29,KG,False,2025-12-04
2795,9570934099162,Eligendi iusto,Ropa y calzado basico,Ropa-3,Ropa-2-1,610,114600.0,18.5,KG,True,2025-09-08
2796,5081136403489,Occaecati voluptates,Electronica y tecnologia,Elec-2,Elec-1-2,763,159400.0,10.26,UN,True,2025-12-05
2797,4843770062795,Reiciendis esse,Ropa y calzado basico,Ropa-3,Ropa-3-2,167,230600.0,8.96,UN,True,2026-02-11
2798,5951429544963,Possimus suscipit,Electronica y tecnologia,Elec-2,Elec-1-2,282,185000.0,11.34,UN,True,2026-01-16
2799,6954217562759,Optio voluptatum,Cuidado personal e higiene,Cuid-2,Cuid-2-2,702,136100.0,7.47,UN,True,2026-02-28
2800,2800161734473,Laborum saepe,Alimentos y bebidas,Alim-3,Alim-1-2,251,101900.0,4.26,LT,True,2025-11-11
2801,9459235163836,Ab beatae,Cuidado personal e higiene,Cuid-3,Cuid-3-1,196,116600.0,16.74,KG,True,2026-02-06
2802,2648971001701,Dolorum sapiente,Electronica y tecnologia,Elec-3,Elec-3-1,666,86700.0,13.63,UN,True,2026-01-28
2803,7812945761303,Delectus repudiandae,Hogar y limpieza,Hoga-3,Hoga-3-2,394,236700.0,6.55,UN,True,2026-01-23
2804,4948414235525,Vero sit,Electronica y tecnologia,Elec-2,Elec-3-2,467,64700.0,8.95,UN,True,2026-02-10
2805,8337287567981,Delectus sit,Cuidado personal e higiene,Cuid-3,Cuid-1-1,390,103500.0,4.55,KG,True,2025-12-07
2806,1302656477113,Dolor alias,Bebes y maternidad,Bebe-1,Bebe-3-1,483,195000.0,11.28,UN,True,2025-11-11
2807,5882187089413,Atque eveniet,Hogar y limpieza,Hoga-3,Hoga-1-1,216,92400.0,7.2,UN,True,2025-12-29
2808,0791161146446,Eos numquam,Bebes y maternidad,Bebe-2,Bebe-3-1,586,221900.0,17.52,LT,True,2025-11-19
2809,6119830975427,Accusantium illo,Hogar y limpieza,Hoga-2,Hoga-2-1,290,62300.0,10.59,UN,True,2026-01-20
2810,4738852377488,Iste pariatur,Hogar y limpieza,Hoga-3,Hoga-2-2,419,9800.0,8.26,KG,True,2026-02-24
2811,7700788125324,Fugiat ab,Electronica y tecnologia,Elec-1,Elec-3-2,149,157900.0,15.0,UN,True,2025-09-09
2812,5121808226791,Ut quod,Cuidado personal e higiene,Cuid-3,Cuid-3-1,10,128000.0,18.11,UN,True,2026-01-06
2813,9096660286534,Iste architecto,Cuidado personal e higiene,Cuid-2,Cuid-3-1,457,233400.0,16.36,KG,True,2025-11-27
2814,8395716468216,Optio voluptatibus,Hogar y limpieza,Hoga-2,Hoga-1-1,112,106900.0,9.92,KG,True,2025-09-24
2815,0037090703788,Impedit sed,Ropa y calzado basico,Ropa-1,Ropa-1-2,731,35600.0,7.16,KG,True,2025-10-18
2816,0886693207090,Tempore beatae,Alimentos y bebidas,Alim-2,Alim-1-2,768,83800.0,13.26,UN,True,2026-02-16
2817,8348492674876,Beatae et,Hogar y limpieza,Hoga-3,Hoga-2-1,254,99500.0,16.35,UN,True,2025-11-15
2818,6296507445657,Sed dolor,Ropa y calzado basico,Ropa-1,Ropa-2-1,232,146600.0,19.57,UN,True,2025-09-21
2819,7267654198283,Quidem deleniti,Ropa y calzado basico,Ropa-2,Ropa-1-2,407,70100.0,9.17,UN,False,2026-01-31
2820,1794779500340,Eius neque,Hogar y limpieza,Hoga-3,Hoga-3-2,164,138500.0,13.38,UN,True,2025-10-21
2821,5220262693030,Repellendus nisi,Alimentos y bebidas,Alim-2,Alim-1-2,690,227200.0,5.9,UN,True,2025-11-15
2822,2645257330906,Ipsa soluta,Alimentos y bebidas,Alim-2,Alim-3-1,82,107100.0,1.79,UN,True,2025-10-13
2823,7406351685225,Excepturi quisquam,Hogar y limpieza,Hoga-2,Hoga-3-2,362,163600.0,5.1,UN,True,2026-01-29
2824,4767512583792,Dignissimos non,Ropa y calzado basico,Ropa-1,Ropa-2-1,152,58800.0,0.34,UN,True,2026-03-06
2825,9005366933277,Ratione et,Alimentos y bebidas,Alim-2,Alim-2-1,666,200700.0,10.21,UN,True,2026-03-17
2826,6334228562830,Commodi excepturi,Bebes y maternidad,Bebe-3,Bebe-1-1,116,68900.0,7.49,KG,True,2025-09-18
2827,7237225931038,Quo accusantium,Ropa y calzado basico,Ropa-2,Ropa-1-1,358,145800.0,13.58,LT,True,2026-03-07
2828,3700894234037,Voluptas ad,Alimentos y bebidas,Alim-2,Alim-3-1,667,76500.0,12.33,UN,True,2026-01-08
2829,7043333188383,Vitae esse,Hogar y limpieza,Hoga-1,Hoga-2-1,353,18700.0,3.4,UN,True,2026-02-16
2830,4561257804736,Expedita ratione,Cuidado personal e higiene,Cuid-3,Cuid-1-2,148,81300.0,13.49,KG,False,2025-09-19
2831,7198517696809,Eius ex,Bebes y maternidad,Bebe-3,Bebe-3-2,126,54600.0,3.79,UN,True,2026-02-21
2832,6455442157838,Nostrum odit,Electronica y tecnologia,Elec-3,Elec-3-1,484,223400.0,0.17,KG,True,2025-11-08
2833,7926405327395,Eius voluptates,Cuidado personal e higiene,Cuid-2,Cuid-3-2,100,68000.0,19.41,UN,True,2025-11-21
2834,6885934288397,Necessitatibus atque,Cuidado personal e higiene,Cuid-2,Cuid-2-2,285,243700.0,0.59,UN,True,2026-03-02
2835,0397997833156,In assumenda,Electronica y tecnologia,Elec-2,Elec-3-2,490,124100.0,6.87,UN,True,2026-01-28
2836,0321985965512,Id praesentium,Alimentos y bebidas,Alim-1,Alim-1-1,304,56800.0,12.77,KG,True,2025-12-15
2837,0250666860672,Veniam neque,Cuidado personal e higiene,Cuid-1,Cuid-1-1,662,99100.0,7.44,UN,True,2026-01-15
2838,3476714998631,Autem sequi,Alimentos y bebidas,Alim-2,Alim-3-1,551,47500.0,7.66,UN,True,2025-11-14
2839,2895910385242,Illo maiores,Electronica y tecnologia,Elec-2,Elec-3-1,109,208800.0,14.47,UN,True,2026-03-19
2840,2762215596379,Nihil commodi,Ropa y calzado basico,Ropa-1,Ropa-2-2,654,31800.0,12.06,UN,True,2025-09-17
2841,4396399495944,Velit ipsum,Hogar y limpieza,Hoga-3,Hoga-1-1,729,218600.0,10.39,LT,True,2025-12-27
2842,0389554656537,Quidem corrupti,Alimentos y bebidas,Alim-2,Alim-1-1,162,13400.0,17.73,UN,True,2025-09-12
2843,1708730021027,Quae culpa,Hogar y limpieza,Hoga-3,Hoga-3-2,288,76300.0,2.21,UN,True,2025-11-28
2844,7366325673224,Tenetur autem,Bebes y maternidad,Bebe-1,Bebe-3-2,317,36700.0,9.42,UN,True,2025-12-14
2845,3487493916600,Accusamus nam,Cuidado personal e higiene,Cuid-1,Cuid-2-2,341,171900.0,4.82,UN,True,2026-02-18
2846,1910904886602,Voluptates similique,Alimentos y bebidas,Alim-1,Alim-1-1,372,129100.0,0.78,KG,True,2026-03-10
2847,7326447893788,Sed illo,Alimentos y bebidas,Alim-3,Alim-2-1,716,235000.0,19.58,KG,True,2026-01-31
2848,5954176090936,Ut distinctio,Ropa y calzado basico,Ropa-1,Ropa-3-2,522,92800.0,14.69,UN,True,2026-03-15
2849,7164581045737,Repellendus ea,Alimentos y bebidas,Alim-3,Alim-2-1,718,12100.0,,UN,True,2025-09-28
2850,4669447338785,Doloremque ex,Electronica y tecnologia,Elec-3,Elec-2-2,281,190900.0,8.08,UN,True,2025-12-18
2851,0528905665181,At sit,Bebes y maternidad,Bebe-1,Bebe-3-2,420,145700.0,4.56,UN,True,2026-01-01
2852,3784771988831,Porro quae,Electronica y tecnologia,Elec-2,Elec-1-1,86,207200.0,13.71,UN,True,2025-09-19
2853,7434509685933,Repellendus laboriosam,Hogar y limpieza,Hoga-1,Hoga-2-1,222,107700.0,7.04,UN,True,2025-12-31
2854,8062502308994,Veritatis quasi,Cuidado personal e higiene,Cuid-2,Cuid-2-2,468,185100.0,18.4,UN,True,2025-09-12
2855,6469243435484,Repellendus eos,Alimentos y bebidas,Alim-1,Alim-2-1,138,44400.0,4.19,UN,True,2026-01-08
2856,6952121560380,Temporibus totam,Alimentos y bebidas,Alim-3,Alim-3-1,769,249900.0,7.03,UN,True,2025-10-18
2857,7108803546947,Dignissimos animi,Bebes y maternidad,Bebe-3,Bebe-2-1,218,45100.0,18.64,KG,True,2026-03-11
2858,6604903764744,At amet,Alimentos y bebidas,Alim-1,Alim-2-1,130,207800.0,17.7,UN,True,2025-11-08
2859,7691161221507,Vero ratione,Alimentos y bebidas,Alim-1,Alim-1-1,625,54700.0,5.9,KG,True,2026-01-02
2860,3965586819002,Sapiente quas,Ropa y calzado basico,Ropa-3,Ropa-3-1,73,196100.0,9.69,UN,True,2026-01-03
2861,4158933352867,Voluptas autem,Hogar y limpieza,Hoga-2,Hoga-1-1,260,215600.0,17.68,UN,True,2026-02-25
2862,6013855002956,Ab perspiciatis,Hogar y limpieza,Hoga-2,Hoga-1-1,160,219400.0,13.43,UN,True,2025-11-10
2863,7380101245719,Dolore eum,Ropa y calzado basico,Ropa-3,Ropa-2-2,556,120000.0,12.76,UN,True,2025-11-14
2864,8158061949997,Dignissimos dicta,Electronica y tecnologia,Elec-1,Elec-2-2,675,108300.0,13.23,UN,True,2026-01-18
2865,1365055191936,Ullam veniam,Bebes y maternidad,Bebe-3,Bebe-3-1,157,208800.0,18.42,UN,True,2025-09-15
2866,9687186717086,Praesentium in,Hogar y limpieza,Hoga-2,Hoga-3-1,333,145700.0,10.37,UN,True,2025-12-23
2867,0492932850714,Nulla quas,Ropa y calzado basico,Ropa-2,Ropa-3-1,383,156100.0,3.68,UN,True,2025-11-18
2868,9612933213498,Ex aliquid,Bebes y maternidad,Bebe-2,Bebe-2-1,553,60500.0,9.48,UN,True,2026-03-18
2869,5220940037170,Consectetur soluta,Hogar y limpieza,Hoga-3,Hoga-2-1,282,112600.0,14.59,UN,True,2025-12-19
2870,7588562748064,Ipsa fugiat,Cuidado personal e higiene,Cuid-2,Cuid-3-1,419,93600.0,9.87,UN,True,2026-02-05
2871,6112620306951,Cupiditate ab,Bebes y maternidad,Bebe-1,Bebe-2-2,403,167000.0,6.3,UN,True,2026-02-17
2872,1657121186015,Quaerat quidem,Cuidado personal e higiene,Cuid-1,Cuid-3-2,10,50700.0,13.34,LT,True,2025-10-03
2873,8112399330254,Enim inventore,Alimentos y bebidas,Alim-3,Alim-2-2,456,102600.0,9.03,KG,True,2026-01-08
2874,5987920623142,Fugiat explicabo,Electronica y tecnologia,Elec-2,Elec-1-2,455,212500.0,19.26,LT,True,2026-01-17
2875,5968891096197,Distinctio labore,Bebes y maternidad,Bebe-1,Bebe-2-1,793,137500.0,7.08,LT,True,2025-12-01
2876,6804505211206,Expedita placeat,Alimentos y bebidas,Alim-1,Alim-1-2,409,224200.0,,UN,True,2025-10-13
2877,3608164180445,Illum deserunt,Bebes y maternidad,Bebe-1,Bebe-1-2,720,59700.0,11.12,UN,True,2025-12-05
2878,6081971408341,Fugiat sapiente,Ropa y calzado basico,Ropa-3,Ropa-1-1,280,111100.0,1.6,UN,True,2025-09-14
2879,6954495060954,In consectetur,Bebes y maternidad,Bebe-3,Bebe-1-1,557,126100.0,9.42,UN,True,2026-03-22
2880,8062745669838,Possimus provident,Hogar y limpieza,Hoga-2,Hoga-2-1,722,101300.0,0.63,KG,True,2025-09-21
2881,9859074294140,Iure quo,Cuidado personal e higiene,Cuid-1,Cuid-3-2,123,171800.0,15.81,KG,True,2025-10-02
2882,2904957762531,Fuga pariatur,Electronica y tecnologia,Elec-2,Elec-2-1,454,38900.0,14.7,UN,False,2025-10-01
2883,8476691953017,Praesentium aperiam,Alimentos y bebidas,Alim-1,Alim-3-2,736,130800.0,1.06,KG,True,2025-10-15
2884,6472861746856,Dolor esse,Bebes y maternidad,Bebe-2,Bebe-2-2,445,36400.0,10.02,KG,True,2025-10-10
2885,9026297611669,Reprehenderit delectus,Electronica y tecnologia,Elec-2,Elec-1-1,715,158000.0,19.23,UN,True,2026-01-07
2886,2866034982464,Quae velit,Hogar y limpieza,Hoga-3,Hoga-1-2,336,207900.0,5.73,UN,False,2025-09-26
2887,8967016562774,Tempore eaque,Electronica y tecnologia,Elec-1,Elec-3-2,710,7000.0,18.09,LT,True,2026-01-22
2888,4021572312526,Beatae aspernatur,Ropa y calzado basico,Ropa-1,Ropa-2-2,504,115300.0,3.06,UN,True,2025-11-24
2889,4235256008586,Sed at,Electronica y tecnologia,Elec-1,Elec-3-1,384,124200.0,0.18,UN,True,2025-11-21
2890,9496172150529,Minima nulla,Bebes y maternidad,Bebe-2,Bebe-1-1,172,180600.0,10.63,UN,True,2025-12-14
2891,0535313184562,Atque saepe,Bebes y maternidad,Bebe-2,Bebe-3-1,137,20500.0,4.82,KG,True,2025-09-10
2892,0599342322104,Consectetur accusamus,Bebes y maternidad,Bebe-1,Bebe-3-1,232,102700.0,17.59,KG,True,2025-12-13
2893,9129443141406,Illum temporibus,Electronica y tecnologia,Elec-3,Elec-3-2,604,196800.0,13.49,UN,True,2025-12-17
2894,8783437798246,Excepturi rerum,Ropa y calzado basico,Ropa-2,Ropa-1-2,375,134000.0,13.75,LT,True,2026-01-31
2895,0211682313795,Numquam repellat,Cuidado personal e higiene,Cuid-3,Cuid-3-1,311,188000.0,13.48,UN,True,2025-10-02
2896,9818100962422,Voluptatibus doloribus,Alimentos y bebidas,Alim-2,Alim-2-2,374,92300.0,13.6,LT,True,2025-09-14
2897,6578963558776,Excepturi ipsa,Hogar y limpieza,Hoga-1,Hoga-3-1,276,230200.0,14.95,UN,True,2025-09-15
2898,4526348882376,Consectetur aliquam,Bebes y maternidad,Bebe-1,Bebe-2-1,646,21200.0,13.41,KG,True,2026-03-14
2899,2544225351175,Velit dolor,Alimentos y bebidas,Alim-2,Alim-2-2,313,24600.0,16.69,LT,True,2025-11-11
2900,8828050345535,Incidunt dicta,Electronica y tecnologia,Elec-2,Elec-2-1,378,133100.0,11.18,KG,True,2025-10-21
2901,8828720476767,Laudantium aperiam,Cuidado personal e higiene,Cuid-3,Cuid-3-1,448,118800.0,7.05,UN,True,2025-10-01
2902,6608288745879,Iste sequi,Hogar y limpieza,Hoga-3,Hoga-1-1,518,160300.0,9.36,KG,True,2025-10-25
2903,1207531368596,Vitae molestias,Alimentos y bebidas,Alim-1,Alim-2-1,267,58800.0,,UN,True,2025-11-30
2904,3152621074148,Enim corrupti,Ropa y calzado basico,Ropa-1,Ropa-2-2,59,58100.0,6.68,UN,True,2026-03-16
2905,4301061445295,Aspernatur minus,Ropa y calzado basico,Ropa-1,Ropa-3-1,552,187800.0,8.34,UN,True,2026-02-03
2906,9645744331990,Dolore nisi,Ropa y calzado basico,Ropa-1,Ropa-2-2,449,74400.0,7.73,UN,True,2026-02-21
2907,7115333497298,Ratione impedit,Ropa y calzado basico,Ropa-1,Ropa-3-2,519,182400.0,2.27,UN,True,2025-09-13
2908,6970100343441,Id at,Cuidado personal e higiene,Cuid-1,Cuid-2-1,435,160900.0,16.62,UN,True,2025-12-27
2909,9975858618886,Quo omnis,Electronica y tecnologia,Elec-2,Elec-2-1,408,22700.0,15.14,UN,True,2025-12-12
2910,1786021599271,Omnis non,Alimentos y bebidas,Alim-1,Alim-3-2,759,178400.0,6.78,UN,True,2025-10-13
2911,9437638274908,Veniam quis,Hogar y limpieza,Hoga-1,Hoga-3-1,44,220100.0,18.91,KG,True,2025-12-12
2912,3312223954808,Similique nesciunt,Electronica y tecnologia,Elec-1,Elec-3-2,74,204500.0,18.99,UN,True,2025-12-29
2913,7047314836874,Commodi voluptas,Ropa y calzado basico,Ropa-3,Ropa-2-2,750,4200.0,17.14,UN,True,2025-09-04
2914,4777407036661,Optio nobis,Alimentos y bebidas,Alim-2,Alim-1-2,710,135800.0,0.64,UN,True,2026-03-19
2915,5600762282123,Tempora quibusdam,Ropa y calzado basico,Ropa-3,Ropa-3-2,330,228500.0,7.46,UN,True,2026-01-29
2916,8219386827848,Nulla voluptates,Hogar y limpieza,Hoga-1,Hoga-1-2,433,150500.0,9.17,UN,True,2026-03-08
2917,7264393304593,Ea recusandae,Bebes y maternidad,Bebe-1,Bebe-1-2,360,74000.0,14.39,UN,True,2025-09-21
2918,6920666048533,Nesciunt debitis,Electronica y tecnologia,Elec-2,Elec-3-1,798,50200.0,12.71,KG,True,2025-09-16
2919,1234435849814,Adipisci incidunt,Electronica y tecnologia,Elec-2,Elec-2-1,365,171900.0,13.58,LT,True,2026-03-09
2920,1846512421068,Dolores repudiandae,Ropa y calzado basico,Ropa-1,Ropa-2-1,608,193300.0,15.36,UN,True,2026-03-09
2921,3781704836481,Possimus maiores,Ropa y calzado basico,Ropa-1,Ropa-3-2,293,228300.0,18.97,UN,True,2026-01-09
2922,1165955859420,Voluptatum quisquam,Alimentos y bebidas,Alim-2,Alim-1-2,306,226600.0,11.05,UN,True,2025-10-14
2923,1937931363654,Sunt commodi,Electronica y tecnologia,Elec-1,Elec-1-2,540,86100.0,18.09,UN,False,2025-10-31
2924,9727676877750,Aspernatur consectetur,Alimentos y bebidas,Alim-2,Alim-1-1,320,151800.0,16.31,UN,True,2026-02-09
2925,9358613417496,Voluptas ipsa,Hogar y limpieza,Hoga-3,Hoga-1-1,12,27200.0,6.79,UN,True,2026-03-08
2926,1953808842671,At architecto,Ropa y calzado basico,Ropa-2,Ropa-3-2,139,25400.0,16.28,UN,True,2026-01-16
2927,2339907615009,Aliquam qui,Bebes y maternidad,Bebe-2,Bebe-3-2,699,19700.0,2.39,UN,True,2025-11-23
2928,1113915480443,Distinctio laborum,Cuidado personal e higiene,Cuid-2,Cuid-2-1,294,231900.0,3.22,KG,True,2026-02-15
2929,2364792149902,Rerum tempora,Hogar y limpieza,Hoga-3,Hoga-1-2,82,39800.0,19.85,UN,True,2025-10-26
2930,1086164790499,Dolorum error,Electronica y tecnologia,Elec-2,Elec-2-2,752,121600.0,8.6,UN,True,2025-09-29
2931,9157380679966,Architecto molestias,Hogar y limpieza,Hoga-2,Hoga-1-1,800,109400.0,9.24,LT,True,2025-11-19
2932,7367209610236,Laborum consequatur,Cuidado personal e higiene,Cuid-3,Cuid-3-1,400,82500.0,19.02,UN,True,2025-12-06
2933,7264320586993,Cum perferendis,Cuidado personal e higiene,Cuid-1,Cuid-2-2,503,135400.0,7.27,UN,True,2026-01-04
2934,7245971557938,Neque quos,Hogar y limpieza,Hoga-1,Hoga-1-2,604,2700.0,4.78,UN,True,2026-01-19
2935,2770115491779,Dolorem itaque,Electronica y tecnologia,Elec-2,Elec-3-1,53,96300.0,1.6,KG,True,2026-01-26
2936,3260968568883,Cumque ipsum,Bebes y maternidad,Bebe-1,Bebe-3-1,238,120900.0,10.48,UN,True,2025-10-14
2937,8610859735866,Distinctio quae,Electronica y tecnologia,Elec-1,Elec-1-1,450,201200.0,4.03,UN,True,2026-01-14
2938,7943364470269,Quam alias,Hogar y limpieza,Hoga-1,Hoga-2-2,440,175800.0,1.34,UN,True,2025-09-12
2939,3276765964582,Animi ipsa,Electronica y tecnologia,Elec-3,Elec-2-2,266,212700.0,16.27,UN,True,2026-03-07
2940,7669494715536,Sequi nesciunt,Ropa y calzado basico,Ropa-2,Ropa-1-2,2,95300.0,6.61,UN,False,2025-12-01
2941,4745024053774,Alias maiores,Hogar y limpieza,Hoga-3,Hoga-1-2,763,36900.0,11.61,UN,True,2026-03-14
2942,2908489653947,Harum nihil,Hogar y limpieza,Hoga-1,Hoga-3-2,492,101500.0,2.14,UN,True,2026-02-24
2943,5037548078050,Recusandae alias,Cuidado personal e higiene,Cuid-2,Cuid-3-2,605,240800.0,10.14,UN,True,2025-10-13
2944,3833856932914,Minima aperiam,Bebes y maternidad,Bebe-2,Bebe-2-1,350,55200.0,12.66,KG,True,2025-09-26
2945,3696480407377,Quae in,Bebes y maternidad,Bebe-2,Bebe-2-2,406,45300.0,9.02,UN,True,2026-03-05
2946,3041506324051,Temporibus temporibus,Cuidado personal e higiene,Cuid-3,Cuid-2-2,356,236200.0,,UN,True,2025-12-11
2947,1026583879634,Repudiandae iusto,Hogar y limpieza,Hoga-3,Hoga-2-1,344,237600.0,6.25,UN,True,2025-09-25
2948,3467464660336,Unde commodi,Cuidado personal e higiene,Cuid-2,Cuid-1-1,537,39000.0,2.23,UN,True,2026-01-03
2949,2739974159206,Pariatur accusantium,Bebes y maternidad,Bebe-3,Bebe-2-2,797,192800.0,2.36,UN,True,2026-03-14
2950,9410102760787,Facilis debitis,Alimentos y bebidas,Alim-1,Alim-3-2,622,108600.0,9.94,UN,True,2026-01-02
2951,1951648497792,Architecto id,Cuidado personal e higiene,Cuid-1,Cuid-3-2,534,124100.0,2.82,KG,True,2025-10-25
2952,7383306144351,Perferendis eos,Cuidado personal e higiene,Cuid-3,Cuid-3-2,10,125700.0,4.51,UN,True,2025-11-10
2953,7547893505265,Adipisci qui,Electronica y tecnologia,Elec-1,Elec-1-2,412,242200.0,3.34,UN,True,2025-10-27
2954,0270687567077,Nulla ratione,Cuidado personal e higiene,Cuid-1,Cuid-2-2,765,47800.0,16.06,KG,True,2025-12-20
2955,1812923613910,Quisquam nulla,Electronica y tecnologia,Elec-1,Elec-2-1,319,193700.0,9.02,UN,True,2025-11-27
2956,2377459984136,Iure debitis,Ropa y calzado basico,Ropa-1,Ropa-1-1,440,3400.0,11.07,UN,True,2025-11-11
2957,3768705807917,Molestiae et,Ropa y calzado basico,Ropa-2,Ropa-1-1,260,157900.0,11.68,KG,True,2025-10-10
2958,0651064070784,Dolorem doloremque,Alimentos y bebidas,Alim-1,Alim-3-1,153,163900.0,,UN,True,2025-09-09
2959,3847848303484,Quasi facere,Alimentos y bebidas,Alim-2,Alim-3-2,565,188900.0,6.0,UN,True,2026-02-16
2960,5736540449270,Impedit cum,Alimentos y bebidas,Alim-3,Alim-2-1,251,231600.0,,UN,False,2026-02-11
2961,2809031788363,Eveniet eveniet,Bebes y maternidad,Bebe-1,Bebe-1-2,471,189000.0,10.72,UN,True,2025-09-28
2962,4316785984449,Veritatis earum,Electronica y tecnologia,Elec-3,Elec-2-2,475,183600.0,7.2,UN,True,2025-10-19
2963,0889593032076,Iste quod,Electronica y tecnologia,Elec-2,Elec-1-1,679,64900.0,2.78,KG,True,2025-11-30
2964,5605269901522,Totam asperiores,Ropa y calzado basico,Ropa-2,Ropa-1-2,751,248200.0,18.28,KG,False,2026-01-01
2965,3029996633099,Doloribus vero,Electronica y tecnologia,Elec-2,Elec-2-1,443,118200.0,14.66,UN,True,2026-03-04
2966,2356540307993,Aut assumenda,Cuidado personal e higiene,Cuid-1,Cuid-1-2,41,105500.0,1.37,KG,True,2026-01-21
2967,1540273201296,Esse perferendis,Electronica y tecnologia,Elec-1,Elec-3-2,466,126500.0,,KG,True,2026-01-09
2968,5318500423188,Perferendis accusantium,Ropa y calzado basico,Ropa-2,Ropa-2-2,708,99700.0,3.45,UN,True,2026-01-30
2969,2068204810939,Aliquam dicta,Alimentos y bebidas,Alim-3,Alim-1-2,382,149200.0,2.0,UN,True,2026-01-03
2970,0548473857795,Excepturi error,Electronica y tecnologia,Elec-2,Elec-1-1,452,88700.0,3.51,UN,True,2026-03-08
2971,7398245538154,Ipsum quis,Hogar y limpieza,Hoga-2,Hoga-3-2,611,61500.0,18.66,UN,True,2026-03-21
2972,1827238264290,Deserunt eius,Alimentos y bebidas,Alim-2,Alim-1-2,352,232100.0,4.46,KG,True,2025-12-03
2973,5185255768815,Iure alias,Cuidado personal e higiene,Cuid-2,Cuid-1-1,332,232100.0,15.75,KG,True,2025-09-08
2974,5590308196956,Nostrum doloribus,Hogar y limpieza,Hoga-1,Hoga-2-2,386,125100.0,12.88,KG,True,2026-03-21
2975,4487615048843,Omnis ipsa,Hogar y limpieza,Hoga-2,Hoga-1-2,682,240600.0,10.39,UN,True,2025-11-06
2976,9150892446408,Velit blanditiis,Cuidado personal e higiene,Cuid-3,Cuid-2-1,391,105100.0,7.34,UN,True,2025-10-27
2977,3507695559358,Maxime pariatur,Electronica y tecnologia,Elec-1,Elec-2-1,262,98100.0,1.9,UN,True,2025-09-29
2978,5881082277543,Asperiores quaerat,Hogar y limpieza,Hoga-3,Hoga-1-2,478,229400.0,14.23,UN,True,2026-02-03
2979,7777459254126,Quia eligendi,Hogar y limpieza,Hoga-3,Hoga-3-1,555,159000.0,7.93,UN,True,2025-10-10
2980,3872493797906,Doloremque quae,Ropa y calzado basico,Ropa-1,Ropa-2-2,731,191100.0,10.72,UN,True,2026-03-15
2981,0704559484969,Mollitia amet,Alimentos y bebidas,Alim-2,Alim-2-1,715,104400.0,1.08,UN,True,2025-10-17
2982,7416623956717,Fuga consequatur,Hogar y limpieza,Hoga-3,Hoga-1-2,627,102900.0,15.53,UN,True,2025-09-18
2983,2559350276743,Modi consequuntur,Alimentos y bebidas,Alim-2,Alim-2-2,616,22700.0,13.86,UN,True,2026-01-07
2984,9064122727659,Ipsa et,Bebes y maternidad,Bebe-3,Bebe-1-1,360,241800.0,10.61,UN,True,2025-10-15
2985,3145134170056,Laboriosam hic,Cuidado personal e higiene,Cuid-3,Cuid-2-2,275,58500.0,9.95,KG,True,2025-10-28
2986,4558345595560,Est incidunt,Ropa y calzado basico,Ropa-2,Ropa-1-2,451,124600.0,6.77,UN,False,2025-09-25
2987,2168335766805,Reprehenderit culpa,Cuidado personal e higiene,Cuid-3,Cuid-3-1,566,30400.0,6.88,UN,True,2026-01-14
2988,8950491086040,Tenetur voluptatibus,Cuidado personal e higiene,Cuid-3,Cuid-1-1,415,162400.0,1.42,UN,True,2025-10-18
2989,3171557852194,Provident rem,Electronica y tecnologia,Elec-3,Elec-3-2,166,98900.0,13.75,UN,True,2026-01-29
2990,7933686093161,Distinctio inventore,Ropa y calzado basico,Ropa-3,Ropa-3-2,12,192400.0,0.95,UN,True,2025-10-25
2991,0898885010555,Laborum vel,Cuidado personal e higiene,Cuid-1,Cuid-2-1,47,133000.0,0.08,KG,True,2025-11-23
2992,8391115320261,Ipsam odio,Cuidado personal e higiene,Cuid-1,Cuid-1-2,341,34100.0,0.67,UN,True,2025-12-11
2993,4009333963798,Illo totam,Bebes y maternidad,Bebe-1,Bebe-2-1,634,4700.0,4.11,UN,True,2025-12-20
2994,0203887821885,Nihil sunt,Cuidado personal e higiene,Cuid-1,Cuid-3-1,632,54700.0,11.43,UN,True,2026-02-16
2995,9384478167665,Impedit eveniet,Cuidado personal e higiene,Cuid-3,Cuid-2-2,647,181600.0,13.64,UN,True,2025-09-30
2996,3420834812421,Eius eveniet,Ropa y calzado basico,Ropa-2,Ropa-2-2,568,207500.0,8.44,LT,True,2025-10-19
2997,6647426440474,Aspernatur fugit,Alimentos y bebidas,Alim-2,Alim-1-2,19,86700.0,8.2,UN,False,2026-02-01
2998,8327966379585,Ad esse,Bebes y maternidad,Bebe-1,Bebe-3-2,707,134900.0,11.56,UN,True,2026-02-22
2999,1877449924681,Aperiam vel,Bebes y maternidad,Bebe-3,Bebe-1-1,759,61500.0,11.96,UN,True,2025-11-26
3000,7144693995311,Vel voluptates,Bebes y maternidad,Bebe-2,Bebe-1-2,680,220300.0,16.91,UN,True,2025-09-05
3001,5566423940262,Labore quo,Cuidado personal e higiene,Cuid-3,Cuid-1-2,357,241400.0,16.39,UN,True,2026-02-17
3002,9089649666816,Beatae provident,Alimentos y bebidas,Alim-1,Alim-2-2,172,188700.0,16.48,UN,True,2026-01-04
3003,1822923246872,Cumque magni,Hogar y limpieza,Hoga-1,Hoga-3-1,725,24000.0,16.89,KG,True,2025-12-18
3004,2203733784065,Ut quam,Hogar y limpieza,Hoga-1,Hoga-3-1,149,110400.0,17.6,KG,True,2025-11-20
3005,1386748578308,Laudantium ex,Bebes y maternidad,Bebe-1,Bebe-1-1,631,247600.0,11.13,UN,True,2026-01-21
3006,4559657657861,Laboriosam a,Electronica y tecnologia,Elec-3,Elec-2-2,773,58900.0,11.92,KG,True,2025-10-31
3007,8005512676448,Non debitis,Bebes y maternidad,Bebe-2,Bebe-3-2,721,168300.0,,UN,True,2025-11-14
3008,9436327056146,Sed distinctio,Ropa y calzado basico,Ropa-2,Ropa-2-1,417,234800.0,4.02,UN,True,2026-02-04
3009,6534420042189,Magni quidem,Ropa y calzado basico,Ropa-1,Ropa-1-2,667,193800.0,7.24,UN,True,2025-11-17
3010,6747152035194,Ut aliquid,Alimentos y bebidas,Alim-1,Alim-2-2,665,153000.0,18.26,UN,False,2026-03-12
3011,1985056513355,Saepe saepe,Alimentos y bebidas,Alim-3,Alim-2-2,780,127700.0,10.48,UN,True,2025-11-30
3012,8508143229873,Harum similique,Alimentos y bebidas,Alim-3,Alim-3-2,289,232300.0,1.08,LT,True,2025-12-25
3013,6632790423383,At reiciendis,Electronica y tecnologia,Elec-3,Elec-2-1,504,99900.0,8.14,UN,True,2026-01-09
3014,1060891700525,Ullam explicabo,Cuidado personal e higiene,Cuid-3,Cuid-1-2,654,225500.0,3.26,UN,True,2026-01-21
3015,2918457496599,Excepturi numquam,Bebes y maternidad,Bebe-2,Bebe-3-2,182,108900.0,7.16,UN,True,2025-12-14
3016,9052702599611,Eius ex,Alimentos y bebidas,Alim-1,Alim-1-2,181,189600.0,10.92,UN,True,2025-11-15
3017,1435830407757,Error atque,Bebes y maternidad,Bebe-3,Bebe-3-1,312,229100.0,10.13,UN,True,2026-02-11
3018,1306109221681,Dolorum sint,Ropa y calzado basico,Ropa-3,Ropa-2-2,289,138600.0,9.83,UN,True,2026-01-25
3019,9745371473206,Enim voluptatem,Alimentos y bebidas,Alim-2,Alim-1-1,602,78900.0,0.42,UN,True,2025-09-14
3020,4319274312662,Quia modi,Alimentos y bebidas,Alim-1,Alim-2-2,749,14600.0,8.93,UN,True,2026-01-07
3021,6560233616552,Libero labore,Hogar y limpieza,Hoga-3,Hoga-1-2,126,202700.0,0.63,UN,True,2026-03-03
3022,8062475552677,Necessitatibus quod,Hogar y limpieza,Hoga-3,Hoga-1-1,261,156300.0,8.13,UN,True,2025-12-24
3023,2036702751009,Laboriosam unde,Cuidado personal e higiene,Cuid-1,Cuid-2-1,744,67200.0,12.96,LT,True,2026-03-08
3024,5687069057111,Assumenda dolore,Electronica y tecnologia,Elec-1,Elec-3-2,476,219600.0,2.56,UN,True,2025-11-21
3025,2181679323534,Deserunt accusamus,Alimentos y bebidas,Alim-3,Alim-3-1,165,230200.0,18.34,KG,True,2025-10-22
3026,9330548495169,Tempore quibusdam,Alimentos y bebidas,Alim-1,Alim-2-2,483,222000.0,12.63,UN,True,2025-12-12
3027,5707943218305,Ad minima,Ropa y calzado basico,Ropa-3,Ropa-1-1,701,151200.0,4.39,UN,True,2025-09-24
3028,2426468551904,Eaque quisquam,Bebes y maternidad,Bebe-3,Bebe-2-1,300,244200.0,7.91,UN,True,2025-09-16
3029,2041154880511,Voluptatibus in,Cuidado personal e higiene,Cuid-1,Cuid-2-2,387,219000.0,1.98,UN,True,2025-12-27
3030,0933465336332,Possimus veniam,Bebes y maternidad,Bebe-1,Bebe-1-2,491,27900.0,0.49,LT,True,2025-09-09
3031,0575437009846,Veniam repellat,Hogar y limpieza,Hoga-2,Hoga-3-1,673,245300.0,18.32,UN,True,2025-09-16
3032,1643770217040,Voluptatem dolor,Hogar y limpieza,Hoga-2,Hoga-3-1,452,138100.0,13.52,UN,True,2025-12-04
3033,7012592833976,Odio saepe,Alimentos y bebidas,Alim-3,Alim-1-1,767,230200.0,15.6,UN,True,2025-10-19
3034,1785681769758,Maxime at,Hogar y limpieza,Hoga-2,Hoga-3-2,604,190600.0,12.46,LT,True,2025-10-09
3035,0591739301051,Error ea,Hogar y limpieza,Hoga-1,Hoga-2-2,338,162600.0,18.14,UN,True,2025-12-14
3036,5916983317934,Hic nam,Electronica y tecnologia,Elec-3,Elec-1-2,390,83000.0,17.92,LT,True,2025-11-08
3037,6470894406549,Itaque autem,Alimentos y bebidas,Alim-3,Alim-2-1,558,8700.0,1.21,UN,False,2026-01-04
3038,5259357076502,Quisquam eaque,Cuidado personal e higiene,Cuid-2,Cuid-1-1,57,70600.0,3.83,UN,True,2025-11-28
3039,9462078562278,Vero maxime,Hogar y limpieza,Hoga-3,Hoga-1-1,182,172100.0,7.95,KG,True,2025-10-12
3040,1926026118682,Saepe consequuntur,Alimentos y bebidas,Alim-3,Alim-3-1,191,216100.0,6.85,KG,True,2026-01-22
3041,0109360919493,Facere nostrum,Alimentos y bebidas,Alim-3,Alim-2-2,641,2600.0,10.54,UN,True,2026-03-09
3042,0817003276284,Cum suscipit,Electronica y tecnologia,Elec-3,Elec-1-2,659,53600.0,5.37,KG,True,2026-01-27
3043,0587777014978,Doloremque aperiam,Bebes y maternidad,Bebe-2,Bebe-2-1,656,168900.0,,UN,True,2025-10-10
3044,2682119569647,Cum fuga,Electronica y tecnologia,Elec-1,Elec-3-2,85,72300.0,0.2,LT,True,2025-12-24
3045,6077359569193,Animi odit,Alimentos y bebidas,Alim-2,Alim-2-2,237,37100.0,15.84,KG,True,2025-10-04
3046,2205135639745,Repudiandae quae,Bebes y maternidad,Bebe-3,Bebe-3-2,250,22300.0,7.9,UN,True,2025-09-09
3047,8925007516748,Et harum,Electronica y tecnologia,Elec-3,Elec-3-1,20,160200.0,0.15,UN,True,2025-10-06
3048,8673581821771,Ad ab,Ropa y calzado basico,Ropa-3,Ropa-2-1,207,149500.0,16.95,UN,True,2026-02-12
3049,4874779359951,Odio numquam,Cuidado personal e higiene,Cuid-2,Cuid-3-2,345,214900.0,8.96,UN,True,2026-03-08
3050,8438356999716,Autem vitae,Electronica y tecnologia,Elec-2,Elec-2-2,709,80100.0,14.51,UN,False,2026-01-01
3051,2520193064699,Totam nihil,Alimentos y bebidas,Alim-1,Alim-3-1,137,35900.0,17.58,UN,True,2026-02-26
3052,1267191969939,Suscipit assumenda,Electronica y tecnologia,Elec-1,Elec-2-2,689,200200.0,0.73,KG,True,2025-11-24
3053,3530313878302,Consequuntur aliquam,Cuidado personal e higiene,Cuid-1,Cuid-1-2,655,247100.0,5.28,UN,True,2025-09-10
3054,5682875335521,Ratione est,Bebes y maternidad,Bebe-3,Bebe-1-2,127,91400.0,2.42,UN,True,2026-03-03
3055,6202948747816,Culpa nulla,Alimentos y bebidas,Alim-3,Alim-2-2,209,216600.0,,LT,False,2026-01-27
3056,1282699345177,Excepturi ipsa,Electronica y tecnologia,Elec-1,Elec-3-2,367,191100.0,18.92,KG,True,2026-01-13
3057,3922293177863,Sequi recusandae,Alimentos y bebidas,Alim-2,Alim-3-1,755,228100.0,16.12,UN,True,2025-09-18
3058,5039475055777,Non eligendi,Ropa y calzado basico,Ropa-2,Ropa-2-2,628,107200.0,7.33,UN,True,2026-03-15
3059,7917431243452,Doloribus consequatur,Hogar y limpieza,Hoga-1,Hoga-1-1,778,27100.0,13.76,UN,True,2025-09-19
3060,3538115750925,Maxime magni,Bebes y maternidad,Bebe-2,Bebe-1-2,251,31400.0,18.39,UN,True,2025-09-07
3061,7209480369574,Est totam,Electronica y tecnologia,Elec-2,Elec-3-1,728,191300.0,4.46,UN,True,2025-09-19
3062,5629433916860,Excepturi sint,Hogar y limpieza,Hoga-3,Hoga-2-1,765,216100.0,0.33,UN,True,2026-03-11
3063,7088550694392,Officiis iste,Alimentos y bebidas,Alim-3,Alim-3-1,480,115300.0,16.49,UN,True,2026-02-16
3064,4410104279749,Eligendi corporis,Electronica y tecnologia,Elec-1,Elec-1-1,124,16800.0,14.47,UN,True,2025-09-26
3065,9354921018189,Possimus itaque,Hogar y limpieza,Hoga-2,Hoga-2-1,214,18500.0,3.25,LT,True,2025-11-28
3066,8969913293577,Delectus quisquam,Alimentos y bebidas,Alim-3,Alim-3-1,103,150500.0,9.82,KG,True,2025-12-18
3067,5384811157036,Minus consequuntur,Electronica y tecnologia,Elec-3,Elec-1-2,646,229800.0,,UN,True,2025-12-24
3068,4756016426247,Ea ut,Cuidado personal e higiene,Cuid-3,Cuid-1-1,251,101100.0,12.07,UN,True,2025-10-14
3069,5546202135461,Dolore facere,Cuidado personal e higiene,Cuid-3,Cuid-2-1,562,163400.0,12.97,UN,True,2025-09-10
3070,9223940717345,Adipisci temporibus,Alimentos y bebidas,Alim-1,Alim-2-1,214,136400.0,5.57,UN,True,2025-09-10
3071,3466095470062,Velit architecto,Hogar y limpieza,Hoga-3,Hoga-3-1,782,222700.0,15.63,KG,True,2026-03-03
3072,0398107951630,Aliquid deleniti,Cuidado personal e higiene,Cuid-3,Cuid-3-2,619,208400.0,9.5,UN,True,2026-01-06
3073,5214120224177,Ipsam rem,Alimentos y bebidas,Alim-3,Alim-3-1,302,51400.0,14.14,UN,True,2026-03-19
3074,5616809564183,Eius possimus,Hogar y limpieza,Hoga-3,Hoga-1-2,382,170000.0,12.81,UN,True,2026-02-23
3075,5413336650286,Voluptatum iusto,Cuidado personal e higiene,Cuid-1,Cuid-2-1,48,212200.0,9.04,UN,True,2025-10-21
3076,5915658179150,Quis blanditiis,Alimentos y bebidas,Alim-1,Alim-3-1,110,232700.0,5.89,UN,True,2025-09-21
3077,7829052492211,Quibusdam eum,Hogar y limpieza,Hoga-2,Hoga-2-2,799,148300.0,4.13,UN,True,2026-01-13
3078,9114299948149,Laboriosam amet,Alimentos y bebidas,Alim-2,Alim-3-2,653,45600.0,14.93,UN,True,2025-10-18
3079,1401385699398,Tempore aperiam,Bebes y maternidad,Bebe-1,Bebe-2-1,671,140400.0,12.86,UN,False,2026-01-17
3080,1426520120179,Ea dignissimos,Hogar y limpieza,Hoga-1,Hoga-1-2,515,167100.0,5.65,KG,False,2026-03-16
3081,4020984469880,Ratione pariatur,Bebes y maternidad,Bebe-3,Bebe-2-1,178,69600.0,19.34,UN,True,2026-03-16
3082,8665948182724,Fugiat accusantium,Bebes y maternidad,Bebe-2,Bebe-3-2,85,243300.0,16.22,UN,True,2025-10-24
3083,9136759164494,Velit quia,Bebes y maternidad,Bebe-1,Bebe-1-2,581,58900.0,2.58,UN,True,2025-12-09
3084,1532180113083,Rerum porro,Electronica y tecnologia,Elec-2,Elec-2-1,266,228000.0,3.29,LT,True,2026-01-23
3085,5231568234285,Minima tenetur,Hogar y limpieza,Hoga-2,Hoga-3-1,1,107400.0,,UN,True,2025-10-21
3086,4022462671327,Placeat voluptatibus,Ropa y calzado basico,Ropa-1,Ropa-1-2,19,2100.0,2.09,UN,True,2025-12-25
3087,0253423867075,Quas facilis,Alimentos y bebidas,Alim-3,Alim-2-1,447,136700.0,19.29,UN,True,2025-11-15
3088,7604293987661,Deleniti eum,Bebes y maternidad,Bebe-2,Bebe-3-1,673,157800.0,12.78,UN,True,2025-12-27
3089,7408772107522,Laborum beatae,Cuidado personal e higiene,Cuid-1,Cuid-3-1,291,217600.0,1.37,KG,True,2026-01-09
3090,4003305109726,Sunt ratione,Alimentos y bebidas,Alim-1,Alim-2-1,800,136100.0,8.9,KG,True,2026-02-26
3091,4725426541680,Veniam amet,Cuidado personal e higiene,Cuid-3,Cuid-3-2,306,25300.0,4.48,UN,True,2025-12-07
3092,9392763985238,Voluptatum dolore,Cuidado personal e higiene,Cuid-1,Cuid-3-1,587,231800.0,9.83,KG,True,2025-10-31
3093,8182893632789,Nostrum ipsa,Alimentos y bebidas,Alim-1,Alim-2-2,196,142200.0,4.98,UN,True,2025-09-19
3094,6807042357314,Ducimus culpa,Ropa y calzado basico,Ropa-2,Ropa-1-2,486,69300.0,16.64,UN,True,2026-01-21
3095,8995931169921,Tempora incidunt,Alimentos y bebidas,Alim-2,Alim-3-2,220,224900.0,14.44,UN,True,2026-02-12
3096,1353470507074,Reprehenderit deserunt,Bebes y maternidad,Bebe-1,Bebe-1-2,623,32000.0,,UN,True,2025-11-25
3097,7508849499960,Quibusdam voluptatum,Hogar y limpieza,Hoga-2,Hoga-3-1,364,26200.0,4.0,KG,True,2026-02-23
3098,3576866213801,Quaerat in,Ropa y calzado basico,Ropa-1,Ropa-2-1,34,134700.0,7.74,UN,True,2025-12-07
3099,5951948454224,Aut molestias,Hogar y limpieza,Hoga-2,Hoga-2-1,199,157000.0,16.12,UN,True,2025-12-08
3100,5955133059157,Eveniet voluptatum,Alimentos y bebidas,Alim-1,Alim-2-2,282,128700.0,7.51,LT,True,2025-09-13
3101,4196351109670,Hic illo,Cuidado personal e higiene,Cuid-2,Cuid-2-2,374,232400.0,7.61,UN,True,2025-12-17
3102,4513636590501,Porro omnis,Electronica y tecnologia,Elec-3,Elec-3-1,217,67200.0,19.72,UN,True,2025-12-31
3103,4173722342676,Totam rerum,Ropa y calzado basico,Ropa-3,Ropa-1-1,462,247600.0,15.43,UN,True,2025-12-11
3104,8703238128172,Ea placeat,Cuidado personal e higiene,Cuid-1,Cuid-3-1,771,6800.0,17.22,UN,True,2025-12-20
3105,1899354752111,Temporibus soluta,Hogar y limpieza,Hoga-1,Hoga-1-1,569,31400.0,8.17,KG,True,2025-12-18
3106,2759637311499,Nesciunt similique,Bebes y maternidad,Bebe-1,Bebe-3-2,250,48000.0,11.74,UN,True,2026-01-21
3107,3310886230659,Eius sit,Bebes y maternidad,Bebe-2,Bebe-3-1,542,21700.0,9.04,UN,False,2025-09-24
3108,9400381803640,Velit distinctio,Hogar y limpieza,Hoga-2,Hoga-2-2,774,110700.0,9.03,UN,True,2025-12-19
3109,8510021824148,Ab laborum,Cuidado personal e higiene,Cuid-3,Cuid-1-2,194,216600.0,2.6,UN,True,2025-11-29
3110,0817028461689,Maxime beatae,Cuidado personal e higiene,Cuid-3,Cuid-3-1,186,205500.0,16.85,UN,False,2025-11-12
3111,7873214999704,Maiores totam,Electronica y tecnologia,Elec-3,Elec-3-1,32,186700.0,7.84,UN,True,2025-12-02
3112,3204347433447,Omnis ab,Electronica y tecnologia,Elec-1,Elec-2-2,674,3800.0,11.66,UN,True,2026-01-17
3113,2106510046014,Explicabo libero,Cuidado personal e higiene,Cuid-1,Cuid-2-1,667,216700.0,17.15,UN,True,2026-03-22
3114,0413135557941,Eaque eveniet,Alimentos y bebidas,Alim-3,Alim-3-2,331,100300.0,15.48,UN,True,2025-10-18
3115,2072239567218,Accusamus illum,Hogar y limpieza,Hoga-3,Hoga-1-2,698,183400.0,4.0,LT,True,2025-09-13
3116,7618989878775,Est explicabo,Ropa y calzado basico,Ropa-1,Ropa-2-1,522,182300.0,12.39,KG,True,2025-11-12
3117,6775138771231,Soluta fugit,Alimentos y bebidas,Alim-1,Alim-2-2,784,46000.0,9.94,UN,True,2025-11-05
3118,9818939720484,Quos culpa,Hogar y limpieza,Hoga-3,Hoga-1-2,739,129800.0,5.24,KG,True,2025-09-17
3119,7304519455867,Magni reiciendis,Alimentos y bebidas,Alim-2,Alim-3-2,768,231700.0,0.87,UN,True,2025-12-12
3120,8173418807966,Ratione quaerat,Cuidado personal e higiene,Cuid-3,Cuid-1-1,314,67200.0,12.61,LT,True,2025-12-16
3121,4031575859393,Dicta voluptas,Electronica y tecnologia,Elec-2,Elec-3-1,508,179300.0,15.61,LT,True,2026-02-20
3122,1853620544930,Molestias quas,Cuidado personal e higiene,Cuid-3,Cuid-2-2,134,239600.0,18.84,UN,True,2026-01-21
3123,3927195406387,Optio illum,Cuidado personal e higiene,Cuid-3,Cuid-2-2,716,91400.0,7.13,UN,True,2025-12-05
3124,5670207153783,Illum est,Bebes y maternidad,Bebe-1,Bebe-2-1,255,98100.0,8.01,UN,False,2026-01-13
3125,4205555354400,Excepturi veniam,Cuidado personal e higiene,Cuid-1,Cuid-2-2,359,114200.0,3.3,UN,False,2025-11-01
3126,7896778889229,Possimus enim,Cuidado personal e higiene,Cuid-3,Cuid-3-2,476,202600.0,19.69,UN,True,2025-10-05
3127,1007204094711,Culpa fuga,Bebes y maternidad,Bebe-1,Bebe-3-1,630,110900.0,,UN,True,2025-12-20
3128,1246175780418,Suscipit accusamus,Electronica y tecnologia,Elec-1,Elec-3-1,586,122600.0,19.15,UN,True,2025-12-12
3129,0486671864422,Dicta sequi,Alimentos y bebidas,Alim-3,Alim-2-1,765,57100.0,9.93,KG,True,2025-11-02
3130,6244704986718,Adipisci eum,Hogar y limpieza,Hoga-1,Hoga-1-2,571,247100.0,4.24,LT,True,2026-03-02
3131,1018770332572,Adipisci architecto,Electronica y tecnologia,Elec-1,Elec-1-1,638,223300.0,11.49,UN,True,2025-12-22
3132,0443073246683,Quisquam corrupti,Cuidado personal e higiene,Cuid-1,Cuid-3-2,458,150900.0,7.47,UN,True,2025-12-26
3133,9974903043819,Vitae ab,Electronica y tecnologia,Elec-2,Elec-2-1,333,240200.0,6.99,KG,True,2026-01-19
3134,7799899246929,Est sequi,Electronica y tecnologia,Elec-2,Elec-2-2,731,172400.0,1.69,UN,True,2025-11-01
3135,4704811301863,Consectetur atque,Cuidado personal e higiene,Cuid-3,Cuid-2-1,303,239900.0,1.51,LT,True,2025-12-19
3136,4323145651811,Cum temporibus,Ropa y calzado basico,Ropa-3,Ropa-2-1,497,42100.0,7.61,UN,True,2026-03-02
3137,2759170034374,In accusantium,Hogar y limpieza,Hoga-2,Hoga-3-1,234,57900.0,18.53,UN,True,2026-01-03
3138,4325674053623,Porro laborum,Bebes y maternidad,Bebe-3,Bebe-2-1,386,221500.0,14.47,UN,False,2026-02-21
3139,5123115411198,Minima rem,Alimentos y bebidas,Alim-1,Alim-3-2,294,106100.0,15.22,UN,False,2025-09-11
3140,0206071369309,Omnis quidem,Cuidado personal e higiene,Cuid-2,Cuid-1-2,207,94000.0,4.72,UN,True,2026-01-26
3141,0522144267359,Nostrum dolores,Ropa y calzado basico,Ropa-1,Ropa-2-2,657,189100.0,14.7,KG,True,2026-01-13
3142,3842561161595,Aut nesciunt,Bebes y maternidad,Bebe-1,Bebe-1-1,614,158300.0,8.16,UN,True,2026-03-02
3143,9944261845530,Esse explicabo,Cuidado personal e higiene,Cuid-3,Cuid-3-1,562,87300.0,1.23,UN,True,2026-03-16
3144,7582682950819,Quae inventore,Bebes y maternidad,Bebe-1,Bebe-2-2,67,100700.0,7.93,UN,True,2025-10-01
3145,4994023235852,Illo eveniet,Cuidado personal e higiene,Cuid-2,Cuid-2-1,200,103300.0,,UN,True,2025-12-11
3146,9358035288056,Assumenda iusto,Hogar y limpieza,Hoga-2,Hoga-3-1,175,33300.0,17.08,UN,True,2026-03-09
3147,0750781973542,Error incidunt,Cuidado personal e higiene,Cuid-1,Cuid-2-2,570,58900.0,16.81,UN,True,2026-02-11
3148,4252477774441,Facilis tempora,Hogar y limpieza,Hoga-3,Hoga-1-1,714,135300.0,5.79,UN,True,2025-09-24
3149,9649304640065,Perferendis labore,Bebes y maternidad,Bebe-1,Bebe-2-1,304,195900.0,12.26,KG,True,2025-12-22
3150,0698826486278,Libero adipisci,Ropa y calzado basico,Ropa-1,Ropa-1-1,265,105900.0,7.31,LT,True,2025-11-12
3151,5537793854602,Quam dignissimos,Ropa y calzado basico,Ropa-2,Ropa-3-1,447,97100.0,3.13,UN,True,2026-01-22
3152,9121040725454,Eum quod,Cuidado personal e higiene,Cuid-1,Cuid-3-1,791,163300.0,13.01,KG,True,2025-12-15
3153,3960160993246,Dignissimos quia,Bebes y maternidad,Bebe-3,Bebe-3-1,297,41000.0,15.21,LT,True,2025-11-04
3154,7079262517437,Tempora quibusdam,Hogar y limpieza,Hoga-1,Hoga-3-1,223,96400.0,15.51,UN,True,2025-11-26
3155,1603250394395,Quos consequatur,Electronica y tecnologia,Elec-1,Elec-3-2,418,53600.0,3.03,UN,True,2026-03-16
3156,8844278952362,Mollitia beatae,Ropa y calzado basico,Ropa-1,Ropa-2-2,733,163600.0,10.28,UN,True,2025-11-16
3157,1794964549598,Eveniet officia,Electronica y tecnologia,Elec-1,Elec-1-1,584,29900.0,0.53,UN,True,2025-10-17
3158,5781273174272,Ullam blanditiis,Electronica y tecnologia,Elec-1,Elec-2-2,415,113100.0,1.85,UN,True,2025-09-26
3159,1832240239365,Repellendus itaque,Hogar y limpieza,Hoga-2,Hoga-3-2,585,149900.0,1.67,UN,True,2025-10-05
3160,2761764040463,Vitae quam,Electronica y tecnologia,Elec-1,Elec-3-2,13,208800.0,1.19,UN,True,2025-09-14
3161,5511286381103,Quidem aliquam,Bebes y maternidad,Bebe-1,Bebe-3-2,603,181700.0,6.71,UN,False,2025-09-13
3162,5022892074599,Porro et,Hogar y limpieza,Hoga-1,Hoga-1-2,79,235800.0,7.19,UN,True,2025-12-19
3163,5282767742392,Dicta placeat,Electronica y tecnologia,Elec-1,Elec-1-1,313,170600.0,13.97,UN,True,2025-12-21
3164,3543373278395,Cupiditate inventore,Cuidado personal e higiene,Cuid-2,Cuid-3-1,280,88600.0,6.63,UN,True,2026-02-10
3165,6921510026073,Modi et,Hogar y limpieza,Hoga-3,Hoga-1-2,553,59500.0,2.85,UN,True,2026-01-05
3166,7214348696532,Laudantium laboriosam,Ropa y calzado basico,Ropa-1,Ropa-2-1,193,16000.0,18.94,UN,True,2025-10-12
3167,7155731052088,Impedit dicta,Electronica y tecnologia,Elec-3,Elec-2-1,191,70800.0,17.52,UN,True,2026-01-11
3168,9831873095074,Quibusdam inventore,Cuidado personal e higiene,Cuid-3,Cuid-1-1,708,35900.0,2.53,KG,True,2025-12-01
3169,9337731297340,Nostrum quasi,Electronica y tecnologia,Elec-1,Elec-3-1,382,93600.0,7.29,UN,True,2025-10-08
3170,1485027590823,Nesciunt error,Ropa y calzado basico,Ropa-2,Ropa-3-1,594,176200.0,3.4,UN,True,2026-01-12
3171,6800907220877,Suscipit quisquam,Alimentos y bebidas,Alim-2,Alim-3-2,467,173600.0,19.18,KG,True,2026-01-12
3172,1218945239594,Numquam dolorum,Alimentos y bebidas,Alim-2,Alim-2-2,496,80900.0,7.15,UN,True,2025-11-27
3173,6023315998750,Asperiores eos,Hogar y limpieza,Hoga-1,Hoga-2-2,550,128100.0,2.01,UN,True,2025-10-07
3174,1757903230889,Doloremque eligendi,Electronica y tecnologia,Elec-2,Elec-3-2,535,55800.0,14.55,UN,True,2025-09-09
3175,8060941750244,Qui et,Cuidado personal e higiene,Cuid-1,Cuid-2-2,730,126700.0,14.25,UN,True,2026-02-01
3176,1300788675872,Dolor debitis,Ropa y calzado basico,Ropa-3,Ropa-2-1,628,128500.0,,KG,True,2025-10-05
3177,5585095914500,Perspiciatis assumenda,Bebes y maternidad,Bebe-2,Bebe-3-2,244,76700.0,6.46,KG,False,2025-10-29
3178,4972366946277,Ipsa similique,Electronica y tecnologia,Elec-1,Elec-1-2,136,66300.0,8.33,UN,True,2026-01-17
3179,2865181420430,Facilis excepturi,Hogar y limpieza,Hoga-2,Hoga-1-1,677,244900.0,5.39,UN,True,2025-11-27
3180,8450462176430,Deserunt perferendis,Alimentos y bebidas,Alim-3,Alim-3-2,299,135200.0,5.81,KG,True,2026-02-15
3181,4939416674078,Voluptate illum,Ropa y calzado basico,Ropa-3,Ropa-2-2,249,141400.0,16.04,UN,True,2025-11-16
3182,8869858574918,Aliquam dolore,Bebes y maternidad,Bebe-1,Bebe-1-2,89,3900.0,15.05,UN,True,2026-03-01
3183,1066726418795,Modi libero,Hogar y limpieza,Hoga-3,Hoga-1-2,442,47100.0,13.87,KG,True,2025-11-16
3184,3978953770127,Laboriosam quo,Electronica y tecnologia,Elec-1,Elec-3-1,410,90400.0,13.75,UN,True,2025-09-20
3185,4931645982436,Iste sint,Ropa y calzado basico,Ropa-1,Ropa-2-1,663,241600.0,10.46,KG,True,2026-01-26
3186,7804704079361,Ducimus fuga,Ropa y calzado basico,Ropa-1,Ropa-2-1,599,45500.0,7.05,KG,True,2026-01-14
3187,5187569269200,Maiores ratione,Alimentos y bebidas,Alim-3,Alim-1-2,579,77200.0,14.42,UN,True,2026-03-22
3188,3273571256726,Architecto doloremque,Ropa y calzado basico,Ropa-3,Ropa-3-1,431,247600.0,2.37,UN,True,2025-09-23
3189,1230085789593,Ex expedita,Bebes y maternidad,Bebe-2,Bebe-3-2,691,121300.0,2.86,UN,True,2025-12-18
3190,1532425660099,Cumque aliquam,Ropa y calzado basico,Ropa-3,Ropa-2-2,787,81000.0,,KG,True,2026-01-23
3191,8057836903038,Quae consequuntur,Hogar y limpieza,Hoga-1,Hoga-1-2,652,159300.0,14.67,UN,True,2025-11-23
3192,4136532985686,Quae libero,Electronica y tecnologia,Elec-1,Elec-3-2,279,125100.0,11.85,UN,True,2025-10-26
3193,4997707060078,Tenetur hic,Cuidado personal e higiene,Cuid-3,Cuid-3-2,222,239400.0,9.03,UN,True,2025-11-01
3194,4614337004912,Quidem alias,Electronica y tecnologia,Elec-3,Elec-3-2,2,22600.0,9.55,UN,True,2025-09-06
3195,7443687163874,Itaque vero,Cuidado personal e higiene,Cuid-1,Cuid-3-2,795,198100.0,16.56,UN,True,2026-01-06
3196,6215774054584,Consectetur explicabo,Hogar y limpieza,Hoga-1,Hoga-2-1,587,71200.0,2.48,KG,True,2026-02-06
3197,6618248741421,Ex unde,Cuidado personal e higiene,Cuid-2,Cuid-1-2,750,202100.0,7.7,UN,True,2025-12-03
3198,7853141988729,Quas quasi,Hogar y limpieza,Hoga-1,Hoga-2-2,631,212200.0,15.22,UN,True,2025-09-11
3199,6349212233993,Voluptatum dolorum,Hogar y limpieza,Hoga-3,Hoga-3-1,345,212600.0,13.17,UN,True,2026-02-05
3200,8215900713208,Pariatur et,Alimentos y bebidas,Alim-3,Alim-1-1,117,216900.0,8.73,UN,True,2026-03-04
3201,4484567715410,Placeat tempora,Ropa y calzado basico,Ropa-1,Ropa-1-2,38,180100.0,4.53,UN,True,2026-01-03
3202,7660456893910,Fugiat repellendus,Hogar y limpieza,Hoga-1,Hoga-3-1,634,37300.0,18.93,UN,True,2025-09-21
3203,1645767765763,Aperiam repudiandae,Bebes y maternidad,Bebe-3,Bebe-2-1,243,14900.0,8.19,LT,True,2025-11-25
3204,6647608520857,Rem facilis,Cuidado personal e higiene,Cuid-2,Cuid-3-2,304,86500.0,17.56,UN,True,2025-12-26
3205,2964552175044,Unde hic,Ropa y calzado basico,Ropa-1,Ropa-1-2,669,124800.0,15.57,UN,True,2026-03-13
3206,9988782988727,Praesentium consectetur,Cuidado personal e higiene,Cuid-1,Cuid-2-2,386,77000.0,17.24,KG,True,2025-12-12
3207,7544220618506,Quibusdam temporibus,Electronica y tecnologia,Elec-3,Elec-1-2,761,186100.0,0.39,UN,True,2025-09-06
3208,6929873864004,At eligendi,Hogar y limpieza,Hoga-3,Hoga-3-1,438,181200.0,9.57,LT,True,2026-01-22
3209,6724663903211,Dicta impedit,Hogar y limpieza,Hoga-1,Hoga-3-2,666,243000.0,5.23,UN,True,2026-01-19
3210,4303183933018,Amet nemo,Electronica y tecnologia,Elec-3,Elec-2-1,101,101300.0,5.52,UN,True,2025-10-21
3211,1184065488559,Distinctio aut,Ropa y calzado basico,Ropa-1,Ropa-2-2,318,196900.0,5.43,UN,True,2025-11-25
3212,8755245296153,Id nemo,Cuidado personal e higiene,Cuid-1,Cuid-1-1,147,185800.0,7.82,UN,True,2025-09-12
3213,1436974578358,Consequatur eveniet,Bebes y maternidad,Bebe-2,Bebe-3-2,46,247200.0,8.24,LT,True,2025-09-28
3214,1798387135567,Esse laudantium,Cuidado personal e higiene,Cuid-2,Cuid-3-1,794,193900.0,12.7,LT,True,2025-11-05
3215,6963389586418,Facilis nulla,Cuidado personal e higiene,Cuid-3,Cuid-3-1,415,72300.0,6.04,UN,True,2025-09-22
3216,7825601999163,Eaque expedita,Cuidado personal e higiene,Cuid-3,Cuid-1-2,283,5800.0,5.49,UN,True,2025-10-29
3217,2469476293688,Optio assumenda,Bebes y maternidad,Bebe-1,Bebe-2-2,302,242100.0,7.24,UN,True,2026-01-11
3218,4268517973675,Dolores iste,Alimentos y bebidas,Alim-2,Alim-1-2,193,179600.0,13.75,UN,True,2025-11-19
3219,9901027190952,Iste laborum,Hogar y limpieza,Hoga-3,Hoga-1-1,99,203500.0,0.05,UN,True,2025-10-03
3220,2038721215197,Voluptas mollitia,Hogar y limpieza,Hoga-2,Hoga-1-2,731,198700.0,14.95,UN,True,2026-01-06
3221,0456244622018,Eaque illum,Ropa y calzado basico,Ropa-1,Ropa-1-2,85,184500.0,6.81,UN,True,2026-02-22
3222,6566339350826,Suscipit quo,Hogar y limpieza,Hoga-1,Hoga-1-2,308,188400.0,,UN,True,2025-12-31
3223,4326253814031,Cumque fuga,Bebes y maternidad,Bebe-2,Bebe-3-2,123,232500.0,15.24,KG,True,2025-11-05
3224,0755984142023,Cum tenetur,Ropa y calzado basico,Ropa-2,Ropa-1-1,744,228700.0,10.24,UN,True,2026-02-12
3225,4843507450932,Libero officiis,Ropa y calzado basico,Ropa-2,Ropa-3-1,165,96000.0,12.96,UN,True,2025-11-11
3226,3280999702445,Odit vel,Ropa y calzado basico,Ropa-1,Ropa-3-1,316,9700.0,18.4,UN,True,2025-09-07
3227,0431090771820,Culpa quos,Alimentos y bebidas,Alim-1,Alim-2-1,604,11600.0,0.65,UN,True,2026-01-14
3228,3532773765543,Aspernatur odio,Hogar y limpieza,Hoga-2,Hoga-2-1,457,112800.0,7.02,UN,True,2026-01-25
3229,7617275735549,Explicabo recusandae,Electronica y tecnologia,Elec-3,Elec-3-2,306,209100.0,18.54,UN,True,2025-10-18
3230,8147126661530,Deleniti dicta,Cuidado personal e higiene,Cuid-2,Cuid-1-1,451,212200.0,16.76,KG,True,2025-11-18
3231,9392942702151,Ut tenetur,Alimentos y bebidas,Alim-2,Alim-2-2,350,102300.0,12.36,UN,True,2025-09-05
3232,0134339062795,Eaque sit,Alimentos y bebidas,Alim-3,Alim-2-1,232,76800.0,4.62,UN,True,2025-12-06
3233,8958247733910,Nobis nesciunt,Ropa y calzado basico,Ropa-3,Ropa-3-2,479,127600.0,6.64,UN,True,2025-12-02
3234,2990371912751,Magni deleniti,Electronica y tecnologia,Elec-3,Elec-3-2,293,208500.0,17.17,LT,True,2025-10-25
3235,9395571421165,Quibusdam tempora,Cuidado personal e higiene,Cuid-2,Cuid-3-2,769,159900.0,13.98,UN,True,2025-12-18
3236,2206591004436,Maiores voluptates,Ropa y calzado basico,Ropa-3,Ropa-3-2,371,36700.0,5.75,UN,True,2026-01-17
3237,6436444329690,Corporis tempore,Ropa y calzado basico,Ropa-2,Ropa-2-1,606,91800.0,2.69,UN,True,2025-12-02
3238,1422007227683,Facilis corrupti,Ropa y calzado basico,Ropa-2,Ropa-3-2,188,139700.0,15.63,UN,False,2026-02-10
3239,3527808785719,Rerum a,Bebes y maternidad,Bebe-2,Bebe-3-2,517,135500.0,,KG,True,2025-12-04
3240,0933853000906,Quam ducimus,Bebes y maternidad,Bebe-3,Bebe-2-1,448,208000.0,,KG,True,2025-11-24
3241,0632586775463,Occaecati hic,Cuidado personal e higiene,Cuid-3,Cuid-3-2,596,233200.0,8.16,KG,True,2026-01-15
3242,5861728470347,Ipsum unde,Ropa y calzado basico,Ropa-1,Ropa-3-2,370,26900.0,7.01,UN,True,2025-10-08
3243,4633246568414,Odio harum,Hogar y limpieza,Hoga-3,Hoga-2-1,576,57700.0,5.85,UN,True,2026-02-20
3244,5463517573514,Minima neque,Hogar y limpieza,Hoga-1,Hoga-1-2,47,99300.0,9.66,UN,True,2026-01-02
3245,8517696595960,Laudantium repellendus,Electronica y tecnologia,Elec-2,Elec-1-1,553,75500.0,6.49,KG,False,2025-11-16
3246,5600337522968,Totam sed,Electronica y tecnologia,Elec-3,Elec-3-2,603,103300.0,1.51,UN,True,2025-10-20
3247,4842109222510,Distinctio minima,Hogar y limpieza,Hoga-2,Hoga-1-1,398,12100.0,6.28,UN,True,2026-02-09
3248,4557953723761,Ad placeat,Bebes y maternidad,Bebe-1,Bebe-2-1,28,18400.0,4.42,LT,True,2025-09-06
3249,6041426430297,Nobis eaque,Cuidado personal e higiene,Cuid-2,Cuid-2-1,454,209900.0,16.32,LT,True,2025-09-16
3250,7081372298212,Eum pariatur,Alimentos y bebidas,Alim-2,Alim-3-1,626,27400.0,4.75,UN,True,2026-01-03
3251,0935243922959,Voluptas eveniet,Alimentos y bebidas,Alim-2,Alim-3-1,370,206400.0,9.2,UN,True,2025-12-09
3252,0149628407690,Nesciunt illo,Ropa y calzado basico,Ropa-1,Ropa-3-2,76,78000.0,13.47,UN,True,2025-10-08
3253,5390878347679,Eligendi minima,Hogar y limpieza,Hoga-2,Hoga-2-1,316,78700.0,3.03,UN,True,2025-11-18
3254,9007824466662,Eveniet possimus,Hogar y limpieza,Hoga-1,Hoga-1-1,796,27000.0,,UN,True,2026-02-07
3255,9483609438688,Culpa ducimus,Electronica y tecnologia,Elec-2,Elec-3-2,217,5300.0,16.95,UN,True,2025-12-06
3256,2508559256292,Consequuntur illum,Hogar y limpieza,Hoga-3,Hoga-1-1,424,90100.0,11.7,UN,True,2025-12-18
3257,7266923257270,Mollitia exercitationem,Electronica y tecnologia,Elec-3,Elec-2-2,285,209200.0,9.67,KG,True,2025-09-22
3258,3468927047237,Asperiores praesentium,Alimentos y bebidas,Alim-2,Alim-3-2,570,230100.0,16.79,LT,True,2026-01-26
3259,3446661051499,Assumenda totam,Alimentos y bebidas,Alim-3,Alim-2-2,343,17300.0,18.95,LT,False,2025-10-01
3260,6180686288689,Aspernatur sequi,Bebes y maternidad,Bebe-1,Bebe-2-1,308,9700.0,16.43,KG,True,2025-10-20
3261,8792449403956,Iure quia,Hogar y limpieza,Hoga-3,Hoga-3-1,464,41400.0,8.2,UN,True,2025-11-01
3262,1869561344089,Enim adipisci,Cuidado personal e higiene,Cuid-2,Cuid-3-2,458,192000.0,12.25,UN,True,2025-11-29
3263,8331838016935,Facere dolores,Hogar y limpieza,Hoga-3,Hoga-2-1,400,52800.0,10.56,UN,True,2025-10-28
3264,4769123779397,Quis mollitia,Hogar y limpieza,Hoga-3,Hoga-2-2,207,59200.0,6.1,UN,True,2026-02-14
3265,8012201631855,Esse distinctio,Cuidado personal e higiene,Cuid-2,Cuid-1-1,87,222500.0,8.73,UN,True,2025-11-20
3266,2002391523135,Excepturi at,Cuidado personal e higiene,Cuid-2,Cuid-2-2,553,219000.0,16.59,UN,True,2025-09-11
3267,3631409821278,Architecto dolorum,Ropa y calzado basico,Ropa-3,Ropa-1-1,272,168200.0,6.04,KG,True,2025-12-04
3268,0231896720127,Necessitatibus magnam,Alimentos y bebidas,Alim-1,Alim-2-2,491,42700.0,17.8,UN,True,2025-09-28
3269,9590317756901,Voluptas ipsum,Cuidado personal e higiene,Cuid-1,Cuid-3-1,301,96500.0,19.83,UN,True,2025-10-18
3270,0019176532444,Praesentium id,Hogar y limpieza,Hoga-2,Hoga-1-1,684,60600.0,6.17,KG,True,2025-12-31
3271,8343871515474,Perferendis fuga,Electronica y tecnologia,Elec-2,Elec-2-1,566,168600.0,2.5,UN,True,2026-01-05
3272,4691170870270,Vero illum,Bebes y maternidad,Bebe-3,Bebe-1-1,324,195400.0,19.15,UN,False,2026-01-15
3273,2820400938080,Sed eligendi,Bebes y maternidad,Bebe-1,Bebe-1-2,267,37200.0,3.46,UN,True,2025-11-18
3274,3491232160056,Nam mollitia,Cuidado personal e higiene,Cuid-2,Cuid-1-2,600,224700.0,15.44,UN,True,2026-02-18
3275,9324183252768,Porro eum,Electronica y tecnologia,Elec-1,Elec-1-1,7,116800.0,0.83,UN,True,2025-09-16
3276,2520213116797,Itaque dicta,Alimentos y bebidas,Alim-1,Alim-3-2,47,199200.0,4.75,UN,True,2025-11-18
3277,5428326701169,Consequuntur natus,Electronica y tecnologia,Elec-3,Elec-3-1,68,14800.0,5.24,LT,False,2025-10-22
3278,7811678629027,Ad quasi,Alimentos y bebidas,Alim-3,Alim-3-1,277,91400.0,5.98,UN,True,2025-09-12
3279,5153864267302,Expedita in,Alimentos y bebidas,Alim-3,Alim-2-1,398,5700.0,18.39,UN,True,2025-12-25
3280,2209941753046,Aperiam doloremque,Ropa y calzado basico,Ropa-1,Ropa-3-1,235,180200.0,3.55,UN,True,2025-09-15
3281,0531984105073,Quae rerum,Cuidado personal e higiene,Cuid-2,Cuid-3-1,151,21700.0,3.51,UN,True,2026-01-03
3282,5508485284670,Odit hic,Hogar y limpieza,Hoga-3,Hoga-2-2,251,85900.0,13.85,LT,True,2026-02-21
3283,7037846797002,A sit,Alimentos y bebidas,Alim-1,Alim-1-1,396,195900.0,19.05,UN,False,2026-02-10
3284,8307644058353,Error vitae,Ropa y calzado basico,Ropa-3,Ropa-3-2,238,187700.0,7.82,KG,True,2026-01-18
3285,5017272797328,Reprehenderit enim,Ropa y calzado basico,Ropa-3,Ropa-3-2,460,160800.0,15.47,KG,True,2025-10-23
3286,8290183205114,Fugiat similique,Electronica y tecnologia,Elec-2,Elec-1-1,306,174100.0,0.67,UN,True,2026-01-12
3287,2134063680195,Voluptas voluptas,Bebes y maternidad,Bebe-2,Bebe-2-1,747,163500.0,16.49,KG,True,2025-12-25
3288,9050240651174,Mollitia hic,Hogar y limpieza,Hoga-1,Hoga-2-2,794,161000.0,14.48,LT,True,2025-12-11
3289,4711706485799,Pariatur sapiente,Cuidado personal e higiene,Cuid-3,Cuid-2-1,525,88700.0,17.94,LT,False,2025-12-08
3290,6886312407904,Eius maiores,Alimentos y bebidas,Alim-3,Alim-3-2,444,9000.0,12.77,UN,True,2025-10-02
3291,4481388190112,Est sit,Cuidado personal e higiene,Cuid-3,Cuid-2-2,25,111600.0,18.83,UN,True,2026-02-20
3292,4567677619523,Voluptatum labore,Cuidado personal e higiene,Cuid-3,Cuid-3-2,499,13300.0,7.83,UN,True,2026-02-18
3293,4960170921764,Molestias dolorem,Cuidado personal e higiene,Cuid-2,Cuid-3-2,305,118300.0,14.66,UN,True,2026-01-27
3294,4517702238045,Corporis itaque,Cuidado personal e higiene,Cuid-3,Cuid-1-2,232,117100.0,14.53,UN,True,2025-12-22
3295,5347827725323,Illum distinctio,Electronica y tecnologia,Elec-1,Elec-3-2,635,46300.0,,UN,True,2025-09-30
3296,0959284898738,Voluptatibus nesciunt,Alimentos y bebidas,Alim-3,Alim-3-2,34,196500.0,18.42,UN,True,2026-01-08
3297,5872729933571,Deleniti neque,Electronica y tecnologia,Elec-1,Elec-2-1,209,176600.0,15.59,KG,True,2026-03-14
3298,0240939866395,Odit beatae,Hogar y limpieza,Hoga-2,Hoga-2-1,620,140800.0,17.33,UN,False,2025-09-30
3299,8464844273983,Qui quidem,Ropa y calzado basico,Ropa-1,Ropa-3-2,740,231600.0,7.28,LT,True,2025-11-14
3300,3565239188679,Sed temporibus,Electronica y tecnologia,Elec-1,Elec-2-1,412,73200.0,16.83,UN,False,2026-03-04
3301,6227353340629,Dolore nemo,Bebes y maternidad,Bebe-2,Bebe-1-1,424,67000.0,6.33,UN,True,2026-03-13
3302,0166334014219,Perferendis assumenda,Hogar y limpieza,Hoga-2,Hoga-1-1,774,47500.0,19.29,KG,True,2025-12-02
3303,5634526362882,Commodi eos,Cuidado personal e higiene,Cuid-1,Cuid-1-2,74,137000.0,0.53,UN,True,2025-10-31
3304,6233570444552,Non at,Electronica y tecnologia,Elec-3,Elec-3-2,385,52900.0,12.4,UN,True,2025-10-31
3305,1434421117549,Reprehenderit consectetur,Electronica y tecnologia,Elec-1,Elec-1-2,194,217500.0,,LT,True,2025-12-06
3306,9449574218847,Neque molestias,Hogar y limpieza,Hoga-3,Hoga-2-2,382,77500.0,14.39,LT,False,2025-11-06
3307,2463815129119,Nulla est,Electronica y tecnologia,Elec-1,Elec-2-2,726,123800.0,7.31,KG,True,2025-12-23
3308,6479246429984,Ea dicta,Hogar y limpieza,Hoga-2,Hoga-3-2,477,133300.0,17.42,UN,True,2025-09-19
3309,7247353998759,Cumque voluptates,Cuidado personal e higiene,Cuid-1,Cuid-2-2,794,78300.0,17.46,UN,True,2025-09-16
3310,9153007514511,Temporibus officia,Cuidado personal e higiene,Cuid-3,Cuid-3-1,405,185100.0,7.39,UN,True,2025-09-04
3311,8347923057820,Totam occaecati,Bebes y maternidad,Bebe-3,Bebe-3-2,691,173600.0,16.21,UN,True,2026-01-25
3312,4531081246439,Laudantium repudiandae,Ropa y calzado basico,Ropa-1,Ropa-1-2,136,190700.0,13.64,LT,True,2026-03-07
3313,7862430146061,Harum atque,Alimentos y bebidas,Alim-1,Alim-3-1,257,152300.0,8.56,UN,True,2025-09-24
3314,6961069637498,In fuga,Bebes y maternidad,Bebe-2,Bebe-1-2,220,116100.0,6.9,KG,True,2026-03-05
3315,1218790650612,Placeat perferendis,Ropa y calzado basico,Ropa-3,Ropa-3-1,616,113300.0,4.25,UN,True,2025-10-06
3316,4715901125023,Dolorum alias,Alimentos y bebidas,Alim-1,Alim-2-1,411,179700.0,1.31,UN,True,2025-09-13
3317,3160040272892,Hic laboriosam,Ropa y calzado basico,Ropa-1,Ropa-1-2,178,95500.0,10.37,UN,True,2025-11-01
3318,8683212086141,Et et,Electronica y tecnologia,Elec-2,Elec-1-2,139,110400.0,,UN,True,2025-11-01
3319,9842507966998,Numquam molestias,Bebes y maternidad,Bebe-1,Bebe-2-2,308,42600.0,8.91,UN,True,2026-03-15
3320,7842001414423,Repudiandae odit,Hogar y limpieza,Hoga-1,Hoga-3-1,123,170500.0,19.01,LT,True,2025-09-26
3321,4607372386150,Sapiente consequuntur,Electronica y tecnologia,Elec-1,Elec-3-1,558,21100.0,0.32,UN,False,2026-03-17
3322,9528599475760,Voluptatem nostrum,Cuidado personal e higiene,Cuid-2,Cuid-1-1,679,247600.0,17.01,UN,True,2026-02-23
3323,3798293055773,Deserunt officia,Cuidado personal e higiene,Cuid-3,Cuid-1-1,776,37600.0,16.03,UN,True,2025-12-10
3324,9798367607413,Natus distinctio,Electronica y tecnologia,Elec-2,Elec-2-2,189,97000.0,15.19,KG,True,2026-01-16
3325,0593948150437,Fugit exercitationem,Ropa y calzado basico,Ropa-1,Ropa-2-2,352,61000.0,10.52,UN,True,2025-12-19
3326,9035602858699,Repellat nemo,Bebes y maternidad,Bebe-2,Bebe-1-1,404,74100.0,3.85,UN,True,2026-03-05
3327,6609635476071,Unde architecto,Ropa y calzado basico,Ropa-2,Ropa-2-2,397,82000.0,17.26,UN,True,2025-10-16
3328,5121018426226,Natus est,Electronica y tecnologia,Elec-1,Elec-3-1,363,180100.0,14.9,KG,True,2026-03-14
3329,6441802459407,Amet amet,Electronica y tecnologia,Elec-1,Elec-2-1,177,45800.0,16.66,LT,True,2025-11-26
3330,8593565352438,Omnis repudiandae,Hogar y limpieza,Hoga-1,Hoga-3-1,90,67400.0,,LT,True,2026-03-09
3331,7795076557376,Quia doloribus,Ropa y calzado basico,Ropa-3,Ropa-2-2,323,27100.0,11.11,UN,True,2026-03-19
3332,4852512258464,Eos voluptatum,Cuidado personal e higiene,Cuid-3,Cuid-2-2,74,84200.0,8.35,UN,True,2026-02-20
3333,7901752279290,Esse tempore,Cuidado personal e higiene,Cuid-1,Cuid-2-2,51,235400.0,12.81,UN,True,2026-02-09
3334,4965239674995,Quos repellendus,Bebes y maternidad,Bebe-1,Bebe-1-2,420,96300.0,15.06,UN,True,2025-11-29
3335,9020385407004,Autem pariatur,Electronica y tecnologia,Elec-2,Elec-1-2,687,194800.0,3.52,UN,True,2026-01-21
3336,8415912426954,Provident porro,Hogar y limpieza,Hoga-1,Hoga-3-2,433,116500.0,3.52,UN,True,2025-10-22
3337,7538513976350,Enim vel,Bebes y maternidad,Bebe-3,Bebe-3-2,19,113500.0,0.92,UN,True,2025-10-29
3338,2946142620400,Sunt maiores,Bebes y maternidad,Bebe-3,Bebe-3-1,673,206300.0,3.19,UN,True,2026-01-30
3339,8520633461181,Nihil est,Cuidado personal e higiene,Cuid-1,Cuid-1-1,547,8700.0,4.84,UN,True,2026-02-03
3340,9787372826599,Soluta ea,Electronica y tecnologia,Elec-1,Elec-1-2,243,216500.0,1.5,LT,True,2025-10-26
3341,3380419171605,Autem corrupti,Hogar y limpieza,Hoga-1,Hoga-1-1,219,122300.0,7.15,UN,True,2026-03-16
3342,3330854418438,Provident odit,Ropa y calzado basico,Ropa-2,Ropa-3-1,720,89100.0,13.52,UN,True,2026-01-18
3343,6602093137881,Quod corporis,Bebes y maternidad,Bebe-3,Bebe-3-2,381,226900.0,15.87,UN,True,2026-03-20
3344,0210936767773,Molestiae dicta,Electronica y tecnologia,Elec-2,Elec-2-2,113,86300.0,6.95,UN,True,2025-12-08
3345,7365764554590,Molestiae temporibus,Ropa y calzado basico,Ropa-1,Ropa-3-1,226,244500.0,1.72,UN,True,2026-01-01
3346,0348195435116,Rem qui,Electronica y tecnologia,Elec-1,Elec-1-1,212,234200.0,15.2,KG,True,2026-01-12
3347,0269395533085,Perferendis nulla,Bebes y maternidad,Bebe-1,Bebe-2-2,321,68400.0,7.85,UN,True,2025-10-06
3348,9233313514853,Est iure,Hogar y limpieza,Hoga-1,Hoga-1-1,277,86500.0,5.07,UN,True,2025-10-29
3349,5070264062606,Veniam cum,Hogar y limpieza,Hoga-2,Hoga-1-1,438,203400.0,9.44,LT,True,2026-03-15
3350,6741514487621,Architecto libero,Hogar y limpieza,Hoga-2,Hoga-3-1,259,50500.0,19.4,UN,True,2026-01-16
3351,1648342797302,Vitae tempore,Bebes y maternidad,Bebe-1,Bebe-3-1,513,183500.0,7.48,UN,False,2025-12-21
3352,2940695725209,Soluta officiis,Electronica y tecnologia,Elec-1,Elec-1-2,395,34000.0,19.19,UN,True,2025-09-04
3353,2358937712588,Error in,Alimentos y bebidas,Alim-3,Alim-1-1,753,53000.0,5.1,UN,True,2025-09-11
3354,2848891994958,In neque,Alimentos y bebidas,Alim-3,Alim-2-1,663,126100.0,2.16,UN,False,2025-12-24
3355,1659919456447,Quasi laboriosam,Electronica y tecnologia,Elec-2,Elec-1-1,266,187000.0,3.19,UN,True,2025-09-20
3356,6452390041523,A amet,Ropa y calzado basico,Ropa-2,Ropa-2-2,34,185400.0,,UN,True,2025-10-02
3357,4286785547015,Sit impedit,Hogar y limpieza,Hoga-2,Hoga-2-1,468,153000.0,10.78,LT,True,2025-12-28
3358,8977950146701,Occaecati sint,Electronica y tecnologia,Elec-2,Elec-1-1,271,69500.0,11.66,UN,True,2026-03-15
3359,9367250280042,Veritatis facilis,Ropa y calzado basico,Ropa-1,Ropa-1-2,722,105000.0,19.36,UN,False,2026-02-18
3360,1770734603165,Odit vel,Electronica y tecnologia,Elec-2,Elec-1-2,325,63100.0,10.12,KG,False,2025-12-06
3361,1340799216459,Rerum dolorem,Bebes y maternidad,Bebe-3,Bebe-3-2,233,70700.0,2.38,UN,True,2026-03-11
3362,7527542832867,Reprehenderit eveniet,Electronica y tecnologia,Elec-2,Elec-2-1,272,82200.0,14.38,KG,True,2026-01-03
3363,7851506688154,Tenetur natus,Ropa y calzado basico,Ropa-3,Ropa-2-2,693,150500.0,4.2,UN,True,2026-03-11
3364,5715566166897,Totam consequuntur,Ropa y calzado basico,Ropa-2,Ropa-1-1,91,53500.0,11.65,KG,True,2025-10-21
3365,4093636460597,Molestias neque,Electronica y tecnologia,Elec-1,Elec-3-2,767,12600.0,17.09,LT,True,2025-12-28
3366,5516113395636,Dolor voluptates,Alimentos y bebidas,Alim-2,Alim-1-2,187,173700.0,9.57,UN,True,2026-03-07
3367,2245182569619,Similique animi,Hogar y limpieza,Hoga-3,Hoga-1-2,678,7400.0,,UN,False,2026-03-19
3368,9212697486970,Quisquam numquam,Alimentos y bebidas,Alim-2,Alim-3-1,436,242800.0,11.53,UN,True,2026-02-23
3369,8487989631968,Rem delectus,Electronica y tecnologia,Elec-2,Elec-3-1,456,88900.0,2.58,UN,True,2025-10-03
3370,3052704369225,Reiciendis mollitia,Alimentos y bebidas,Alim-1,Alim-1-2,164,3600.0,6.19,UN,True,2026-01-05
3371,5916423012740,Quis molestiae,Electronica y tecnologia,Elec-3,Elec-2-2,578,221400.0,10.11,UN,False,2025-09-22
3372,6901763191988,Eveniet tenetur,Hogar y limpieza,Hoga-2,Hoga-3-2,519,150800.0,5.12,UN,True,2025-11-19
3373,6370855360623,Nobis porro,Alimentos y bebidas,Alim-1,Alim-1-1,385,204700.0,0.83,UN,True,2025-09-10
3374,2306356735770,Odio nobis,Alimentos y bebidas,Alim-2,Alim-1-2,367,109900.0,11.72,KG,True,2026-02-02
3375,5694298410402,Eveniet soluta,Electronica y tecnologia,Elec-1,Elec-2-2,478,89800.0,8.05,UN,True,2026-02-05
3376,0327303248275,Minus molestiae,Alimentos y bebidas,Alim-3,Alim-1-1,378,164500.0,7.84,UN,True,2025-09-22
3377,4635235611880,Eum minima,Bebes y maternidad,Bebe-3,Bebe-2-2,780,102700.0,19.94,LT,True,2026-03-06
3378,2038069586218,Debitis pariatur,Ropa y calzado basico,Ropa-1,Ropa-3-1,34,139900.0,,KG,False,2026-02-18
3379,8531112817795,Excepturi necessitatibus,Ropa y calzado basico,Ropa-3,Ropa-2-2,201,70900.0,,LT,True,2026-02-18
3380,0366663694728,Accusamus ad,Cuidado personal e higiene,Cuid-1,Cuid-2-2,681,84500.0,17.53,UN,True,2025-12-02
3381,8132659845038,Odio magni,Ropa y calzado basico,Ropa-2,Ropa-2-1,635,22400.0,,UN,True,2026-03-10
3382,3790294037536,Maxime accusamus,Electronica y tecnologia,Elec-2,Elec-3-1,279,195800.0,18.36,UN,True,2026-03-19
3383,5313245275672,Facere accusamus,Hogar y limpieza,Hoga-1,Hoga-1-1,405,88500.0,13.46,LT,True,2025-12-22
3384,1950305687804,Totam ratione,Alimentos y bebidas,Alim-3,Alim-1-1,22,243800.0,10.59,KG,True,2025-11-18
3385,7126524948918,Harum cum,Electronica y tecnologia,Elec-3,Elec-3-2,142,66400.0,5.6,KG,True,2026-02-03
3386,8529838820151,Voluptatum eius,Ropa y calzado basico,Ropa-2,Ropa-1-1,756,119800.0,7.22,UN,True,2025-09-12
3387,1497776491368,Quaerat eveniet,Alimentos y bebidas,Alim-1,Alim-1-2,515,77800.0,16.53,UN,False,2025-11-10
3388,1657652822611,Provident rem,Alimentos y bebidas,Alim-3,Alim-2-1,31,174100.0,1.2,KG,True,2025-09-04
3389,9549029484947,Asperiores consequuntur,Hogar y limpieza,Hoga-2,Hoga-3-2,634,202500.0,15.38,UN,True,2026-02-04
3390,3457766138862,At officia,Electronica y tecnologia,Elec-3,Elec-1-2,323,122800.0,16.57,UN,False,2025-09-12
3391,5500915956782,Ipsum distinctio,Hogar y limpieza,Hoga-2,Hoga-3-1,456,93000.0,14.13,UN,True,2026-02-01
3392,3239593601944,Quisquam tenetur,Hogar y limpieza,Hoga-1,Hoga-3-1,686,186700.0,1.14,KG,True,2025-12-26
3393,1270661853607,Delectus ab,Cuidado personal e higiene,Cuid-1,Cuid-2-1,670,49500.0,14.87,UN,True,2025-11-30
3394,8780720203388,Temporibus optio,Alimentos y bebidas,Alim-1,Alim-1-2,110,150700.0,14.48,KG,True,2026-01-08
3395,8112099667636,Saepe accusantium,Alimentos y bebidas,Alim-1,Alim-3-1,293,183900.0,0.31,UN,True,2025-09-12
3396,7203734483658,Praesentium perspiciatis,Alimentos y bebidas,Alim-1,Alim-1-2,219,68800.0,17.85,UN,True,2026-02-13
3397,6707190565749,Temporibus repellendus,Ropa y calzado basico,Ropa-1,Ropa-3-2,732,164600.0,,UN,True,2025-10-27
3398,3967705467392,Unde provident,Ropa y calzado basico,Ropa-3,Ropa-3-1,625,184300.0,19.22,UN,True,2026-02-19
3399,3164909546889,Quidem vero,Hogar y limpieza,Hoga-3,Hoga-1-2,519,31100.0,1.46,UN,True,2026-02-28
3400,7305886810259,Natus cupiditate,Alimentos y bebidas,Alim-1,Alim-3-1,47,82300.0,4.8,UN,True,2025-12-23
3401,3129266254785,Quas doloribus,Hogar y limpieza,Hoga-1,Hoga-2-1,643,102800.0,,UN,True,2025-12-30
3402,0095804014612,Minima nesciunt,Bebes y maternidad,Bebe-3,Bebe-2-1,449,194400.0,2.79,UN,True,2026-03-07
3403,5970001900737,Voluptatibus atque,Cuidado personal e higiene,Cuid-2,Cuid-2-1,219,142700.0,3.74,UN,True,2025-11-24
3404,8854673474369,Nesciunt nobis,Hogar y limpieza,Hoga-2,Hoga-2-1,355,113500.0,0.27,KG,True,2025-11-22
3405,9390894131982,Facilis animi,Electronica y tecnologia,Elec-3,Elec-3-2,357,81100.0,16.54,UN,True,2026-03-12
3406,5967183213052,Dolores quod,Cuidado personal e higiene,Cuid-2,Cuid-3-1,237,3000.0,0.8,UN,False,2025-11-23
3407,4284251119032,Temporibus a,Hogar y limpieza,Hoga-3,Hoga-1-1,728,7000.0,12.67,UN,False,2025-11-16
3408,5940942941250,Delectus ratione,Hogar y limpieza,Hoga-2,Hoga-2-1,734,61600.0,11.67,UN,False,2025-09-05
3409,9799903238870,Alias dignissimos,Hogar y limpieza,Hoga-2,Hoga-3-2,41,30900.0,10.25,UN,True,2025-11-08
3410,6766062895131,Dolores dolorum,Ropa y calzado basico,Ropa-1,Ropa-3-1,749,31700.0,7.53,KG,True,2025-10-23
3411,4039978387444,Veritatis incidunt,Electronica y tecnologia,Elec-2,Elec-2-2,324,151500.0,6.03,UN,True,2026-02-05
3412,3081836329395,Impedit molestias,Alimentos y bebidas,Alim-3,Alim-2-1,640,152200.0,19.14,UN,True,2025-12-13
3413,7026638207157,Non blanditiis,Alimentos y bebidas,Alim-2,Alim-3-2,625,13100.0,,UN,True,2025-11-14
3414,4818513311782,Voluptatem neque,Hogar y limpieza,Hoga-1,Hoga-1-1,480,149300.0,18.46,UN,True,2026-03-09
3415,6057767719281,Itaque consectetur,Bebes y maternidad,Bebe-2,Bebe-1-1,596,38200.0,14.69,KG,True,2025-12-02
3416,8920302875743,Pariatur voluptatem,Alimentos y bebidas,Alim-3,Alim-2-2,546,95600.0,16.59,UN,True,2025-11-26
3417,0589230360677,Magni ratione,Alimentos y bebidas,Alim-3,Alim-1-1,682,247400.0,,KG,True,2026-01-26
3418,7871924972659,Non nam,Ropa y calzado basico,Ropa-2,Ropa-1-1,339,131500.0,9.1,KG,False,2025-10-26
3419,5713649674512,Nemo ducimus,Hogar y limpieza,Hoga-3,Hoga-1-1,592,10500.0,,UN,True,2025-11-29
3420,4537525744882,Necessitatibus libero,Cuidado personal e higiene,Cuid-1,Cuid-3-2,784,88200.0,0.91,UN,True,2026-01-23
3421,2526990185117,Praesentium asperiores,Cuidado personal e higiene,Cuid-2,Cuid-3-2,758,168400.0,2.2,KG,True,2025-11-07
3422,1567338515761,In esse,Electronica y tecnologia,Elec-2,Elec-2-2,119,57700.0,9.83,KG,True,2025-11-28
3423,4670506809832,Quisquam quia,Electronica y tecnologia,Elec-1,Elec-1-2,399,241200.0,9.11,UN,True,2025-09-07
3424,8319346502751,Eligendi eius,Electronica y tecnologia,Elec-3,Elec-3-2,409,107500.0,8.79,UN,True,2026-02-09
3425,8603456333894,Rem doloribus,Cuidado personal e higiene,Cuid-3,Cuid-1-2,500,7200.0,10.77,UN,True,2026-02-23
3426,2349524570513,Eius veniam,Electronica y tecnologia,Elec-1,Elec-3-1,518,136100.0,10.79,UN,True,2026-01-15
3427,5578263880325,Quasi fuga,Bebes y maternidad,Bebe-1,Bebe-2-1,679,169700.0,,UN,True,2025-12-18
3428,4271618628696,Alias soluta,Cuidado personal e higiene,Cuid-3,Cuid-1-2,426,115100.0,6.95,UN,True,2026-03-01
3429,7476237038544,Repellat cumque,Hogar y limpieza,Hoga-3,Hoga-2-1,562,232200.0,6.36,UN,True,2026-02-21
3430,7872681931927,Ea nam,Alimentos y bebidas,Alim-3,Alim-2-1,720,225700.0,14.05,UN,True,2025-12-06
3431,2941232806252,Sapiente autem,Electronica y tecnologia,Elec-1,Elec-3-2,82,36500.0,12.99,UN,True,2026-01-05
3432,3941854554189,Odit necessitatibus,Alimentos y bebidas,Alim-3,Alim-1-1,515,21800.0,16.61,KG,True,2026-03-10
3433,9258831400358,Facere repellat,Cuidado personal e higiene,Cuid-3,Cuid-3-2,294,79500.0,6.22,UN,True,2025-10-14
3434,6303282673547,Quos maiores,Ropa y calzado basico,Ropa-3,Ropa-3-2,725,152800.0,,KG,True,2026-02-06
3435,9047986571682,Occaecati numquam,Alimentos y bebidas,Alim-3,Alim-3-1,443,151200.0,18.88,UN,True,2025-11-15
3436,9621325086282,Impedit doloremque,Bebes y maternidad,Bebe-3,Bebe-3-2,483,69400.0,0.93,UN,True,2025-09-22
3437,6856434760881,Numquam eos,Hogar y limpieza,Hoga-2,Hoga-1-1,604,237900.0,13.62,UN,True,2025-11-26
3438,2309258728949,Ipsam reiciendis,Hogar y limpieza,Hoga-1,Hoga-2-2,194,78200.0,6.47,UN,False,2025-12-16
3439,6736316330848,Quod fuga,Electronica y tecnologia,Elec-1,Elec-3-1,435,201400.0,8.5,UN,True,2026-01-29
3440,6017262803366,Aspernatur veritatis,Electronica y tecnologia,Elec-3,Elec-2-2,619,208300.0,16.77,UN,False,2025-10-04
3441,4908474911630,Vero vero,Hogar y limpieza,Hoga-3,Hoga-1-2,623,26400.0,,LT,True,2025-12-22
3442,4303101663669,Odit alias,Bebes y maternidad,Bebe-1,Bebe-1-1,183,59700.0,2.93,UN,True,2026-01-14
3443,2284554140858,Iste in,Bebes y maternidad,Bebe-2,Bebe-1-2,671,55400.0,15.1,UN,True,2026-01-09
3444,7962295110846,Omnis dolor,Cuidado personal e higiene,Cuid-1,Cuid-3-1,131,230100.0,0.45,UN,True,2026-02-17
3445,8610660026047,Architecto sit,Ropa y calzado basico,Ropa-1,Ropa-2-1,213,89100.0,5.53,KG,True,2026-02-01
3446,6901749538912,Deleniti non,Cuidado personal e higiene,Cuid-2,Cuid-3-2,686,209400.0,,UN,True,2025-12-06
3447,6244106678846,Fugiat molestias,Bebes y maternidad,Bebe-2,Bebe-3-1,493,120500.0,8.78,UN,True,2025-10-28
3448,5732165024236,Voluptas itaque,Cuidado personal e higiene,Cuid-2,Cuid-1-1,434,115400.0,,LT,True,2026-02-27
3449,8935440711075,Dicta repudiandae,Cuidado personal e higiene,Cuid-2,Cuid-3-1,446,226000.0,7.66,UN,True,2026-02-27
3450,2985023050660,Neque officia,Ropa y calzado basico,Ropa-2,Ropa-1-2,776,111300.0,7.84,UN,True,2025-09-29
3451,7148533317141,Saepe explicabo,Ropa y calzado basico,Ropa-3,Ropa-1-2,182,186700.0,7.01,UN,True,2025-12-03
3452,7955412982495,Optio culpa,Alimentos y bebidas,Alim-1,Alim-1-2,240,107200.0,17.75,UN,True,2026-02-01
3453,2202881520891,Provident sed,Electronica y tecnologia,Elec-1,Elec-1-2,392,27300.0,0.4,KG,True,2026-01-14
3454,5217680126967,Autem voluptates,Hogar y limpieza,Hoga-2,Hoga-2-1,677,15200.0,18.8,UN,True,2026-02-25
3455,2505073249137,Nobis nemo,Electronica y tecnologia,Elec-2,Elec-2-2,439,53600.0,7.2,KG,True,2025-10-17
3456,9430325027498,Quis aperiam,Electronica y tecnologia,Elec-3,Elec-1-1,581,181100.0,7.33,UN,True,2026-03-11
3457,6238384403764,Porro eveniet,Bebes y maternidad,Bebe-3,Bebe-1-2,654,94700.0,14.53,KG,True,2025-10-20
3458,5439994285806,Cum aperiam,Bebes y maternidad,Bebe-2,Bebe-3-2,714,114600.0,7.8,LT,True,2025-09-23
3459,3308641486328,Aliquam beatae,Electronica y tecnologia,Elec-1,Elec-1-2,369,27300.0,12.35,LT,True,2026-01-28
3460,9085050487156,Occaecati reiciendis,Ropa y calzado basico,Ropa-1,Ropa-3-2,367,156500.0,18.08,KG,True,2026-03-08
3461,9051823772101,Optio optio,Bebes y maternidad,Bebe-2,Bebe-3-1,65,201300.0,16.93,KG,True,2025-11-13
3462,9074447939118,Natus molestiae,Cuidado personal e higiene,Cuid-2,Cuid-3-1,65,156900.0,10.33,UN,True,2025-10-05
3463,7174003456881,Velit aperiam,Ropa y calzado basico,Ropa-2,Ropa-2-1,390,246200.0,14.35,UN,True,2026-02-26
3464,4865737449661,Asperiores dolorum,Ropa y calzado basico,Ropa-1,Ropa-2-2,600,6100.0,7.88,UN,True,2025-09-23
3465,6072366047412,Dolore accusantium,Alimentos y bebidas,Alim-3,Alim-2-2,671,5900.0,15.53,UN,False,2026-01-14
3466,2081803689386,Alias tenetur,Bebes y maternidad,Bebe-2,Bebe-3-1,327,126000.0,3.45,UN,True,2025-09-29
3467,2528940439356,Expedita voluptas,Ropa y calzado basico,Ropa-2,Ropa-3-2,458,68100.0,0.96,UN,True,2026-01-15
3468,1602695775264,Voluptates non,Hogar y limpieza,Hoga-1,Hoga-2-2,651,172300.0,10.84,UN,True,2025-09-26
3469,6848031636782,Inventore delectus,Hogar y limpieza,Hoga-3,Hoga-2-2,256,198700.0,4.35,UN,True,2025-11-19
3470,1752481353760,Esse quaerat,Hogar y limpieza,Hoga-2,Hoga-3-1,127,27400.0,14.59,UN,True,2025-12-05
3471,4298393039530,Doloremque deleniti,Bebes y maternidad,Bebe-1,Bebe-1-1,737,229500.0,2.07,KG,True,2026-03-03
3472,9526088532987,Expedita laboriosam,Bebes y maternidad,Bebe-1,Bebe-2-2,437,9400.0,0.22,UN,True,2026-01-24
3473,7340114997470,Ipsum ducimus,Ropa y calzado basico,Ropa-2,Ropa-2-1,125,172700.0,13.53,UN,True,2026-03-11
3474,5473770499094,Dicta aliquam,Electronica y tecnologia,Elec-1,Elec-3-1,202,97400.0,10.04,UN,False,2025-12-20
3475,6781945659778,Sed ipsa,Alimentos y bebidas,Alim-3,Alim-2-2,262,167500.0,19.04,UN,True,2025-10-25
3476,3961034057361,Consequuntur doloremque,Bebes y maternidad,Bebe-3,Bebe-1-2,161,26200.0,4.99,UN,True,2025-11-27
3477,8910804175694,Facilis labore,Alimentos y bebidas,Alim-3,Alim-1-1,350,234400.0,2.51,UN,True,2025-12-15
3478,4307218877162,Ullam voluptatibus,Cuidado personal e higiene,Cuid-2,Cuid-2-2,651,234500.0,0.51,LT,True,2025-12-25
3479,9916587236347,Natus ea,Alimentos y bebidas,Alim-2,Alim-3-1,591,130800.0,8.91,KG,True,2026-03-04
3480,1104857867126,Tempora sunt,Bebes y maternidad,Bebe-2,Bebe-3-2,734,128400.0,2.06,UN,True,2026-03-02
3481,6572818291276,Corrupti dignissimos,Hogar y limpieza,Hoga-2,Hoga-2-1,669,159400.0,15.52,UN,True,2025-09-24
3482,8988524991962,Adipisci dolores,Cuidado personal e higiene,Cuid-2,Cuid-1-2,250,145900.0,1.49,UN,True,2026-02-09
3483,0841585537303,Magni facilis,Alimentos y bebidas,Alim-2,Alim-3-2,47,136800.0,18.42,UN,True,2025-11-02
3484,4376318559674,Tenetur alias,Hogar y limpieza,Hoga-3,Hoga-3-1,122,148100.0,10.84,LT,True,2025-12-30
3485,0716944814404,Repellat explicabo,Ropa y calzado basico,Ropa-1,Ropa-2-2,634,214900.0,13.94,UN,True,2026-03-13
3486,0040756023106,Corrupti beatae,Bebes y maternidad,Bebe-1,Bebe-2-2,273,153500.0,2.66,UN,True,2026-02-27
3487,6407972968224,Eaque reiciendis,Electronica y tecnologia,Elec-3,Elec-1-2,577,50600.0,1.84,LT,False,2025-12-09
3488,8854273449798,Necessitatibus iusto,Electronica y tecnologia,Elec-3,Elec-3-2,367,228700.0,7.11,UN,True,2025-09-13
3489,9251973665470,Facilis laudantium,Bebes y maternidad,Bebe-3,Bebe-2-2,716,55600.0,10.43,LT,True,2026-03-13
3490,5878371053926,Dolore iure,Bebes y maternidad,Bebe-2,Bebe-2-1,407,43000.0,11.53,UN,True,2026-03-04
3491,5906771853607,Voluptate ipsam,Cuidado personal e higiene,Cuid-2,Cuid-3-1,721,249300.0,6.63,KG,True,2025-11-19
3492,1743040256004,Consequatur numquam,Bebes y maternidad,Bebe-1,Bebe-2-1,201,54900.0,5.49,UN,False,2025-10-01
3493,4131667752707,Molestias ipsum,Electronica y tecnologia,Elec-1,Elec-3-2,623,26800.0,19.63,KG,True,2025-12-18
3494,7127971763505,Nesciunt sint,Bebes y maternidad,Bebe-3,Bebe-2-2,420,141400.0,5.49,LT,True,2026-02-11
3495,6427299043886,Ratione est,Alimentos y bebidas,Alim-2,Alim-2-1,153,207100.0,2.8,UN,True,2025-12-03
3496,1767622702543,Nihil incidunt,Alimentos y bebidas,Alim-2,Alim-3-1,188,17100.0,7.22,KG,True,2025-09-08
3497,3163915846471,Sed iste,Bebes y maternidad,Bebe-1,Bebe-3-2,252,123500.0,,UN,True,2025-12-04
3498,2560467820361,Alias sapiente,Ropa y calzado basico,Ropa-2,Ropa-3-2,124,19000.0,,UN,True,2025-12-15
3499,9061550261342,Ullam dolorum,Cuidado personal e higiene,Cuid-3,Cuid-3-1,750,108300.0,12.49,UN,True,2026-03-06
3500,0973122066769,Nemo dignissimos,Bebes y maternidad,Bebe-2,Bebe-2-1,171,87300.0,12.08,UN,True,2026-02-12
3501,6540532421699,Quaerat sint,Alimentos y bebidas,Alim-2,Alim-1-1,479,36000.0,13.98,UN,True,2026-01-20
3502,4353286178052,Perspiciatis maxime,Ropa y calzado basico,Ropa-3,Ropa-2-2,457,232900.0,3.18,UN,True,2025-11-23
3503,8138057321365,Veritatis porro,Cuidado personal e higiene,Cuid-1,Cuid-3-2,432,159500.0,0.97,UN,True,2026-03-12
3504,7886455526158,Dolor assumenda,Alimentos y bebidas,Alim-1,Alim-2-2,502,211100.0,15.83,UN,True,2025-10-20
3505,1070557052950,Ut earum,Ropa y calzado basico,Ropa-2,Ropa-3-1,733,226700.0,4.38,UN,True,2025-11-08
3506,0868744123597,Consequuntur illo,Bebes y maternidad,Bebe-2,Bebe-3-2,775,232700.0,6.35,UN,True,2026-02-20
3507,9896258692637,Voluptate eius,Alimentos y bebidas,Alim-3,Alim-3-1,700,187500.0,9.14,KG,True,2026-03-21
3508,5600625515177,Accusamus necessitatibus,Alimentos y bebidas,Alim-1,Alim-3-2,368,78100.0,14.34,UN,True,2026-02-13
3509,9751937849538,Consequuntur in,Electronica y tecnologia,Elec-1,Elec-2-1,582,207600.0,3.31,LT,True,2026-01-23
3510,1273445801979,Ex dolorum,Alimentos y bebidas,Alim-2,Alim-2-1,149,131000.0,18.05,UN,False,2026-03-10
3511,6213461646159,Quaerat provident,Ropa y calzado basico,Ropa-2,Ropa-3-1,706,69400.0,6.46,UN,True,2025-09-30
3512,2653222470816,Maiores quia,Bebes y maternidad,Bebe-3,Bebe-1-2,157,97700.0,19.65,UN,True,2026-01-15
3513,0148129719882,Repellat soluta,Ropa y calzado basico,Ropa-2,Ropa-1-2,92,76700.0,5.74,UN,True,2025-11-25
3514,4089437481268,Illum odio,Cuidado personal e higiene,Cuid-2,Cuid-3-1,663,117600.0,14.53,UN,True,2026-01-01
3515,8179300805881,Animi sapiente,Cuidado personal e higiene,Cuid-1,Cuid-3-2,607,195800.0,7.56,UN,True,2025-10-23
3516,9905808140334,Unde reprehenderit,Ropa y calzado basico,Ropa-2,Ropa-2-2,111,122200.0,16.74,UN,True,2025-12-10
3517,4050810563581,Adipisci nesciunt,Alimentos y bebidas,Alim-2,Alim-1-2,773,68400.0,9.28,UN,True,2025-10-21
3518,6990213116695,Sapiente repellat,Electronica y tecnologia,Elec-2,Elec-2-2,90,23700.0,17.42,KG,True,2026-01-10
3519,4602124676428,Quo cum,Hogar y limpieza,Hoga-2,Hoga-3-2,40,214200.0,15.09,UN,True,2026-03-08
3520,8125983620747,Quod recusandae,Ropa y calzado basico,Ropa-2,Ropa-2-1,765,105500.0,11.74,UN,True,2025-09-15
3521,9884959126094,Debitis et,Cuidado personal e higiene,Cuid-1,Cuid-2-1,179,111600.0,5.04,UN,True,2026-03-14
3522,2033146565711,Optio aut,Ropa y calzado basico,Ropa-1,Ropa-2-1,188,191400.0,,UN,True,2026-01-13
3523,6657813049951,Assumenda facilis,Ropa y calzado basico,Ropa-1,Ropa-3-2,636,212700.0,19.83,LT,True,2025-09-06
3524,0438964164504,Incidunt repellendus,Cuidado personal e higiene,Cuid-2,Cuid-3-2,486,128800.0,18.51,UN,True,2025-12-28
3525,8629532230727,Assumenda possimus,Hogar y limpieza,Hoga-3,Hoga-2-1,417,158800.0,2.81,UN,True,2025-10-01
3526,4876412613956,Consequatur unde,Alimentos y bebidas,Alim-3,Alim-2-1,791,61300.0,4.12,UN,True,2026-02-11
3527,5745861805832,Corporis et,Hogar y limpieza,Hoga-1,Hoga-1-2,70,233900.0,2.18,LT,True,2025-10-29
3528,9340835442783,Unde nisi,Cuidado personal e higiene,Cuid-1,Cuid-2-2,741,142800.0,4.07,UN,True,2025-09-15
3529,8598819206963,Explicabo nisi,Alimentos y bebidas,Alim-2,Alim-1-1,215,180500.0,5.84,KG,True,2026-02-20
3530,5693259627620,Quis sint,Electronica y tecnologia,Elec-1,Elec-2-2,499,30300.0,16.76,KG,True,2025-12-20
3531,2368312753419,Asperiores molestiae,Electronica y tecnologia,Elec-2,Elec-2-1,260,160000.0,1.95,UN,True,2026-01-04
3532,8399557802284,Voluptatum quibusdam,Alimentos y bebidas,Alim-2,Alim-2-2,235,93500.0,17.65,KG,False,2026-02-17
3533,0177106294500,Quia omnis,Cuidado personal e higiene,Cuid-3,Cuid-1-1,257,113600.0,19.44,UN,True,2025-12-26
3534,2694473534148,Quam ipsam,Alimentos y bebidas,Alim-2,Alim-1-2,448,171200.0,5.67,UN,False,2026-02-10
3535,3910323186671,Quidem alias,Ropa y calzado basico,Ropa-3,Ropa-1-1,703,199500.0,9.15,UN,True,2026-01-01
3536,9066747720114,Eaque sapiente,Hogar y limpieza,Hoga-2,Hoga-3-2,90,88600.0,10.61,UN,True,2025-09-09
3537,0408384378263,Consequuntur dicta,Alimentos y bebidas,Alim-3,Alim-1-1,530,218600.0,4.15,UN,True,2026-03-13
3538,0187779533424,Temporibus officia,Cuidado personal e higiene,Cuid-2,Cuid-1-1,689,56300.0,14.64,KG,True,2026-03-14
3539,2539392242579,Perspiciatis sit,Bebes y maternidad,Bebe-2,Bebe-3-1,588,141600.0,11.62,UN,True,2025-10-29
3540,7727745750214,Amet labore,Cuidado personal e higiene,Cuid-2,Cuid-1-1,785,39500.0,2.29,KG,True,2026-01-12
3541,8852114846034,Eaque velit,Ropa y calzado basico,Ropa-2,Ropa-3-2,11,73700.0,17.92,UN,True,2025-09-28
3542,6383968788420,Quis praesentium,Hogar y limpieza,Hoga-3,Hoga-2-2,291,224100.0,6.08,UN,True,2025-10-30
3543,0475983589475,Iusto autem,Cuidado personal e higiene,Cuid-2,Cuid-3-2,343,4900.0,3.17,UN,True,2026-01-03
3544,7069392853208,Voluptate quae,Cuidado personal e higiene,Cuid-1,Cuid-2-2,429,229100.0,19.64,KG,True,2025-11-12
3545,2546167946778,Voluptate soluta,Alimentos y bebidas,Alim-2,Alim-1-1,255,83400.0,2.1,UN,True,2026-03-16
3546,8189863613953,Laboriosam error,Ropa y calzado basico,Ropa-2,Ropa-3-1,203,174600.0,1.24,UN,True,2025-09-19
3547,9459211857230,Explicabo ducimus,Hogar y limpieza,Hoga-2,Hoga-3-2,682,24700.0,4.79,UN,True,2026-01-24
3548,5019473779622,Repellat odio,Hogar y limpieza,Hoga-1,Hoga-2-1,187,161000.0,6.42,KG,True,2026-01-04
3549,6389654997794,Temporibus asperiores,Alimentos y bebidas,Alim-1,Alim-3-1,764,227500.0,8.7,UN,True,2026-03-01
3550,1782200810014,Eum reiciendis,Ropa y calzado basico,Ropa-1,Ropa-2-1,30,139700.0,13.72,UN,True,2026-02-12
3551,4286690625150,Officiis possimus,Cuidado personal e higiene,Cuid-2,Cuid-3-1,339,91800.0,7.35,UN,True,2026-03-02
3552,7595149096715,Eligendi eveniet,Electronica y tecnologia,Elec-1,Elec-3-2,488,198800.0,11.21,KG,True,2026-02-09
3553,0800458724226,Quam a,Bebes y maternidad,Bebe-2,Bebe-1-2,779,178800.0,0.17,KG,True,2025-10-17
3554,7496652948303,Aliquam explicabo,Ropa y calzado basico,Ropa-1,Ropa-3-1,612,31200.0,7.73,KG,True,2025-11-27
3555,5171972512343,Consectetur facere,Electronica y tecnologia,Elec-1,Elec-3-2,12,167100.0,18.9,UN,True,2026-01-19
3556,3353675777737,Vel earum,Bebes y maternidad,Bebe-1,Bebe-3-1,599,166800.0,15.51,UN,True,2026-03-22
3557,4265875031047,Doloremque ullam,Cuidado personal e higiene,Cuid-1,Cuid-1-1,261,188500.0,14.83,UN,True,2026-02-23
3558,9791407712801,Voluptate nesciunt,Bebes y maternidad,Bebe-1,Bebe-3-2,688,80400.0,6.13,UN,True,2026-01-11
3559,6199074666978,Vitae tenetur,Electronica y tecnologia,Elec-3,Elec-2-2,620,101500.0,9.79,LT,True,2025-09-24
3560,4721712435664,Similique ipsa,Hogar y limpieza,Hoga-1,Hoga-2-1,154,240100.0,16.9,UN,True,2025-11-27
3561,8303253695255,Tempora incidunt,Cuidado personal e higiene,Cuid-2,Cuid-3-2,289,144200.0,17.61,UN,True,2026-01-12
3562,5876735078103,Cupiditate accusamus,Ropa y calzado basico,Ropa-2,Ropa-2-2,657,128100.0,14.23,UN,True,2026-02-05
3563,7283947646125,Fuga deleniti,Bebes y maternidad,Bebe-3,Bebe-3-2,737,246700.0,9.16,UN,True,2025-10-28
3564,6149936319627,Enim dicta,Ropa y calzado basico,Ropa-2,Ropa-3-2,483,58900.0,1.51,UN,True,2025-12-06
3565,7564439095196,Accusantium aliquid,Alimentos y bebidas,Alim-2,Alim-1-2,175,100700.0,2.43,UN,True,2026-02-15
3566,5663006362104,Voluptatem vero,Hogar y limpieza,Hoga-3,Hoga-3-1,312,190500.0,0.06,UN,True,2026-02-17
3567,5164078704811,Quod molestias,Ropa y calzado basico,Ropa-3,Ropa-2-2,637,178800.0,7.22,LT,True,2025-10-18
3568,1353739652729,Maiores quisquam,Hogar y limpieza,Hoga-1,Hoga-2-2,479,241700.0,0.52,KG,True,2025-10-24
3569,9598677705546,Minus doloribus,Ropa y calzado basico,Ropa-3,Ropa-2-1,162,164300.0,8.73,LT,True,2025-11-17
3570,8990712996994,Voluptatem voluptate,Ropa y calzado basico,Ropa-2,Ropa-1-2,229,79600.0,11.97,UN,True,2026-01-10
3571,1548270029332,Eaque et,Alimentos y bebidas,Alim-1,Alim-3-2,158,100600.0,11.94,LT,True,2026-01-17
3572,1326893746023,Facilis ratione,Electronica y tecnologia,Elec-2,Elec-2-1,376,24200.0,,UN,True,2026-02-02
3573,1368841577129,Placeat qui,Cuidado personal e higiene,Cuid-3,Cuid-3-2,357,231100.0,4.56,UN,True,2025-12-24
3574,9184251956178,Atque sint,Hogar y limpieza,Hoga-1,Hoga-3-2,434,33900.0,10.41,UN,True,2026-03-06
3575,6558922355288,Eum in,Hogar y limpieza,Hoga-1,Hoga-3-2,756,137300.0,19.6,UN,True,2025-09-27
3576,5870630228298,Doloremque consectetur,Ropa y calzado basico,Ropa-3,Ropa-1-2,522,101500.0,8.92,KG,True,2025-12-17
3577,3352878971539,At id,Bebes y maternidad,Bebe-2,Bebe-3-2,469,35300.0,17.5,UN,True,2025-10-19
3578,5964726847460,Nulla tenetur,Hogar y limpieza,Hoga-1,Hoga-1-2,293,74700.0,7.66,UN,True,2025-12-20
3579,4550728310180,Id nam,Electronica y tecnologia,Elec-3,Elec-3-1,509,159100.0,12.48,UN,False,2026-02-28
3580,5088087564504,Omnis ipsam,Electronica y tecnologia,Elec-2,Elec-2-1,765,9800.0,9.66,UN,True,2026-02-28
3581,5810580108868,Placeat est,Electronica y tecnologia,Elec-1,Elec-3-1,8,241600.0,13.79,KG,True,2026-03-20
3582,7974476193784,Dolores voluptates,Electronica y tecnologia,Elec-1,Elec-2-1,280,227500.0,17.95,UN,True,2025-12-10
3583,8663646533343,Ipsum blanditiis,Ropa y calzado basico,Ropa-2,Ropa-1-2,46,23000.0,8.85,UN,True,2026-01-20
3584,7749633792267,Voluptatum sunt,Bebes y maternidad,Bebe-1,Bebe-3-2,163,217400.0,15.16,KG,True,2025-12-08
3585,2819150237437,Explicabo corrupti,Ropa y calzado basico,Ropa-2,Ropa-2-1,54,83500.0,17.66,KG,True,2025-09-05
3586,8734505219408,Iusto nihil,Alimentos y bebidas,Alim-1,Alim-3-1,474,18700.0,15.8,UN,True,2025-10-30
3587,5047260979627,Atque odit,Hogar y limpieza,Hoga-1,Hoga-3-1,656,77900.0,0.54,UN,True,2026-01-30
3588,9145977366092,Eaque commodi,Hogar y limpieza,Hoga-3,Hoga-2-1,753,202600.0,0.05,LT,True,2025-09-14
3589,8591981747364,Dolorum hic,Electronica y tecnologia,Elec-1,Elec-2-1,190,167100.0,17.67,UN,False,2026-01-10
3590,6539788587488,Et distinctio,Electronica y tecnologia,Elec-3,Elec-2-1,560,61200.0,14.6,UN,True,2025-12-04
3591,9557131984446,Cum repellendus,Ropa y calzado basico,Ropa-1,Ropa-3-1,264,180400.0,19.16,UN,False,2025-11-25
3592,9616395257472,Officia rem,Hogar y limpieza,Hoga-2,Hoga-3-1,253,177500.0,5.89,UN,True,2026-01-29
3593,7743721238484,Dolor explicabo,Cuidado personal e higiene,Cuid-1,Cuid-1-1,488,186200.0,15.77,LT,True,2025-10-19
3594,7756191898751,Pariatur voluptatem,Hogar y limpieza,Hoga-2,Hoga-3-1,544,136100.0,16.04,LT,True,2025-10-25
3595,5798322900058,Voluptates natus,Bebes y maternidad,Bebe-2,Bebe-1-2,468,205100.0,17.15,UN,True,2025-10-07
3596,9054517365856,Cum officiis,Cuidado personal e higiene,Cuid-1,Cuid-2-2,80,161100.0,13.86,UN,True,2025-09-25
3597,4059193442469,Harum architecto,Alimentos y bebidas,Alim-2,Alim-3-2,329,33100.0,2.81,KG,True,2025-09-20
3598,2712393306536,Eum itaque,Bebes y maternidad,Bebe-3,Bebe-3-2,229,202900.0,,UN,True,2025-09-24
3599,3535975980967,Tempora enim,Cuidado personal e higiene,Cuid-2,Cuid-2-1,4,82300.0,12.11,UN,True,2026-01-09
3600,2821960878755,Voluptatum amet,Electronica y tecnologia,Elec-1,Elec-2-2,33,176800.0,6.71,LT,False,2025-11-02
3601,7882737630971,Animi iusto,Ropa y calzado basico,Ropa-3,Ropa-1-2,360,169400.0,4.21,UN,True,2025-11-10
3602,7398366609795,Molestiae quasi,Cuidado personal e higiene,Cuid-1,Cuid-1-1,81,85300.0,17.71,UN,True,2026-02-01
3603,7855004450725,Fugit cupiditate,Hogar y limpieza,Hoga-1,Hoga-2-1,592,42100.0,2.88,KG,True,2025-12-16
3604,9629010793224,Occaecati dolor,Cuidado personal e higiene,Cuid-2,Cuid-3-1,46,174300.0,8.47,KG,True,2025-09-19
3605,6527825463055,Porro eos,Alimentos y bebidas,Alim-1,Alim-2-1,189,212600.0,12.47,UN,True,2025-12-18
3606,9415671177530,Fugit aspernatur,Alimentos y bebidas,Alim-1,Alim-1-2,789,209900.0,19.44,UN,True,2026-01-14
3607,9872458198704,Mollitia recusandae,Cuidado personal e higiene,Cuid-3,Cuid-3-1,567,157400.0,13.44,UN,True,2026-01-03
3608,8840755380536,Porro iure,Hogar y limpieza,Hoga-2,Hoga-1-1,446,58400.0,6.13,UN,True,2026-02-24
3609,6597268395077,Fuga cum,Electronica y tecnologia,Elec-3,Elec-1-2,13,80400.0,1.26,KG,True,2025-12-31
3610,0513069672120,Eum ducimus,Alimentos y bebidas,Alim-2,Alim-3-1,35,189100.0,6.39,KG,True,2026-02-13
3611,8156838702783,Molestiae earum,Bebes y maternidad,Bebe-2,Bebe-1-1,727,103900.0,5.89,UN,True,2025-12-16
3612,5379821492413,Voluptatum ab,Ropa y calzado basico,Ropa-3,Ropa-2-1,640,183700.0,16.39,UN,True,2026-01-09
3613,3717306390854,Velit corporis,Alimentos y bebidas,Alim-1,Alim-2-1,761,78700.0,7.56,UN,True,2025-10-05
3614,8306848368169,Ipsum aspernatur,Bebes y maternidad,Bebe-2,Bebe-1-2,647,3600.0,2.01,UN,True,2026-03-21
3615,7238665606777,Quod temporibus,Alimentos y bebidas,Alim-3,Alim-1-1,2,151700.0,17.41,UN,True,2025-09-09
3616,5595735410576,Repellendus delectus,Electronica y tecnologia,Elec-1,Elec-1-1,645,151000.0,0.41,UN,True,2026-03-16
3617,7250402589884,Delectus sint,Hogar y limpieza,Hoga-3,Hoga-2-1,367,157600.0,0.11,KG,True,2025-12-28
3618,1085587235785,Quae eligendi,Electronica y tecnologia,Elec-1,Elec-3-2,554,68500.0,9.52,KG,True,2025-11-10
3619,4572080241049,Aperiam rerum,Bebes y maternidad,Bebe-2,Bebe-2-1,332,203100.0,1.43,UN,True,2025-11-27
3620,1507493166088,Distinctio dignissimos,Bebes y maternidad,Bebe-3,Bebe-2-2,577,122900.0,3.58,KG,True,2025-09-19
3621,1611556613409,Autem et,Cuidado personal e higiene,Cuid-1,Cuid-2-2,674,191100.0,19.71,UN,True,2025-11-25
3622,4750004584087,Enim officiis,Electronica y tecnologia,Elec-3,Elec-3-1,780,153600.0,16.9,UN,True,2025-09-18
3623,9227069906499,Aliquam explicabo,Bebes y maternidad,Bebe-1,Bebe-1-1,433,105200.0,15.29,UN,True,2025-11-29
3624,4935658036384,Vel iste,Ropa y calzado basico,Ropa-1,Ropa-3-1,224,170500.0,13.43,KG,True,2025-10-01
3625,3647224558176,Voluptates animi,Bebes y maternidad,Bebe-2,Bebe-1-2,490,144600.0,1.0,UN,True,2025-09-26
3626,0833514244963,Esse tenetur,Hogar y limpieza,Hoga-2,Hoga-3-1,400,128700.0,16.73,UN,False,2026-01-24
3627,6390004539809,Quam nemo,Cuidado personal e higiene,Cuid-3,Cuid-1-2,163,162800.0,9.45,UN,True,2025-10-09
3628,4886725140964,Ad praesentium,Electronica y tecnologia,Elec-3,Elec-1-2,580,23300.0,2.01,UN,True,2025-11-10
3629,1709987317093,Doloremque sit,Ropa y calzado basico,Ropa-3,Ropa-2-1,62,227700.0,,UN,True,2026-01-14
3630,8166881303844,In earum,Bebes y maternidad,Bebe-2,Bebe-1-2,323,85100.0,10.06,UN,True,2025-12-13
3631,6912815016456,Aliquid neque,Ropa y calzado basico,Ropa-1,Ropa-3-1,554,57700.0,0.32,LT,True,2025-12-15
3632,4662573125366,Deserunt provident,Ropa y calzado basico,Ropa-3,Ropa-2-2,737,193400.0,5.09,UN,True,2025-12-01
3633,1276987622958,Officia eaque,Electronica y tecnologia,Elec-2,Elec-3-2,497,59300.0,6.75,UN,True,2026-01-03
3634,7947450809896,Harum iusto,Cuidado personal e higiene,Cuid-1,Cuid-1-2,784,249000.0,9.3,UN,True,2026-01-12
3635,7173315716041,Cupiditate deserunt,Hogar y limpieza,Hoga-3,Hoga-3-1,666,106300.0,0.09,KG,True,2025-09-29
3636,2614471650442,Rem maxime,Hogar y limpieza,Hoga-2,Hoga-1-2,189,75600.0,11.33,UN,True,2026-03-15
3637,1526445829697,Cum sint,Ropa y calzado basico,Ropa-2,Ropa-3-1,676,17400.0,3.99,KG,True,2026-02-13
3638,4541913780499,Numquam veniam,Electronica y tecnologia,Elec-2,Elec-3-2,269,12400.0,11.97,UN,True,2025-11-27
3639,8762093837391,Vitae dignissimos,Ropa y calzado basico,Ropa-3,Ropa-2-2,505,25600.0,4.82,UN,True,2025-11-17
3640,6524276074144,Quidem iusto,Alimentos y bebidas,Alim-1,Alim-3-1,161,3200.0,8.08,KG,True,2026-01-27
3641,6440261353424,Iusto quis,Ropa y calzado basico,Ropa-2,Ropa-2-2,431,83100.0,12.49,UN,True,2026-01-04
3642,5556183262131,Molestiae praesentium,Electronica y tecnologia,Elec-1,Elec-2-2,544,79000.0,13.15,UN,True,2026-02-11
3643,8415510954255,Soluta excepturi,Bebes y maternidad,Bebe-2,Bebe-1-2,732,108700.0,0.66,UN,True,2025-12-06
3644,2750568808485,Cumque modi,Hogar y limpieza,Hoga-1,Hoga-3-2,755,59800.0,10.72,KG,True,2025-12-01
3645,2072712633409,Animi tenetur,Hogar y limpieza,Hoga-2,Hoga-2-1,642,17600.0,,UN,True,2025-12-06
3646,2937813267277,Dolor pariatur,Alimentos y bebidas,Alim-3,Alim-1-2,447,19600.0,4.17,UN,True,2025-11-02
3647,3326277674698,Quam nisi,Ropa y calzado basico,Ropa-2,Ropa-3-1,706,47200.0,10.66,UN,True,2026-02-06
3648,5881946877490,Eius impedit,Ropa y calzado basico,Ropa-3,Ropa-1-2,85,80500.0,,UN,True,2026-02-10
3649,2944993136750,Quibusdam nulla,Bebes y maternidad,Bebe-3,Bebe-3-2,797,38700.0,17.01,UN,True,2025-09-26
3650,7266849053666,Nihil magni,Alimentos y bebidas,Alim-1,Alim-1-2,164,92500.0,8.8,UN,True,2025-09-22
3651,7832031613170,Mollitia consequatur,Cuidado personal e higiene,Cuid-2,Cuid-2-2,323,230700.0,18.88,UN,True,2025-09-18
3652,7905340388333,Deleniti quia,Bebes y maternidad,Bebe-2,Bebe-3-2,727,66900.0,,KG,False,2025-11-08
3653,3151801664803,Aspernatur nemo,Alimentos y bebidas,Alim-2,Alim-1-2,574,43800.0,11.25,UN,True,2025-09-24
3654,2362801938899,Sequi laudantium,Electronica y tecnologia,Elec-3,Elec-3-2,680,166900.0,5.87,UN,True,2025-12-26
3655,5311543978158,Ipsum dolore,Hogar y limpieza,Hoga-2,Hoga-2-2,551,123700.0,11.95,UN,True,2026-03-22
3656,7341591066086,Cupiditate corporis,Bebes y maternidad,Bebe-1,Bebe-3-1,481,13700.0,2.67,UN,True,2026-01-22
3657,6236504602622,Amet voluptatem,Bebes y maternidad,Bebe-2,Bebe-1-1,140,197400.0,8.35,UN,True,2026-03-08
3658,2478922518268,Saepe iure,Bebes y maternidad,Bebe-1,Bebe-3-1,797,179400.0,5.72,KG,True,2025-10-03
3659,1350621084019,Error beatae,Cuidado personal e higiene,Cuid-2,Cuid-2-2,510,244400.0,13.42,UN,False,2026-01-22
3660,5799706298105,Nam culpa,Electronica y tecnologia,Elec-2,Elec-2-1,535,234700.0,15.29,KG,True,2026-01-27
3661,9975268665081,Iusto modi,Ropa y calzado basico,Ropa-3,Ropa-2-1,343,146900.0,18.58,UN,True,2025-12-02
3662,3681682140733,Mollitia optio,Bebes y maternidad,Bebe-1,Bebe-2-2,762,172100.0,4.48,UN,True,2026-01-31
3663,7308714390398,Quod vitae,Alimentos y bebidas,Alim-2,Alim-2-2,361,103600.0,17.7,UN,True,2025-09-21
3664,0920056260701,Labore sint,Bebes y maternidad,Bebe-1,Bebe-1-2,153,222300.0,16.93,UN,False,2026-01-05
3665,2474857988893,Numquam corporis,Hogar y limpieza,Hoga-2,Hoga-2-1,145,139100.0,,LT,True,2026-02-15
3666,2132738152299,Error fugiat,Alimentos y bebidas,Alim-2,Alim-2-1,559,82700.0,14.82,KG,True,2025-11-21
3667,3229725401498,Aut cum,Electronica y tecnologia,Elec-2,Elec-2-1,596,4400.0,5.39,UN,True,2025-10-11
3668,3847543188645,Delectus sequi,Ropa y calzado basico,Ropa-1,Ropa-1-2,165,147400.0,17.56,UN,True,2025-09-06
3669,5947800792467,Dignissimos suscipit,Alimentos y bebidas,Alim-1,Alim-2-1,559,132300.0,12.01,KG,True,2025-10-28
3670,3669837555045,Quidem vitae,Alimentos y bebidas,Alim-2,Alim-2-2,799,203300.0,,UN,True,2026-02-15
3671,5838750077097,Quasi atque,Bebes y maternidad,Bebe-2,Bebe-3-2,426,48400.0,4.14,LT,True,2026-02-19
3672,9031721135987,Accusamus fugit,Bebes y maternidad,Bebe-1,Bebe-3-1,777,204200.0,3.19,UN,True,2026-01-05
3673,0433315696406,Dolores error,Alimentos y bebidas,Alim-2,Alim-2-1,126,5800.0,5.57,UN,True,2025-10-25
3674,1014601933529,Quod suscipit,Bebes y maternidad,Bebe-1,Bebe-3-2,323,147700.0,10.25,UN,True,2025-10-25
3675,0622609316421,Velit itaque,Bebes y maternidad,Bebe-2,Bebe-1-1,446,100400.0,8.36,UN,True,2026-02-19
3676,6633161408237,Sunt ducimus,Bebes y maternidad,Bebe-2,Bebe-3-1,287,84200.0,17.76,UN,True,2025-12-29
3677,1017171994570,Explicabo odio,Cuidado personal e higiene,Cuid-3,Cuid-1-1,81,109500.0,0.31,UN,True,2026-02-08
3678,4051995081907,Sit natus,Electronica y tecnologia,Elec-3,Elec-2-1,367,57500.0,1.65,LT,True,2025-11-17
3679,0567352635958,Ipsum voluptas,Bebes y maternidad,Bebe-3,Bebe-1-1,272,47500.0,6.54,UN,True,2026-02-18
3680,1763524130224,Magnam illum,Bebes y maternidad,Bebe-1,Bebe-1-2,164,201700.0,3.4,UN,True,2025-12-07
3681,8671066560245,Libero aperiam,Electronica y tecnologia,Elec-3,Elec-3-2,298,58500.0,8.16,UN,True,2026-01-16
3682,9235777414908,Provident iste,Cuidado personal e higiene,Cuid-2,Cuid-1-1,335,184800.0,14.37,UN,True,2026-02-21
3683,5717532279976,Iste facilis,Alimentos y bebidas,Alim-2,Alim-1-2,707,178400.0,19.87,UN,True,2025-11-13
3684,5261587898915,Quis quas,Cuidado personal e higiene,Cuid-3,Cuid-1-1,394,10300.0,4.08,UN,True,2026-02-08
3685,6831715111422,Iusto sapiente,Alimentos y bebidas,Alim-1,Alim-3-1,333,220500.0,5.36,KG,True,2026-01-12
3686,4124845467319,Quam suscipit,Cuidado personal e higiene,Cuid-1,Cuid-3-1,312,197800.0,15.39,KG,True,2025-12-12
3687,3717419066950,Voluptate aperiam,Alimentos y bebidas,Alim-3,Alim-3-2,479,199400.0,5.48,LT,True,2026-02-16
3688,4508570340114,Molestias rem,Ropa y calzado basico,Ropa-2,Ropa-3-2,221,202700.0,14.09,UN,True,2025-11-30
3689,7617061301125,Architecto inventore,Electronica y tecnologia,Elec-2,Elec-3-1,700,146500.0,11.69,UN,True,2026-01-31
3690,7383181720350,Excepturi repellendus,Electronica y tecnologia,Elec-1,Elec-2-1,335,248400.0,17.11,UN,True,2025-09-19
3691,7965640019153,Quo pariatur,Ropa y calzado basico,Ropa-2,Ropa-1-2,341,46400.0,0.72,KG,True,2026-02-23
3692,4260782411647,Quam quia,Hogar y limpieza,Hoga-1,Hoga-1-1,52,19900.0,19.6,UN,True,2026-03-15
3693,3424114754661,Quis sequi,Hogar y limpieza,Hoga-2,Hoga-1-1,707,176600.0,19.29,KG,True,2026-03-19
3694,2482230642119,Repellendus repellat,Cuidado personal e higiene,Cuid-2,Cuid-3-1,377,74900.0,0.5,LT,True,2026-02-19
3695,6846038951594,Illo soluta,Hogar y limpieza,Hoga-3,Hoga-1-2,110,152800.0,10.02,UN,True,2026-01-20
3696,2346652174644,Tempore quisquam,Cuidado personal e higiene,Cuid-3,Cuid-1-1,138,99100.0,8.06,UN,True,2026-01-30
3697,5331649506055,Incidunt hic,Electronica y tecnologia,Elec-1,Elec-3-2,292,84700.0,5.12,UN,True,2026-03-08
3698,4113713463102,A nam,Bebes y maternidad,Bebe-1,Bebe-1-2,625,223500.0,19.56,UN,True,2026-01-28
3699,7890786957604,Amet dignissimos,Electronica y tecnologia,Elec-2,Elec-1-1,76,37200.0,3.53,UN,True,2025-10-28
3700,1883041544745,Molestias repellendus,Cuidado personal e higiene,Cuid-3,Cuid-1-2,97,48900.0,5.31,UN,True,2025-10-05
3701,7334359736970,Aliquid rem,Ropa y calzado basico,Ropa-1,Ropa-3-2,449,167600.0,0.21,KG,True,2026-03-17
3702,0168525317505,Tempora maiores,Ropa y calzado basico,Ropa-2,Ropa-1-1,400,196100.0,11.63,UN,False,2025-10-01
3703,4093701185967,Saepe inventore,Hogar y limpieza,Hoga-2,Hoga-1-1,766,208400.0,17.22,UN,True,2026-03-05
3704,8974095290559,Architecto laborum,Cuidado personal e higiene,Cuid-1,Cuid-1-2,602,59300.0,12.46,UN,True,2026-03-10
3705,0957928184728,Veritatis temporibus,Ropa y calzado basico,Ropa-2,Ropa-3-2,526,220800.0,13.05,KG,True,2025-09-12
3706,6680639924164,Delectus corporis,Cuidado personal e higiene,Cuid-1,Cuid-1-1,269,153200.0,1.37,UN,True,2026-02-12
3707,1195406278906,Recusandae qui,Bebes y maternidad,Bebe-2,Bebe-1-2,501,206200.0,14.31,KG,True,2025-12-31
3708,8806831121790,Rem sit,Cuidado personal e higiene,Cuid-3,Cuid-3-1,468,19000.0,8.21,UN,True,2025-11-20
3709,5928223312562,Ad ea,Hogar y limpieza,Hoga-2,Hoga-3-2,223,90500.0,9.5,LT,True,2025-12-13
3710,7725038561622,A praesentium,Ropa y calzado basico,Ropa-1,Ropa-1-1,297,132200.0,11.72,KG,True,2025-11-28
3711,7141342773238,Omnis praesentium,Alimentos y bebidas,Alim-3,Alim-1-2,745,145100.0,19.51,KG,True,2026-02-14
3712,5737421420944,Earum asperiores,Cuidado personal e higiene,Cuid-1,Cuid-1-1,431,26600.0,14.98,KG,True,2025-11-25
3713,2079374158714,Quibusdam provident,Alimentos y bebidas,Alim-3,Alim-3-1,378,135600.0,13.69,UN,True,2025-09-29
3714,9942505925307,Consectetur iure,Hogar y limpieza,Hoga-3,Hoga-1-2,638,167000.0,8.67,UN,True,2025-11-22
3715,9558779936422,Eum adipisci,Electronica y tecnologia,Elec-2,Elec-3-2,214,91700.0,0.74,KG,True,2025-12-18
3716,7379572381613,Dolorem repellendus,Cuidado personal e higiene,Cuid-1,Cuid-3-2,176,126200.0,10.8,UN,True,2025-12-03
3717,2921351113301,Est enim,Hogar y limpieza,Hoga-3,Hoga-2-2,791,74600.0,13.23,UN,True,2025-12-13
3718,1075350246940,Eligendi molestias,Ropa y calzado basico,Ropa-3,Ropa-1-1,643,217900.0,,UN,True,2026-03-20
3719,8412322232083,Omnis occaecati,Bebes y maternidad,Bebe-2,Bebe-3-1,339,150600.0,12.18,UN,True,2025-11-22
3720,7385709439133,Assumenda laborum,Alimentos y bebidas,Alim-3,Alim-3-1,758,138700.0,6.04,UN,True,2026-02-14
3721,7085878379215,Dicta recusandae,Electronica y tecnologia,Elec-3,Elec-3-2,298,236200.0,4.46,UN,True,2026-03-21
3722,3168226080996,Possimus repellendus,Alimentos y bebidas,Alim-3,Alim-1-1,541,166900.0,,UN,True,2026-02-17
3723,3715193178449,Deleniti libero,Electronica y tecnologia,Elec-1,Elec-3-2,28,71400.0,14.07,UN,True,2025-12-20
3724,9883803747386,Eveniet quis,Bebes y maternidad,Bebe-2,Bebe-3-2,559,161200.0,19.42,KG,False,2026-03-20
3725,1133704946240,Inventore consequuntur,Ropa y calzado basico,Ropa-1,Ropa-3-2,143,240500.0,10.52,UN,True,2025-11-25
3726,5540770053554,Voluptatibus dicta,Cuidado personal e higiene,Cuid-1,Cuid-2-1,194,7800.0,13.48,LT,True,2025-10-29
3727,8823481180823,Voluptatem occaecati,Cuidado personal e higiene,Cuid-2,Cuid-2-2,648,157400.0,13.87,LT,False,2026-02-22
3728,9385028477982,Repudiandae suscipit,Ropa y calzado basico,Ropa-1,Ropa-2-2,165,40900.0,3.27,UN,True,2026-03-06
3729,2587537156410,Corporis et,Ropa y calzado basico,Ropa-1,Ropa-3-1,387,204500.0,3.88,UN,True,2025-10-01
3730,5330706667067,Dicta minima,Cuidado personal e higiene,Cuid-3,Cuid-3-2,737,160900.0,4.2,UN,True,2025-11-06
3731,3311916119555,Est expedita,Alimentos y bebidas,Alim-2,Alim-2-1,764,234400.0,18.66,KG,True,2025-10-31
3732,3093731340375,Deserunt voluptates,Hogar y limpieza,Hoga-2,Hoga-1-2,356,168100.0,0.36,UN,True,2026-02-14
3733,7917037930619,Magnam quasi,Electronica y tecnologia,Elec-1,Elec-1-1,68,6300.0,10.85,UN,True,2025-10-29
3734,8920045820727,Ratione quaerat,Hogar y limpieza,Hoga-3,Hoga-2-1,230,128600.0,7.57,UN,True,2026-01-14
3735,1624742468479,Facilis tenetur,Bebes y maternidad,Bebe-2,Bebe-3-2,493,226100.0,13.2,UN,True,2026-03-09
3736,3255065299051,Voluptas ad,Ropa y calzado basico,Ropa-2,Ropa-1-1,270,59600.0,4.45,UN,True,2026-03-04
3737,3679120720951,Incidunt beatae,Ropa y calzado basico,Ropa-1,Ropa-2-1,576,22600.0,19.23,UN,True,2026-02-27
3738,7890355081990,Nisi doloribus,Alimentos y bebidas,Alim-1,Alim-3-1,795,180500.0,6.66,KG,True,2025-12-18
3739,6844565781745,Placeat harum,Bebes y maternidad,Bebe-1,Bebe-2-2,497,126600.0,,UN,True,2026-01-03
3740,4205405155676,Dolorum deserunt,Ropa y calzado basico,Ropa-1,Ropa-1-2,500,13800.0,11.8,UN,True,2026-01-27
3741,4092016759931,Consequatur debitis,Hogar y limpieza,Hoga-3,Hoga-2-1,424,71400.0,8.32,UN,True,2025-11-06
3742,0013414058062,Velit culpa,Electronica y tecnologia,Elec-2,Elec-2-2,150,83000.0,14.69,UN,True,2025-12-13
3743,7091446548402,Commodi itaque,Ropa y calzado basico,Ropa-2,Ropa-1-2,463,167600.0,11.08,UN,True,2025-12-06
3744,0004004645496,Incidunt totam,Bebes y maternidad,Bebe-3,Bebe-2-1,746,119000.0,2.81,UN,True,2026-02-11
3745,7683487525605,Fugit ipsa,Electronica y tecnologia,Elec-3,Elec-2-1,552,122800.0,14.1,LT,True,2025-12-27
3746,4899246625766,Tenetur quam,Alimentos y bebidas,Alim-1,Alim-2-1,602,202000.0,11.61,UN,True,2025-12-02
3747,0138079511810,Laudantium accusantium,Electronica y tecnologia,Elec-2,Elec-2-1,691,71000.0,11.33,UN,True,2025-12-21
3748,2165250815953,Dignissimos veritatis,Ropa y calzado basico,Ropa-2,Ropa-1-1,310,168800.0,14.78,KG,True,2025-10-08
3749,9043150717412,In nemo,Alimentos y bebidas,Alim-1,Alim-1-1,270,93200.0,13.09,UN,True,2025-10-25
3750,6477631032313,Voluptatem aut,Ropa y calzado basico,Ropa-3,Ropa-1-1,776,105800.0,7.36,UN,True,2026-02-11
3751,9767025461681,Ad veritatis,Cuidado personal e higiene,Cuid-2,Cuid-1-2,368,139900.0,6.4,UN,True,2025-09-30
3752,4446964589247,Voluptas aut,Bebes y maternidad,Bebe-2,Bebe-3-1,587,174500.0,5.05,KG,False,2026-01-18
3753,4183281137248,Molestias quibusdam,Electronica y tecnologia,Elec-2,Elec-1-2,509,236400.0,11.52,UN,True,2026-03-04
3754,4792975914487,Consectetur a,Cuidado personal e higiene,Cuid-3,Cuid-3-2,99,68700.0,6.03,UN,True,2026-01-18
3755,9400946584632,Possimus corporis,Alimentos y bebidas,Alim-1,Alim-1-1,252,27700.0,2.45,UN,True,2026-01-10
3756,9248878073769,Expedita perspiciatis,Alimentos y bebidas,Alim-2,Alim-1-1,261,108300.0,15.66,KG,True,2026-01-25
3757,7649737805347,Placeat veritatis,Ropa y calzado basico,Ropa-3,Ropa-1-1,144,137600.0,4.22,KG,True,2025-10-03
3758,2519187162893,Repellendus porro,Hogar y limpieza,Hoga-3,Hoga-2-2,624,58500.0,3.34,UN,True,2025-10-01
3759,7476766609192,Eveniet accusantium,Bebes y maternidad,Bebe-2,Bebe-2-2,773,222800.0,16.99,UN,True,2026-03-20
3760,1935264259934,Sit tempora,Cuidado personal e higiene,Cuid-1,Cuid-3-2,774,200100.0,14.06,UN,True,2025-11-28
3761,1769708567596,Suscipit iusto,Bebes y maternidad,Bebe-3,Bebe-1-1,156,124400.0,15.33,UN,True,2025-11-25
3762,1056396704472,Consequatur voluptatibus,Bebes y maternidad,Bebe-3,Bebe-2-2,360,113600.0,7.04,UN,True,2025-10-05
3763,7714057702505,Incidunt tempora,Alimentos y bebidas,Alim-2,Alim-3-2,187,12100.0,12.37,UN,True,2026-01-28
3764,1554494099853,Mollitia accusamus,Electronica y tecnologia,Elec-2,Elec-1-1,51,135100.0,18.65,UN,True,2025-09-10
3765,7525637448450,Occaecati eaque,Bebes y maternidad,Bebe-2,Bebe-1-1,495,149700.0,5.69,KG,True,2025-10-09
3766,5576633542057,Possimus doloribus,Cuidado personal e higiene,Cuid-1,Cuid-1-2,688,223100.0,1.43,UN,True,2025-10-18
3767,0953072772828,Aspernatur inventore,Alimentos y bebidas,Alim-1,Alim-1-1,62,126300.0,3.46,UN,False,2026-03-09
3768,7695887089427,Animi exercitationem,Bebes y maternidad,Bebe-3,Bebe-3-2,514,41000.0,17.95,UN,True,2026-03-13
3769,6603669802769,Tempora dolorum,Hogar y limpieza,Hoga-3,Hoga-2-1,28,46700.0,5.67,KG,True,2025-09-19
3770,4482943500797,Veniam in,Alimentos y bebidas,Alim-1,Alim-2-2,675,41600.0,9.85,UN,True,2025-10-01
3771,6165377784244,Accusamus id,Bebes y maternidad,Bebe-2,Bebe-3-2,52,234800.0,10.71,UN,True,2026-03-14
3772,7164919163690,Incidunt adipisci,Ropa y calzado basico,Ropa-3,Ropa-2-1,349,198800.0,19.2,UN,True,2026-01-08
3773,5072592501697,Corporis dolore,Alimentos y bebidas,Alim-1,Alim-2-2,99,206500.0,,UN,False,2026-01-27
3774,1569780798235,Autem numquam,Cuidado personal e higiene,Cuid-1,Cuid-1-2,330,210400.0,10.45,LT,True,2025-12-26
3775,0700813349029,Quos laboriosam,Alimentos y bebidas,Alim-1,Alim-2-1,344,25700.0,19.16,UN,True,2025-10-19
3776,3743269249410,Nisi voluptatum,Bebes y maternidad,Bebe-1,Bebe-1-1,432,176100.0,4.07,UN,True,2026-01-28
3777,8016959911290,Tempore enim,Alimentos y bebidas,Alim-2,Alim-1-1,664,176700.0,11.98,UN,True,2025-10-10
3778,4640311828793,Ullam ipsa,Ropa y calzado basico,Ropa-2,Ropa-1-2,798,57800.0,1.32,UN,True,2025-09-09
3779,1465951120334,Eligendi natus,Electronica y tecnologia,Elec-3,Elec-3-1,274,123700.0,5.3,KG,True,2026-02-18
3780,9059666942392,Atque harum,Electronica y tecnologia,Elec-3,Elec-3-1,739,166300.0,1.43,UN,False,2025-11-18
3781,4383754288464,Labore maiores,Ropa y calzado basico,Ropa-3,Ropa-3-1,343,224500.0,6.64,UN,True,2025-09-11
3782,3773485030271,Aliquid blanditiis,Bebes y maternidad,Bebe-3,Bebe-1-1,95,29400.0,4.17,UN,True,2025-11-29
3783,7217931625056,Dolore sapiente,Alimentos y bebidas,Alim-3,Alim-3-2,481,223300.0,15.98,UN,True,2025-09-26
3784,5326799244834,Ad explicabo,Alimentos y bebidas,Alim-2,Alim-1-2,579,230800.0,9.29,UN,True,2025-12-07
3785,7268779388948,Excepturi blanditiis,Alimentos y bebidas,Alim-3,Alim-3-2,242,231100.0,8.13,KG,True,2026-01-16
3786,9128672877476,Dolore quia,Ropa y calzado basico,Ropa-1,Ropa-3-1,472,3200.0,13.86,UN,True,2025-11-10
3787,8691040762960,Nostrum quidem,Electronica y tecnologia,Elec-3,Elec-2-2,347,56800.0,18.95,UN,True,2025-09-19
3788,9652415731805,Nisi nobis,Alimentos y bebidas,Alim-1,Alim-2-1,117,173400.0,6.07,UN,True,2026-03-01
3789,2040410719121,Officia nulla,Cuidado personal e higiene,Cuid-2,Cuid-3-2,310,81800.0,,KG,True,2025-12-21
3790,9433702657813,Laborum molestiae,Electronica y tecnologia,Elec-1,Elec-3-2,342,17100.0,2.24,UN,True,2025-09-08
3791,4963550193539,Impedit natus,Ropa y calzado basico,Ropa-2,Ropa-1-1,274,191200.0,17.15,UN,True,2025-12-27
3792,1101584567312,Similique provident,Hogar y limpieza,Hoga-3,Hoga-3-2,733,9100.0,16.92,UN,True,2026-03-07
3793,3700174931755,Velit eligendi,Bebes y maternidad,Bebe-1,Bebe-1-2,311,112600.0,9.53,UN,True,2025-09-07
3794,6073021737334,Modi excepturi,Bebes y maternidad,Bebe-2,Bebe-2-1,501,237000.0,3.0,UN,False,2026-02-08
3795,9701014926218,Enim distinctio,Ropa y calzado basico,Ropa-1,Ropa-2-2,9,111200.0,10.55,KG,True,2025-11-18
3796,8922400613869,Aliquid reiciendis,Hogar y limpieza,Hoga-1,Hoga-3-1,251,228100.0,,UN,True,2026-01-23
3797,5496602514352,Id quasi,Bebes y maternidad,Bebe-2,Bebe-2-2,710,103400.0,6.68,LT,False,2025-09-09
3798,8047118004508,Consequatur nemo,Ropa y calzado basico,Ropa-2,Ropa-1-2,714,88000.0,1.7,UN,True,2026-03-04
3799,1531195960279,Quae libero,Electronica y tecnologia,Elec-1,Elec-2-2,782,28600.0,6.47,KG,True,2026-03-16
3800,6934779660544,Eaque blanditiis,Hogar y limpieza,Hoga-2,Hoga-1-2,46,90800.0,13.83,UN,True,2025-12-22
3801,8562575042240,Reprehenderit repellendus,Ropa y calzado basico,Ropa-3,Ropa-2-2,690,85600.0,19.57,UN,True,2025-10-17
3802,6406948617548,Unde saepe,Electronica y tecnologia,Elec-2,Elec-2-1,215,211900.0,3.84,KG,True,2025-10-04
3803,1827711488168,A voluptas,Cuidado personal e higiene,Cuid-3,Cuid-3-1,5,230100.0,18.3,UN,True,2026-01-19
3804,0580197557087,Qui optio,Bebes y maternidad,Bebe-3,Bebe-1-2,74,7400.0,9.16,UN,True,2026-02-09
3805,2678650444147,Aliquid atque,Alimentos y bebidas,Alim-2,Alim-1-2,601,26400.0,13.28,KG,True,2026-01-16
3806,4294267088055,Incidunt modi,Ropa y calzado basico,Ropa-2,Ropa-2-2,474,161500.0,17.28,UN,True,2025-12-11
3807,0151378626849,Culpa quam,Electronica y tecnologia,Elec-3,Elec-1-2,459,122200.0,11.17,KG,True,2026-02-05
3808,9704241698149,Optio aspernatur,Electronica y tecnologia,Elec-2,Elec-1-2,706,75600.0,1.28,UN,True,2026-01-29
3809,2076817006816,Sunt voluptatibus,Alimentos y bebidas,Alim-2,Alim-2-1,76,66500.0,,UN,True,2025-11-10
3810,4365972397661,Dolorem pariatur,Hogar y limpieza,Hoga-1,Hoga-2-1,67,57700.0,16.07,UN,True,2026-02-06
3811,1054171500769,Voluptatem eum,Bebes y maternidad,Bebe-1,Bebe-1-2,747,132300.0,11.08,UN,True,2025-10-10
3812,0175180077842,Soluta delectus,Cuidado personal e higiene,Cuid-1,Cuid-2-2,485,6300.0,6.62,UN,True,2026-02-15
3813,2845576186776,Fugiat molestias,Ropa y calzado basico,Ropa-2,Ropa-3-1,621,185200.0,11.69,KG,True,2025-12-19
3814,0667219228344,Officiis quidem,Bebes y maternidad,Bebe-3,Bebe-2-1,420,76500.0,5.41,KG,True,2026-01-31
3815,9143092152729,Eveniet commodi,Bebes y maternidad,Bebe-1,Bebe-1-2,117,107900.0,4.86,UN,True,2026-01-20
3816,5978336740899,Inventore voluptas,Electronica y tecnologia,Elec-1,Elec-1-1,419,132700.0,16.58,UN,True,2025-09-23
3817,1205994476988,Molestias hic,Cuidado personal e higiene,Cuid-1,Cuid-1-2,772,54400.0,8.03,UN,True,2026-02-02
3818,8012256208361,Dolore iusto,Ropa y calzado basico,Ropa-2,Ropa-2-2,95,221200.0,5.52,UN,True,2026-02-07
3819,1088025701620,Aliquam quaerat,Hogar y limpieza,Hoga-1,Hoga-3-1,101,171200.0,8.21,UN,True,2025-09-13
3820,0637035595913,Quas doloribus,Electronica y tecnologia,Elec-1,Elec-1-1,278,217800.0,18.42,UN,True,2025-10-19
3821,5167616629652,Ex dicta,Ropa y calzado basico,Ropa-1,Ropa-1-1,364,119900.0,3.66,UN,True,2026-02-01
3822,8636025368737,Fuga suscipit,Ropa y calzado basico,Ropa-1,Ropa-1-2,504,109300.0,3.75,LT,False,2025-11-15
3823,2092254508065,Eius soluta,Cuidado personal e higiene,Cuid-1,Cuid-1-1,128,60800.0,7.11,LT,False,2025-09-26
3824,9409787387181,Neque rem,Ropa y calzado basico,Ropa-3,Ropa-3-1,748,137100.0,1.26,UN,True,2026-02-21
3825,3410006658483,Non sunt,Electronica y tecnologia,Elec-3,Elec-1-1,121,149100.0,1.54,UN,True,2025-12-17
3826,4393004603565,Inventore velit,Bebes y maternidad,Bebe-2,Bebe-1-2,161,106100.0,0.27,UN,True,2025-11-21
3827,0897064937591,Occaecati veritatis,Electronica y tecnologia,Elec-1,Elec-2-2,775,38100.0,2.97,UN,True,2025-12-24
3828,0447905830477,Porro error,Bebes y maternidad,Bebe-1,Bebe-1-2,302,69700.0,12.83,UN,True,2025-11-22
3829,0278902764515,Distinctio expedita,Bebes y maternidad,Bebe-1,Bebe-1-1,458,5500.0,3.97,UN,True,2025-09-29
3830,3005019857543,Porro dolore,Bebes y maternidad,Bebe-2,Bebe-2-2,348,81100.0,7.59,KG,True,2025-12-25
3831,7388084274061,Facere rerum,Ropa y calzado basico,Ropa-2,Ropa-1-2,208,146000.0,14.13,UN,True,2026-03-15
3832,2828507255321,Doloremque sed,Electronica y tecnologia,Elec-1,Elec-1-1,406,239000.0,0.68,UN,True,2026-03-13
3833,0528515501350,Doloremque totam,Alimentos y bebidas,Alim-2,Alim-2-1,622,46100.0,,UN,True,2026-01-09
3834,2471178875055,Commodi expedita,Hogar y limpieza,Hoga-1,Hoga-2-2,10,15800.0,19.92,UN,True,2025-10-06
3835,1391841805145,Eveniet deserunt,Hogar y limpieza,Hoga-2,Hoga-1-2,701,75500.0,11.96,UN,True,2025-10-18
3836,1200740451561,Inventore ab,Ropa y calzado basico,Ropa-3,Ropa-3-2,148,40900.0,13.22,UN,True,2025-11-06
3837,9933276926891,Mollitia aut,Electronica y tecnologia,Elec-1,Elec-1-1,735,174500.0,10.35,UN,True,2025-09-14
3838,9473879309252,Quas necessitatibus,Hogar y limpieza,Hoga-2,Hoga-3-2,770,3400.0,19.32,UN,True,2025-10-02
3839,2390605636079,Vitae sint,Alimentos y bebidas,Alim-2,Alim-3-2,747,245300.0,2.93,UN,True,2026-02-06
3840,1241373949124,Tenetur illo,Ropa y calzado basico,Ropa-3,Ropa-2-1,521,214200.0,1.39,UN,True,2025-11-28
3841,5819366943648,Necessitatibus adipisci,Hogar y limpieza,Hoga-2,Hoga-1-1,725,123700.0,16.33,KG,True,2026-02-19
3842,3653145945681,Magnam nam,Alimentos y bebidas,Alim-2,Alim-3-1,688,230400.0,0.13,KG,True,2025-09-16
3843,1508951463183,Repudiandae distinctio,Cuidado personal e higiene,Cuid-3,Cuid-2-2,512,157800.0,11.25,UN,False,2025-09-22
3844,7989763302305,Occaecati explicabo,Bebes y maternidad,Bebe-2,Bebe-1-2,714,248500.0,0.08,KG,True,2026-01-19
3845,4233388319600,Maxime alias,Alimentos y bebidas,Alim-2,Alim-2-2,274,71000.0,7.0,UN,True,2025-10-25
3846,2509270400438,Maiores voluptates,Hogar y limpieza,Hoga-1,Hoga-2-2,668,249200.0,13.04,UN,True,2025-10-19
3847,8666847072604,Nemo sit,Electronica y tecnologia,Elec-2,Elec-3-2,741,46700.0,10.97,UN,True,2026-01-10
3848,2757896636803,Magnam vel,Alimentos y bebidas,Alim-1,Alim-3-2,509,89600.0,,UN,False,2026-03-05
3849,5373808823306,Qui doloremque,Alimentos y bebidas,Alim-2,Alim-3-2,98,234000.0,3.19,UN,True,2025-11-26
3850,9701998247705,Modi blanditiis,Bebes y maternidad,Bebe-1,Bebe-3-1,172,93900.0,5.93,LT,True,2026-02-03
3851,7518621098632,Nobis reprehenderit,Electronica y tecnologia,Elec-1,Elec-2-1,136,54000.0,14.22,UN,True,2025-11-11
3852,6782816896001,Consequatur eligendi,Cuidado personal e higiene,Cuid-2,Cuid-2-1,427,16800.0,0.51,UN,True,2026-02-18
3853,6688127904254,Harum est,Cuidado personal e higiene,Cuid-2,Cuid-3-2,348,38900.0,11.93,UN,True,2025-11-27
3854,2846580681790,Sunt quasi,Hogar y limpieza,Hoga-3,Hoga-3-2,662,90100.0,10.37,KG,True,2025-10-04
3855,2241997970312,Veniam aut,Ropa y calzado basico,Ropa-1,Ropa-3-1,227,106500.0,6.91,UN,True,2025-12-14
3856,0808348098549,Dolor labore,Ropa y calzado basico,Ropa-3,Ropa-3-1,133,136500.0,6.73,LT,True,2025-11-01
3857,4878904833460,Ratione architecto,Cuidado personal e higiene,Cuid-1,Cuid-2-1,493,203800.0,15.99,UN,True,2025-10-10
3858,5867260213183,Ea ipsum,Ropa y calzado basico,Ropa-3,Ropa-1-2,112,5300.0,7.67,KG,True,2025-10-10
3859,0666405997439,Mollitia dolores,Bebes y maternidad,Bebe-3,Bebe-3-2,725,210600.0,,UN,True,2025-11-20
3860,0878037825374,Blanditiis sapiente,Cuidado personal e higiene,Cuid-3,Cuid-1-1,65,145200.0,19.24,UN,True,2025-09-05
3861,1268870415570,Numquam fugit,Alimentos y bebidas,Alim-1,Alim-1-2,393,189600.0,2.65,UN,True,2025-09-17
3862,8137314217564,Pariatur nostrum,Bebes y maternidad,Bebe-3,Bebe-2-1,759,189700.0,15.96,UN,True,2025-12-30
3863,2479944331781,Architecto in,Electronica y tecnologia,Elec-1,Elec-2-2,444,226000.0,0.33,UN,False,2025-09-05
3864,2730597662081,In aspernatur,Ropa y calzado basico,Ropa-3,Ropa-2-1,647,25200.0,7.32,UN,True,2026-02-05
3865,4078464015775,In dignissimos,Cuidado personal e higiene,Cuid-2,Cuid-1-2,339,143700.0,10.33,UN,False,2026-03-18
3866,4662199785654,Fugiat corrupti,Cuidado personal e higiene,Cuid-2,Cuid-1-2,604,227400.0,0.64,UN,True,2025-10-10
3867,2554245866726,Illo dignissimos,Cuidado personal e higiene,Cuid-2,Cuid-1-1,567,180400.0,14.7,UN,True,2025-09-14
3868,9299072267942,Voluptate veritatis,Cuidado personal e higiene,Cuid-1,Cuid-2-1,411,26000.0,5.25,UN,True,2025-10-16
3869,0601541382732,Nesciunt ipsam,Hogar y limpieza,Hoga-3,Hoga-1-1,81,154300.0,10.85,KG,True,2025-09-12
3870,8688339238985,Minus dolor,Alimentos y bebidas,Alim-3,Alim-3-2,777,200400.0,15.86,LT,True,2025-10-27
3871,6225468629660,Nisi aut,Bebes y maternidad,Bebe-3,Bebe-1-2,39,70200.0,11.84,UN,True,2026-02-28
3872,1035657480843,Nam aspernatur,Electronica y tecnologia,Elec-3,Elec-2-1,286,158900.0,9.14,UN,True,2026-02-14
3873,3714926273505,Facere necessitatibus,Bebes y maternidad,Bebe-3,Bebe-2-2,514,210400.0,6.76,LT,True,2026-03-18
3874,6001266460960,In expedita,Electronica y tecnologia,Elec-3,Elec-2-2,616,131900.0,0.95,LT,True,2026-02-13
3875,1490910091660,Alias alias,Cuidado personal e higiene,Cuid-2,Cuid-3-2,428,50200.0,18.26,LT,True,2026-02-19
3876,5954543001787,Nulla dolorem,Electronica y tecnologia,Elec-3,Elec-1-1,321,138300.0,11.86,UN,True,2025-12-31
3877,4627420522583,Inventore officiis,Alimentos y bebidas,Alim-1,Alim-2-1,326,147800.0,12.65,UN,True,2025-10-01
3878,9873073216651,Mollitia molestias,Ropa y calzado basico,Ropa-3,Ropa-3-1,781,101900.0,8.84,LT,True,2026-02-04
3879,6910708611719,Voluptas accusamus,Ropa y calzado basico,Ropa-2,Ropa-1-1,268,170500.0,7.49,UN,True,2026-01-09
3880,3402500642273,Magnam esse,Alimentos y bebidas,Alim-2,Alim-3-2,684,109500.0,0.98,UN,True,2026-03-15
3881,6434946526500,Aut esse,Electronica y tecnologia,Elec-2,Elec-3-2,42,219600.0,3.42,LT,False,2026-01-21
3882,5347741160286,Sint voluptatibus,Electronica y tecnologia,Elec-1,Elec-2-2,528,198300.0,8.54,KG,True,2025-12-22
3883,5953887559879,Perspiciatis quia,Cuidado personal e higiene,Cuid-2,Cuid-3-2,545,201600.0,4.87,UN,True,2026-02-05
3884,5920415528232,Eos officiis,Alimentos y bebidas,Alim-2,Alim-2-2,541,132500.0,0.94,UN,True,2026-01-13
3885,0164303297748,Id perferendis,Ropa y calzado basico,Ropa-1,Ropa-2-1,338,50700.0,10.94,KG,True,2025-09-26
3886,4433294578676,Minus modi,Cuidado personal e higiene,Cuid-3,Cuid-1-2,553,181700.0,9.31,UN,True,2026-01-04
3887,4047724649722,Sed et,Electronica y tecnologia,Elec-1,Elec-1-1,357,19100.0,8.46,UN,True,2025-11-21
3888,8341906710092,Possimus optio,Cuidado personal e higiene,Cuid-3,Cuid-1-2,475,130400.0,15.7,UN,True,2025-10-06
3889,9784429829930,Perspiciatis ea,Electronica y tecnologia,Elec-1,Elec-2-2,715,15100.0,12.01,UN,True,2025-10-29
3890,1642128265856,Inventore dolorum,Alimentos y bebidas,Alim-1,Alim-2-2,538,133000.0,0.08,KG,True,2026-02-17
3891,9702489105573,Facere dolores,Hogar y limpieza,Hoga-1,Hoga-1-1,591,172100.0,15.25,LT,False,2026-01-12
3892,9991584345650,Perspiciatis quaerat,Electronica y tecnologia,Elec-1,Elec-2-1,776,106000.0,9.68,UN,True,2025-09-15
3893,1234344070804,Ipsa voluptate,Hogar y limpieza,Hoga-1,Hoga-1-1,176,105400.0,10.36,UN,True,2025-11-11
3894,6313959435781,Aut dolorum,Electronica y tecnologia,Elec-3,Elec-1-1,471,32500.0,17.8,UN,True,2026-01-19
3895,4590731282111,Quidem vel,Cuidado personal e higiene,Cuid-3,Cuid-1-1,526,76900.0,2.23,UN,True,2025-12-14
3896,1264218154477,Porro tempore,Hogar y limpieza,Hoga-2,Hoga-3-2,557,112200.0,12.01,LT,True,2026-02-06
3897,8893770705075,Neque corrupti,Ropa y calzado basico,Ropa-1,Ropa-2-1,106,216200.0,5.68,UN,True,2026-01-07
3898,0950626327626,Deleniti quae,Hogar y limpieza,Hoga-3,Hoga-3-1,609,224700.0,0.78,LT,True,2025-09-11
3899,4326572079807,Dignissimos nobis,Alimentos y bebidas,Alim-2,Alim-1-2,156,238500.0,8.78,KG,True,2026-02-24
3900,4707893798774,Corrupti dolore,Bebes y maternidad,Bebe-2,Bebe-2-1,328,26900.0,5.71,UN,True,2025-12-27
3901,5239996369180,Hic reprehenderit,Ropa y calzado basico,Ropa-3,Ropa-3-1,572,75500.0,0.08,UN,False,2026-03-07
3902,4544198385793,Similique quod,Ropa y calzado basico,Ropa-2,Ropa-1-2,211,116800.0,9.88,LT,True,2025-10-18
3903,2826290165155,Officiis occaecati,Ropa y calzado basico,Ropa-2,Ropa-2-2,101,161200.0,,UN,True,2026-01-20
3904,9952747871553,Sequi reiciendis,Ropa y calzado basico,Ropa-3,Ropa-1-1,541,176300.0,8.71,KG,True,2025-09-09
3905,3331793134755,Sapiente illo,Ropa y calzado basico,Ropa-2,Ropa-1-1,225,196900.0,0.28,UN,True,2025-10-05
3906,6196176502104,Unde quae,Electronica y tecnologia,Elec-3,Elec-2-2,662,125000.0,8.07,UN,True,2026-02-27
3907,0027864995877,Aut reprehenderit,Alimentos y bebidas,Alim-3,Alim-1-2,719,140000.0,9.43,UN,True,2026-02-28
3908,0051253806314,Ipsa voluptate,Electronica y tecnologia,Elec-3,Elec-2-1,280,240200.0,9.35,UN,True,2026-03-13
3909,9053769328794,Amet nemo,Cuidado personal e higiene,Cuid-1,Cuid-3-1,591,61500.0,14.35,UN,True,2025-10-14
3910,2746226897533,Voluptatibus quod,Ropa y calzado basico,Ropa-1,Ropa-1-2,180,201300.0,19.83,UN,True,2026-03-01
3911,1152438720759,Cupiditate dolorum,Hogar y limpieza,Hoga-2,Hoga-1-2,744,178500.0,0.61,UN,True,2025-09-14
3912,7931444941990,Officia laborum,Bebes y maternidad,Bebe-2,Bebe-3-2,197,36700.0,7.95,UN,True,2025-11-23
3913,6459624384098,Natus consectetur,Electronica y tecnologia,Elec-3,Elec-2-2,706,231800.0,17.14,UN,True,2025-11-30
3914,2771573685076,Accusamus impedit,Electronica y tecnologia,Elec-1,Elec-3-1,630,214100.0,12.53,LT,False,2026-02-09
3915,0518251103185,Amet ratione,Bebes y maternidad,Bebe-3,Bebe-1-1,251,195300.0,19.67,KG,True,2026-01-18
3916,6720759144568,Nisi optio,Hogar y limpieza,Hoga-3,Hoga-2-2,660,33400.0,14.28,UN,True,2025-11-14
3917,6196676015043,Eaque dicta,Hogar y limpieza,Hoga-3,Hoga-3-1,506,36600.0,14.5,LT,True,2025-10-03
3918,3401026557641,Iste quasi,Hogar y limpieza,Hoga-3,Hoga-1-1,536,171400.0,1.57,UN,True,2025-11-16
3919,7566573297740,Mollitia provident,Bebes y maternidad,Bebe-3,Bebe-3-1,303,28600.0,,UN,True,2025-11-02
3920,1050685902334,Fugiat quasi,Ropa y calzado basico,Ropa-2,Ropa-2-2,188,30100.0,11.7,UN,True,2026-01-16
3921,0946214706164,Aut aliquam,Alimentos y bebidas,Alim-2,Alim-3-1,558,101300.0,10.47,KG,True,2025-09-20
3922,5373053428905,Minus dolore,Hogar y limpieza,Hoga-2,Hoga-1-2,42,3300.0,15.26,UN,True,2025-11-25
3923,7816293096155,Harum officia,Hogar y limpieza,Hoga-3,Hoga-2-2,279,180900.0,,KG,True,2026-01-05
3924,0710661690365,Autem molestias,Electronica y tecnologia,Elec-1,Elec-1-1,114,136000.0,4.18,UN,True,2026-01-11
3925,7059041179773,Laborum mollitia,Alimentos y bebidas,Alim-2,Alim-3-2,2,21400.0,8.6,UN,True,2026-01-23
3926,9631994670996,Sint earum,Ropa y calzado basico,Ropa-2,Ropa-1-2,6,136800.0,17.34,UN,True,2025-10-31
3927,6087496122984,Suscipit voluptatem,Ropa y calzado basico,Ropa-2,Ropa-1-1,76,15400.0,16.77,UN,True,2025-12-16
3928,3087884779885,Quidem nihil,Cuidado personal e higiene,Cuid-2,Cuid-3-1,752,19500.0,16.35,UN,True,2025-09-23
3929,8243759686862,Ipsum atque,Alimentos y bebidas,Alim-3,Alim-1-1,617,122400.0,12.43,KG,True,2025-12-01
3930,2748230097152,Ducimus alias,Electronica y tecnologia,Elec-1,Elec-2-1,792,126000.0,,UN,True,2026-03-19
3931,4759501336724,Labore fuga,Cuidado personal e higiene,Cuid-3,Cuid-1-1,68,86100.0,7.19,UN,True,2026-02-20
3932,1156781408289,Culpa libero,Bebes y maternidad,Bebe-3,Bebe-2-1,798,156200.0,2.37,KG,True,2026-01-06
3933,2464913716508,Debitis provident,Ropa y calzado basico,Ropa-3,Ropa-1-1,480,98100.0,2.69,UN,True,2025-11-26
3934,9423159637810,Alias perspiciatis,Bebes y maternidad,Bebe-3,Bebe-2-1,636,147600.0,8.74,KG,True,2026-03-03
3935,3191518136903,Provident nihil,Electronica y tecnologia,Elec-2,Elec-2-1,687,88700.0,16.11,UN,True,2025-12-01
3936,0479046449409,In officiis,Bebes y maternidad,Bebe-1,Bebe-2-2,210,179300.0,9.08,UN,False,2026-02-03
3937,5815193942786,Perspiciatis ab,Alimentos y bebidas,Alim-2,Alim-1-1,593,145700.0,12.25,UN,True,2025-12-28
3938,9119268900982,Cum nihil,Cuidado personal e higiene,Cuid-1,Cuid-1-2,519,41700.0,,UN,True,2025-09-08
3939,6068144166611,Repellendus minus,Alimentos y bebidas,Alim-1,Alim-3-2,331,172200.0,14.31,UN,True,2026-01-22
3940,1772942067081,Deserunt ad,Ropa y calzado basico,Ropa-3,Ropa-1-1,394,196400.0,3.11,UN,True,2026-03-01
3941,0585824049775,Distinctio ut,Electronica y tecnologia,Elec-2,Elec-1-2,167,18300.0,10.43,UN,True,2026-02-06
3942,9572400303155,Excepturi earum,Cuidado personal e higiene,Cuid-2,Cuid-2-1,149,153300.0,3.74,UN,True,2026-01-04
3943,1861759896226,Modi debitis,Cuidado personal e higiene,Cuid-3,Cuid-2-2,739,198000.0,9.4,UN,True,2025-09-12
3944,4947641949588,Porro aliquam,Electronica y tecnologia,Elec-1,Elec-3-2,586,30400.0,8.64,UN,False,2025-09-08
3945,3251990102633,Natus minima,Cuidado personal e higiene,Cuid-3,Cuid-2-2,454,225600.0,12.11,KG,True,2026-02-21
3946,3492277708593,Exercitationem veniam,Electronica y tecnologia,Elec-2,Elec-3-2,556,104900.0,10.22,UN,True,2025-12-07
3947,4268239554343,Ratione aut,Electronica y tecnologia,Elec-2,Elec-3-2,325,185000.0,19.52,UN,True,2025-12-03
3948,4821380115575,Eos optio,Cuidado personal e higiene,Cuid-2,Cuid-3-1,200,225000.0,18.01,UN,False,2026-01-10
3949,6941513985535,Quis rerum,Cuidado personal e higiene,Cuid-2,Cuid-3-1,754,247400.0,5.92,UN,True,2026-03-04
3950,2375083973175,Iure molestias,Hogar y limpieza,Hoga-2,Hoga-1-1,792,146800.0,2.47,UN,False,2025-11-30
3951,5252324342136,Voluptas deserunt,Electronica y tecnologia,Elec-2,Elec-3-2,173,176700.0,,KG,True,2025-12-20
3952,9579656280735,Eligendi itaque,Cuidado personal e higiene,Cuid-1,Cuid-3-2,642,64400.0,4.0,UN,True,2025-12-24
3953,3500645580488,Impedit et,Hogar y limpieza,Hoga-1,Hoga-2-2,354,73900.0,4.48,UN,True,2025-12-08
3954,2940782862558,Maiores totam,Electronica y tecnologia,Elec-2,Elec-1-1,567,213000.0,17.78,UN,True,2026-01-13
3955,8729370625874,Atque dolorem,Cuidado personal e higiene,Cuid-1,Cuid-1-2,87,100800.0,18.5,UN,True,2025-10-13
3956,3608055822621,Repudiandae ad,Electronica y tecnologia,Elec-2,Elec-2-2,384,206000.0,4.65,KG,True,2025-11-17
3957,3167501153271,Ipsa magni,Alimentos y bebidas,Alim-3,Alim-2-1,100,14500.0,15.19,UN,True,2025-12-06
3958,0341477568861,Quisquam recusandae,Alimentos y bebidas,Alim-1,Alim-3-2,652,56100.0,16.72,KG,True,2025-12-16
3959,3713799870804,Nesciunt est,Cuidado personal e higiene,Cuid-1,Cuid-2-1,319,44200.0,7.58,UN,True,2025-12-11
3960,5382898122398,Voluptatum quod,Cuidado personal e higiene,Cuid-1,Cuid-2-1,211,132700.0,17.44,UN,True,2025-11-26
3961,6575376445129,Libero sed,Alimentos y bebidas,Alim-3,Alim-1-1,560,22000.0,19.77,UN,True,2026-03-01
3962,5622208346442,Maiores deserunt,Bebes y maternidad,Bebe-3,Bebe-1-1,764,87300.0,19.36,UN,True,2026-02-11
3963,2996138071860,Illum architecto,Cuidado personal e higiene,Cuid-1,Cuid-1-1,272,246600.0,14.85,UN,True,2026-02-28
3964,0699399451069,Labore animi,Ropa y calzado basico,Ropa-2,Ropa-3-1,575,199000.0,7.46,UN,True,2025-12-31
3965,8382921629860,Aspernatur hic,Bebes y maternidad,Bebe-3,Bebe-2-1,552,190600.0,4.58,UN,True,2025-12-10
3966,0427857103638,Ipsam commodi,Ropa y calzado basico,Ropa-3,Ropa-3-1,392,35500.0,19.86,UN,True,2025-11-29
3967,0569562509692,Adipisci natus,Ropa y calzado basico,Ropa-2,Ropa-3-2,645,92400.0,5.56,UN,True,2026-02-24
3968,4123528889905,Temporibus modi,Alimentos y bebidas,Alim-1,Alim-3-2,103,170800.0,8.8,UN,True,2026-01-15
3969,8886081107140,Nemo accusantium,Hogar y limpieza,Hoga-3,Hoga-2-2,703,7400.0,5.32,KG,True,2026-02-21
3970,9236036808582,Minima quos,Ropa y calzado basico,Ropa-3,Ropa-3-1,324,109600.0,9.95,UN,True,2026-02-20
3971,8444372132679,Quam aperiam,Electronica y tecnologia,Elec-2,Elec-3-2,36,232300.0,2.25,UN,True,2026-03-12
3972,7638319180439,Repellendus ipsam,Alimentos y bebidas,Alim-1,Alim-3-2,792,22400.0,16.19,UN,True,2025-12-22
3973,8430979756844,Reiciendis dolore,Electronica y tecnologia,Elec-3,Elec-1-2,619,226800.0,10.13,UN,True,2025-11-15
3974,2181801874729,Temporibus facilis,Ropa y calzado basico,Ropa-1,Ropa-2-2,653,50200.0,8.42,UN,True,2026-03-04
3975,9131126597462,Error repellendus,Ropa y calzado basico,Ropa-3,Ropa-1-2,118,48900.0,7.29,UN,True,2025-10-16
3976,0302312178171,Tempore ullam,Hogar y limpieza,Hoga-3,Hoga-1-1,601,50500.0,11.62,UN,True,2025-11-07
3977,0423275888119,Provident blanditiis,Cuidado personal e higiene,Cuid-2,Cuid-3-1,559,233000.0,15.61,UN,True,2026-03-11
3978,8592063041653,Labore qui,Cuidado personal e higiene,Cuid-2,Cuid-3-2,723,151700.0,18.06,UN,True,2026-01-24
3979,2726189109539,Sunt quaerat,Cuidado personal e higiene,Cuid-1,Cuid-1-1,298,188200.0,16.84,UN,True,2025-12-29
3980,1001792513623,Expedita dolorem,Hogar y limpieza,Hoga-3,Hoga-1-2,742,92900.0,8.94,UN,True,2025-12-19
3981,2380137020989,Dolor minima,Cuidado personal e higiene,Cuid-1,Cuid-3-2,567,218600.0,16.69,UN,True,2025-12-06
3982,1940146961362,Porro aspernatur,Hogar y limpieza,Hoga-1,Hoga-1-1,204,146300.0,10.6,KG,True,2026-03-02
3983,0772720450983,Dolores culpa,Alimentos y bebidas,Alim-3,Alim-1-1,172,150800.0,12.78,UN,True,2025-11-25
3984,0635333501629,Corrupti neque,Cuidado personal e higiene,Cuid-3,Cuid-3-1,723,188600.0,13.51,UN,True,2025-12-08
3985,6251049461732,Quis molestias,Cuidado personal e higiene,Cuid-2,Cuid-3-1,516,193900.0,8.02,LT,True,2025-09-20
3986,0515133209676,Necessitatibus vel,Alimentos y bebidas,Alim-2,Alim-2-2,95,171100.0,9.75,UN,True,2025-09-26
3987,3092407413597,Aperiam dolorem,Bebes y maternidad,Bebe-2,Bebe-2-1,101,31500.0,13.87,UN,True,2025-10-14
3988,6653390363855,Quidem sequi,Ropa y calzado basico,Ropa-1,Ropa-2-1,663,216900.0,6.19,KG,True,2025-11-02
3989,7433919580005,Vel voluptates,Bebes y maternidad,Bebe-2,Bebe-1-1,136,66700.0,14.95,UN,True,2025-11-01
3990,8416267501464,Ducimus qui,Electronica y tecnologia,Elec-3,Elec-3-2,176,249100.0,7.11,UN,False,2026-01-15
3991,8314650039450,Consectetur facere,Alimentos y bebidas,Alim-2,Alim-3-1,492,97600.0,11.73,UN,True,2025-12-23
3992,5846420181906,Sint quae,Bebes y maternidad,Bebe-3,Bebe-1-1,691,31800.0,16.76,UN,True,2025-09-04
3993,2320165198892,Sequi mollitia,Hogar y limpieza,Hoga-3,Hoga-1-2,270,80400.0,0.51,UN,True,2025-12-16
3994,0609175075198,Laudantium nostrum,Ropa y calzado basico,Ropa-3,Ropa-1-2,533,144200.0,4.84,UN,True,2025-09-20
3995,2677504616228,Unde repudiandae,Hogar y limpieza,Hoga-3,Hoga-1-1,564,99100.0,11.25,UN,True,2025-12-21
3996,8439656887208,Ut consequatur,Hogar y limpieza,Hoga-3,Hoga-1-1,481,207500.0,2.17,UN,False,2025-09-14
3997,2048710365345,Perspiciatis quod,Hogar y limpieza,Hoga-3,Hoga-1-1,549,171200.0,4.15,UN,True,2025-09-19
3998,7641442719742,Culpa maiores,Cuidado personal e higiene,Cuid-3,Cuid-3-2,183,54900.0,14.99,UN,True,2026-02-16
3999,5314595508007,Facilis veniam,Electronica y tecnologia,Elec-3,Elec-1-1,498,135600.0,0.57,KG,True,2025-09-05
4000,2906954735648,Quod voluptatem,Ropa y calzado basico,Ropa-3,Ropa-3-1,3,197300.0,12.22,KG,True,2026-03-17
4001,2729436109092,Eaque molestiae,Alimentos y bebidas,Alim-3,Alim-2-1,585,223000.0,0.73,UN,True,2025-12-05
4002,8245081464705,Commodi atque,Alimentos y bebidas,Alim-3,Alim-3-2,634,99900.0,2.36,UN,True,2026-02-16
4003,2360741706028,Ipsam excepturi,Bebes y maternidad,Bebe-2,Bebe-3-2,636,231300.0,,UN,True,2025-10-12
4004,2525531341760,Quos est,Electronica y tecnologia,Elec-3,Elec-2-1,24,10900.0,19.3,UN,True,2025-12-06
4005,2280954175407,Est minus,Bebes y maternidad,Bebe-3,Bebe-1-2,730,169800.0,10.94,UN,True,2026-03-01
4006,1637905848285,Molestias tempore,Electronica y tecnologia,Elec-2,Elec-3-1,348,195900.0,6.28,UN,True,2025-09-19
4007,1739339691083,Inventore id,Electronica y tecnologia,Elec-1,Elec-1-2,65,107400.0,8.26,KG,True,2025-11-29
4008,2965612064643,Rerum eius,Bebes y maternidad,Bebe-3,Bebe-1-2,428,4700.0,11.4,UN,True,2025-09-28
4009,6764785625080,Id omnis,Electronica y tecnologia,Elec-2,Elec-1-1,458,172400.0,12.41,UN,True,2025-11-13
4010,4501439992578,Voluptates id,Cuidado personal e higiene,Cuid-2,Cuid-3-2,322,87000.0,5.39,UN,True,2026-03-17
4011,0992861028555,Eum asperiores,Electronica y tecnologia,Elec-3,Elec-1-1,600,39600.0,3.99,UN,True,2025-12-21
4012,1438255203287,Eveniet impedit,Cuidado personal e higiene,Cuid-1,Cuid-2-2,435,41000.0,9.93,UN,True,2025-11-09
4013,6591819805282,Temporibus dicta,Hogar y limpieza,Hoga-2,Hoga-2-2,174,192800.0,12.91,UN,True,2026-01-07
4014,3905306730835,Non omnis,Ropa y calzado basico,Ropa-1,Ropa-2-2,497,48500.0,16.34,KG,True,2025-10-30
4015,0388401677695,Quo fugiat,Alimentos y bebidas,Alim-1,Alim-1-2,211,122100.0,11.88,KG,True,2025-09-20
4016,2191050719702,Laboriosam nam,Ropa y calzado basico,Ropa-3,Ropa-3-1,95,242700.0,13.86,KG,True,2025-12-26
4017,9574454069148,Nostrum at,Electronica y tecnologia,Elec-2,Elec-3-2,214,190200.0,9.71,UN,True,2026-01-30
4018,3876738431556,Corrupti iure,Cuidado personal e higiene,Cuid-1,Cuid-2-2,725,137700.0,11.36,UN,True,2025-10-09
4019,6769597929623,Laudantium natus,Alimentos y bebidas,Alim-2,Alim-2-1,458,133000.0,12.73,KG,True,2025-10-01
4020,6327324370393,Ratione tenetur,Ropa y calzado basico,Ropa-1,Ropa-3-1,255,43500.0,4.76,UN,True,2026-01-01
4021,1905665141343,Autem nemo,Ropa y calzado basico,Ropa-3,Ropa-3-1,293,112700.0,18.68,KG,True,2025-11-20
4022,3076832987687,A saepe,Ropa y calzado basico,Ropa-1,Ropa-2-2,688,37900.0,6.94,LT,True,2026-03-10
4023,1605191702420,Molestiae inventore,Hogar y limpieza,Hoga-2,Hoga-2-2,533,22700.0,12.11,UN,True,2025-11-14
4024,3637437380138,Velit aspernatur,Electronica y tecnologia,Elec-2,Elec-1-1,619,29100.0,11.24,UN,True,2025-11-21
4025,1843413571687,Maxime nulla,Hogar y limpieza,Hoga-1,Hoga-1-1,489,152400.0,17.07,UN,True,2025-12-26
4026,2611147620730,Quaerat possimus,Hogar y limpieza,Hoga-3,Hoga-1-1,794,50000.0,2.32,UN,True,2026-03-18
4027,4787354145569,Nobis nesciunt,Cuidado personal e higiene,Cuid-2,Cuid-1-2,526,39000.0,17.69,KG,True,2026-01-19
4028,4731168859266,Aliquam autem,Cuidado personal e higiene,Cuid-2,Cuid-1-2,321,217000.0,2.78,UN,True,2026-01-15
4029,6370088943839,Optio quisquam,Bebes y maternidad,Bebe-2,Bebe-3-2,202,32300.0,,UN,True,2026-02-11
4030,0148578165605,Dolore veritatis,Electronica y tecnologia,Elec-3,Elec-3-2,38,177000.0,17.25,UN,True,2026-02-14
4031,8804189024466,Soluta modi,Cuidado personal e higiene,Cuid-1,Cuid-3-2,614,105400.0,5.18,UN,True,2025-12-18
4032,2882617346089,Consequatur id,Bebes y maternidad,Bebe-3,Bebe-2-1,747,145600.0,12.26,KG,True,2025-10-31
4033,7363149318133,Sunt optio,Alimentos y bebidas,Alim-2,Alim-2-1,532,7800.0,9.3,UN,True,2025-10-05
4034,7229380450301,Eum ad,Electronica y tecnologia,Elec-1,Elec-1-2,390,2000.0,,UN,True,2025-12-26
4035,8349116476494,Odio illum,Alimentos y bebidas,Alim-2,Alim-3-2,105,204700.0,15.65,UN,True,2026-01-21
4036,2738681337228,Quis aliquam,Hogar y limpieza,Hoga-3,Hoga-1-2,516,119900.0,6.73,UN,True,2025-11-16
4037,7818155392580,Distinctio odit,Electronica y tecnologia,Elec-1,Elec-2-1,161,19700.0,16.28,UN,True,2025-12-08
4038,8302136716032,Sapiente praesentium,Bebes y maternidad,Bebe-2,Bebe-3-2,498,87200.0,4.55,UN,True,2025-12-02
4039,3841787602875,Voluptates deleniti,Bebes y maternidad,Bebe-2,Bebe-3-1,241,127600.0,12.33,UN,True,2025-12-30
4040,4907264881054,Praesentium eligendi,Bebes y maternidad,Bebe-3,Bebe-1-1,693,35600.0,15.04,KG,True,2026-02-14
4041,0391678128838,Accusantium culpa,Cuidado personal e higiene,Cuid-2,Cuid-3-2,749,137500.0,14.08,UN,True,2025-12-01
4042,7939859308223,Repudiandae sint,Alimentos y bebidas,Alim-3,Alim-1-2,188,133100.0,13.15,UN,True,2025-12-16
4043,7814695395364,Nobis soluta,Bebes y maternidad,Bebe-3,Bebe-1-2,262,151500.0,16.61,UN,True,2025-11-26
4044,9823207248614,Reprehenderit inventore,Bebes y maternidad,Bebe-3,Bebe-1-2,738,202900.0,,UN,True,2025-11-03
4045,1562306780196,Nam minima,Cuidado personal e higiene,Cuid-2,Cuid-1-1,16,104400.0,18.57,UN,True,2026-01-22
4046,4670141280447,Dolor corrupti,Alimentos y bebidas,Alim-3,Alim-3-2,414,222400.0,2.94,UN,True,2026-01-05
4047,7120836248742,Pariatur illum,Electronica y tecnologia,Elec-1,Elec-2-2,114,119700.0,7.15,UN,True,2025-12-17
4048,8562378861734,Minima ullam,Alimentos y bebidas,Alim-3,Alim-1-1,347,115400.0,15.67,KG,False,2025-11-01
4049,2776063951365,Mollitia ipsam,Alimentos y bebidas,Alim-3,Alim-3-1,26,164600.0,6.2,UN,True,2026-02-24
4050,8990657416984,Quos repellendus,Bebes y maternidad,Bebe-1,Bebe-2-1,113,155100.0,8.89,KG,True,2026-02-11
4051,4366337561840,Voluptate quisquam,Hogar y limpieza,Hoga-2,Hoga-2-2,323,4800.0,,KG,True,2026-01-30
4052,5357777859290,Quidem fugiat,Alimentos y bebidas,Alim-3,Alim-2-2,49,245600.0,10.79,KG,True,2026-02-14
4053,4583618837443,Eius quod,Electronica y tecnologia,Elec-1,Elec-2-2,638,235800.0,3.79,UN,True,2025-12-08
4054,8923960424452,Nisi ratione,Hogar y limpieza,Hoga-3,Hoga-2-2,463,71800.0,3.54,UN,True,2026-01-07
4055,0256702178299,Impedit incidunt,Electronica y tecnologia,Elec-3,Elec-2-2,361,140500.0,6.06,KG,True,2025-10-16
4056,5988161037637,Et voluptas,Bebes y maternidad,Bebe-3,Bebe-3-1,378,193100.0,6.1,KG,True,2026-02-07
4057,2940380437417,Quos adipisci,Cuidado personal e higiene,Cuid-1,Cuid-1-1,672,230300.0,2.78,KG,True,2025-09-07
4058,2698086551080,Vel mollitia,Electronica y tecnologia,Elec-3,Elec-2-1,677,147300.0,16.7,LT,True,2025-12-14
4059,6199707839311,Quasi harum,Ropa y calzado basico,Ropa-3,Ropa-1-2,39,6700.0,5.69,UN,True,2025-10-15
4060,3294027594254,Corrupti incidunt,Hogar y limpieza,Hoga-1,Hoga-3-2,549,170800.0,16.05,UN,True,2026-01-01
4061,0165755574869,Minima omnis,Bebes y maternidad,Bebe-3,Bebe-1-2,376,25100.0,19.47,KG,True,2025-10-30
4062,3281070560558,Repellat libero,Hogar y limpieza,Hoga-2,Hoga-1-1,627,168500.0,6.67,UN,True,2026-03-15
4063,7384109600662,Laborum odit,Hogar y limpieza,Hoga-3,Hoga-3-2,630,147700.0,19.41,KG,True,2025-09-27
4064,1615317660244,Eius quod,Bebes y maternidad,Bebe-1,Bebe-2-1,567,160900.0,3.86,KG,True,2026-02-15
4065,4569791814334,At laboriosam,Electronica y tecnologia,Elec-3,Elec-1-2,540,48900.0,12.97,UN,True,2026-01-15
4066,6975755460680,Tempora nisi,Bebes y maternidad,Bebe-2,Bebe-1-2,170,124400.0,19.82,UN,True,2026-03-22
4067,3426053388242,Odio repellat,Ropa y calzado basico,Ropa-1,Ropa-2-1,683,155300.0,16.18,UN,False,2025-11-08
4068,9969660818756,Saepe optio,Ropa y calzado basico,Ropa-2,Ropa-3-2,561,76500.0,4.63,LT,True,2026-01-23
4069,8804140363481,Temporibus delectus,Cuidado personal e higiene,Cuid-3,Cuid-2-1,220,47000.0,5.18,UN,True,2025-09-10
4070,7451261937902,Quia beatae,Hogar y limpieza,Hoga-3,Hoga-1-2,187,57200.0,,UN,True,2026-01-17
4071,2293094431210,Laborum nisi,Bebes y maternidad,Bebe-1,Bebe-2-1,401,214800.0,18.86,UN,True,2025-11-30
4072,3455799900722,Blanditiis eaque,Electronica y tecnologia,Elec-3,Elec-2-2,275,117200.0,4.95,KG,True,2026-01-27
4073,5668723063655,Totam adipisci,Cuidado personal e higiene,Cuid-2,Cuid-1-2,542,165900.0,10.22,UN,True,2026-02-07
4074,7837151041360,Debitis sunt,Cuidado personal e higiene,Cuid-1,Cuid-3-2,326,129700.0,7.03,UN,True,2025-12-10
4075,7776795932248,Eum dolorem,Ropa y calzado basico,Ropa-2,Ropa-1-2,135,208900.0,7.26,UN,True,2025-11-10
4076,9673719675572,Perspiciatis necessitatibus,Cuidado personal e higiene,Cuid-3,Cuid-3-1,317,128100.0,8.19,UN,True,2026-01-24
4077,9120945402897,Esse saepe,Alimentos y bebidas,Alim-1,Alim-3-2,653,25100.0,6.93,KG,True,2026-03-03
4078,4438826976944,Consectetur mollitia,Ropa y calzado basico,Ropa-1,Ropa-1-1,665,51100.0,12.02,UN,True,2025-11-14
4079,1366748868999,Suscipit sit,Cuidado personal e higiene,Cuid-1,Cuid-3-2,250,5300.0,8.54,UN,False,2026-02-21
4080,6908786391418,Id sed,Ropa y calzado basico,Ropa-2,Ropa-3-2,637,208200.0,8.85,UN,True,2025-12-01
4081,8359094904445,Praesentium enim,Electronica y tecnologia,Elec-1,Elec-2-2,75,166500.0,,UN,True,2026-02-28
4082,7427072544523,Repellat odio,Bebes y maternidad,Bebe-3,Bebe-2-2,788,190300.0,7.16,UN,True,2026-01-11
4083,7861095472874,Mollitia quasi,Electronica y tecnologia,Elec-1,Elec-1-1,613,179300.0,15.1,KG,True,2026-01-15
4084,4075193914607,Officiis vero,Bebes y maternidad,Bebe-1,Bebe-1-2,33,206500.0,10.09,UN,True,2026-01-19
4085,3782803568990,Voluptate molestiae,Bebes y maternidad,Bebe-1,Bebe-3-1,565,246800.0,10.21,UN,True,2026-02-12
4086,1085877707503,Maiores reprehenderit,Cuidado personal e higiene,Cuid-3,Cuid-1-1,396,164100.0,4.24,UN,False,2026-02-23
4087,1399392567970,Nemo impedit,Bebes y maternidad,Bebe-3,Bebe-1-2,707,64600.0,0.67,KG,True,2025-11-20
4088,4631771862663,Praesentium corrupti,Ropa y calzado basico,Ropa-1,Ropa-2-1,192,27100.0,16.2,UN,True,2026-01-31
4089,7861633863812,Quibusdam beatae,Alimentos y bebidas,Alim-2,Alim-1-2,714,148300.0,17.12,UN,True,2026-01-20
4090,3032624986405,Veniam perspiciatis,Alimentos y bebidas,Alim-3,Alim-3-2,697,193100.0,4.86,UN,True,2025-12-31
4091,9466549770537,Magnam eum,Cuidado personal e higiene,Cuid-3,Cuid-3-2,223,141300.0,7.23,LT,True,2025-10-18
4092,6443495412172,Fugiat amet,Alimentos y bebidas,Alim-1,Alim-3-2,346,77300.0,7.19,UN,True,2025-12-06
4093,6208012893489,Repellendus non,Hogar y limpieza,Hoga-3,Hoga-1-1,514,180500.0,13.7,UN,True,2025-10-14
4094,2800920536508,Corrupti tempora,Bebes y maternidad,Bebe-3,Bebe-2-2,193,113100.0,3.79,UN,True,2025-10-01
4095,4568696900197,Repellat tempore,Hogar y limpieza,Hoga-3,Hoga-3-2,800,73100.0,19.58,UN,True,2026-03-11
4096,2331524041575,Sit nulla,Alimentos y bebidas,Alim-2,Alim-2-2,153,210600.0,1.28,LT,True,2026-01-26
4097,5842768612775,Suscipit laborum,Hogar y limpieza,Hoga-2,Hoga-3-2,196,145000.0,19.48,UN,True,2025-12-22
4098,9333356942016,Cum commodi,Cuidado personal e higiene,Cuid-3,Cuid-2-2,401,72300.0,1.42,KG,True,2025-12-01
4099,8445766162951,Placeat ipsam,Bebes y maternidad,Bebe-3,Bebe-2-1,379,83500.0,6.38,KG,True,2025-09-18
4100,0641031841738,Nihil esse,Alimentos y bebidas,Alim-2,Alim-1-1,41,143800.0,5.05,UN,True,2025-11-13
4101,2652346554617,Id hic,Ropa y calzado basico,Ropa-3,Ropa-2-1,729,106900.0,5.23,UN,False,2025-10-13
4102,2038467264404,Aspernatur neque,Hogar y limpieza,Hoga-2,Hoga-1-1,193,41800.0,19.89,UN,True,2025-12-20
4103,1989289143532,Architecto dolor,Alimentos y bebidas,Alim-3,Alim-3-1,83,153400.0,9.19,UN,True,2025-12-05
4104,5425628607816,Cumque aliquid,Ropa y calzado basico,Ropa-1,Ropa-2-2,416,172900.0,2.43,LT,True,2026-03-15
4105,3847513407493,Repudiandae consequuntur,Hogar y limpieza,Hoga-3,Hoga-1-2,743,2000.0,19.65,KG,True,2026-02-20
4106,1850582405545,Molestiae ducimus,Ropa y calzado basico,Ropa-2,Ropa-3-2,2,135100.0,4.89,UN,True,2026-01-02
4107,6512069061198,Non sint,Electronica y tecnologia,Elec-2,Elec-2-2,391,145100.0,1.5,KG,True,2026-03-02
4108,5973725303150,Nesciunt sit,Ropa y calzado basico,Ropa-1,Ropa-1-1,729,84400.0,0.53,UN,True,2025-11-08
4109,8464394428055,Nihil perferendis,Hogar y limpieza,Hoga-2,Hoga-3-1,715,86000.0,9.29,UN,True,2025-09-26
4110,4009231950784,Dolorem odit,Alimentos y bebidas,Alim-1,Alim-3-2,137,80800.0,18.37,UN,True,2025-12-25
4111,7305390034325,Quae voluptatem,Alimentos y bebidas,Alim-3,Alim-2-1,498,112400.0,0.39,KG,True,2025-09-16
4112,9262055556289,Excepturi error,Hogar y limpieza,Hoga-3,Hoga-3-2,669,203400.0,14.52,UN,True,2026-03-11
4113,4975657833935,Doloribus dolorum,Hogar y limpieza,Hoga-2,Hoga-2-1,538,118300.0,5.25,UN,False,2025-09-28
4114,9943109518889,Modi eos,Ropa y calzado basico,Ropa-3,Ropa-2-1,526,248400.0,4.42,UN,True,2026-02-22
4115,5787828095726,Porro eligendi,Hogar y limpieza,Hoga-3,Hoga-1-1,619,95300.0,14.09,UN,True,2026-01-16
4116,8397830189862,At recusandae,Bebes y maternidad,Bebe-1,Bebe-1-2,363,175400.0,14.97,UN,True,2025-10-23
4117,5984607456253,Neque quas,Cuidado personal e higiene,Cuid-1,Cuid-2-2,54,138100.0,11.2,UN,True,2025-12-19
4118,6703271887588,Doloribus incidunt,Hogar y limpieza,Hoga-1,Hoga-2-2,512,191000.0,4.08,KG,True,2025-12-21
4119,7509802075207,Earum nihil,Ropa y calzado basico,Ropa-1,Ropa-3-1,503,222300.0,0.18,LT,True,2026-01-29
4120,4690743906484,Repellendus provident,Alimentos y bebidas,Alim-2,Alim-2-2,682,128900.0,14.76,UN,True,2025-11-28
4121,4773920244408,Aut debitis,Cuidado personal e higiene,Cuid-2,Cuid-2-1,740,124600.0,12.01,LT,True,2025-12-31
4122,7319718901121,Aperiam aperiam,Ropa y calzado basico,Ropa-2,Ropa-3-1,271,235800.0,8.48,KG,True,2025-11-26
4123,0367291694265,Non pariatur,Electronica y tecnologia,Elec-1,Elec-3-2,765,233500.0,,KG,True,2025-09-23
4124,1666471079359,Quos voluptas,Ropa y calzado basico,Ropa-3,Ropa-1-1,8,249300.0,15.25,UN,True,2026-01-24
4125,2756520831300,Sint occaecati,Electronica y tecnologia,Elec-3,Elec-3-2,775,40800.0,1.46,KG,True,2025-10-25
4126,0161832152906,Dolore nisi,Bebes y maternidad,Bebe-2,Bebe-3-2,110,2900.0,12.87,UN,True,2025-10-29
4127,0741664308605,Officia cumque,Bebes y maternidad,Bebe-1,Bebe-1-2,517,110500.0,13.78,UN,True,2025-11-09
4128,4283167232460,Maxime nisi,Bebes y maternidad,Bebe-2,Bebe-2-2,547,183900.0,4.5,KG,True,2025-12-26
4129,4471060606734,Reprehenderit commodi,Alimentos y bebidas,Alim-3,Alim-1-1,507,20100.0,9.69,UN,True,2026-01-23
4130,7788921418106,Tempore incidunt,Electronica y tecnologia,Elec-3,Elec-2-2,793,94700.0,10.43,KG,True,2026-02-13
4131,0729084798015,Omnis accusantium,Alimentos y bebidas,Alim-1,Alim-2-1,442,146200.0,11.85,UN,True,2026-01-01
4132,1705647658575,Aut dolore,Cuidado personal e higiene,Cuid-3,Cuid-2-2,106,54700.0,18.03,UN,True,2025-11-22
4133,5790336759479,Sit quisquam,Cuidado personal e higiene,Cuid-3,Cuid-3-2,487,183300.0,10.95,UN,True,2026-03-12
4134,9109999378488,Error veniam,Electronica y tecnologia,Elec-2,Elec-1-2,233,58900.0,1.39,KG,True,2025-12-08
4135,6523080453343,Repudiandae facere,Hogar y limpieza,Hoga-2,Hoga-2-2,490,210500.0,6.93,UN,True,2025-10-03
4136,3049820700025,Vitae magnam,Bebes y maternidad,Bebe-2,Bebe-3-1,305,88400.0,12.59,KG,True,2026-02-11
4137,6755475396410,Illum beatae,Cuidado personal e higiene,Cuid-1,Cuid-3-2,34,150500.0,6.7,UN,True,2026-03-10
4138,6382511723031,Modi harum,Electronica y tecnologia,Elec-2,Elec-3-2,511,137000.0,15.37,UN,True,2025-11-01
4139,5821726330807,Molestiae alias,Ropa y calzado basico,Ropa-1,Ropa-1-2,72,75500.0,3.84,UN,True,2025-10-18
4140,4808861125803,Placeat vitae,Bebes y maternidad,Bebe-1,Bebe-1-2,263,110900.0,2.9,LT,True,2025-11-13
4141,4430657721120,Corrupti laudantium,Cuidado personal e higiene,Cuid-2,Cuid-1-2,496,211800.0,4.66,LT,True,2025-11-11
4142,7168109817660,Animi a,Ropa y calzado basico,Ropa-2,Ropa-2-1,705,138000.0,17.53,UN,True,2025-10-12
4143,3521526737111,Non tempore,Alimentos y bebidas,Alim-3,Alim-1-1,252,15800.0,13.63,UN,True,2025-09-10
4144,0706868646410,Voluptate veritatis,Electronica y tecnologia,Elec-2,Elec-3-2,239,178800.0,10.42,UN,True,2025-10-11
4145,4735946895378,Mollitia laborum,Hogar y limpieza,Hoga-3,Hoga-3-2,242,47200.0,6.04,KG,True,2025-11-02
4146,4252577689973,Doloremque quo,Bebes y maternidad,Bebe-3,Bebe-2-2,461,122500.0,18.38,UN,True,2025-10-11
4147,7395166032372,Iure eligendi,Ropa y calzado basico,Ropa-2,Ropa-1-2,155,118200.0,17.78,UN,True,2025-10-13
4148,0140950715194,Architecto aliquid,Bebes y maternidad,Bebe-3,Bebe-2-1,422,122600.0,8.02,UN,False,2026-03-11
4149,9632304772591,Facilis itaque,Bebes y maternidad,Bebe-2,Bebe-2-2,641,9700.0,15.07,LT,True,2025-10-17
4150,6115953384160,Minima optio,Hogar y limpieza,Hoga-2,Hoga-3-2,65,69600.0,18.28,UN,True,2026-02-15
4151,2906288156607,Voluptate ullam,Ropa y calzado basico,Ropa-1,Ropa-1-1,772,14600.0,6.3,KG,True,2025-12-27
4152,3098051834344,Quaerat natus,Alimentos y bebidas,Alim-1,Alim-3-2,426,104900.0,6.61,UN,True,2025-11-30
4153,9363568087793,Quibusdam iusto,Electronica y tecnologia,Elec-2,Elec-1-2,503,156100.0,10.94,UN,False,2026-02-07
4154,3472441676217,Sit ducimus,Alimentos y bebidas,Alim-1,Alim-1-2,494,164200.0,8.2,UN,True,2025-09-07
4155,8743096474295,Distinctio distinctio,Ropa y calzado basico,Ropa-2,Ropa-3-2,757,18000.0,15.24,LT,True,2026-01-30
4156,3268348709291,Debitis asperiores,Bebes y maternidad,Bebe-1,Bebe-1-2,532,31500.0,10.76,KG,True,2025-11-26
4157,5162890845484,Ad molestiae,Ropa y calzado basico,Ropa-1,Ropa-1-1,708,166100.0,4.28,UN,True,2026-02-16
4158,2627733125817,Laborum veritatis,Bebes y maternidad,Bebe-2,Bebe-2-1,229,133700.0,7.16,UN,True,2026-03-15
4159,2876634041973,Soluta perferendis,Cuidado personal e higiene,Cuid-2,Cuid-2-2,175,208700.0,13.44,UN,True,2026-01-28
4160,4476522469681,Tenetur odio,Bebes y maternidad,Bebe-3,Bebe-1-1,515,52900.0,1.12,UN,True,2025-09-26
4161,5169217517130,Inventore temporibus,Electronica y tecnologia,Elec-3,Elec-1-2,123,31800.0,6.88,LT,True,2026-03-18
4162,5284547050055,Cum in,Ropa y calzado basico,Ropa-3,Ropa-1-1,89,91800.0,0.37,UN,True,2026-02-02
4163,7458076648788,Fugit deleniti,Ropa y calzado basico,Ropa-1,Ropa-2-1,170,160000.0,16.43,KG,True,2025-09-07
4164,4138312760780,Tempore aspernatur,Electronica y tecnologia,Elec-2,Elec-1-2,217,122500.0,2.39,UN,True,2025-10-12
4165,3359482245247,Blanditiis quae,Cuidado personal e higiene,Cuid-1,Cuid-3-1,77,26500.0,1.59,KG,True,2026-03-20
4166,8816035341764,Unde a,Electronica y tecnologia,Elec-1,Elec-3-1,583,19700.0,15.74,KG,True,2026-02-18
4167,5461411910145,Eos illo,Electronica y tecnologia,Elec-1,Elec-1-2,467,170100.0,1.84,UN,True,2025-11-24
4168,7391298358441,Dicta a,Bebes y maternidad,Bebe-2,Bebe-2-1,161,75600.0,13.7,UN,True,2026-03-14
4169,8012771277156,Minus quo,Hogar y limpieza,Hoga-1,Hoga-1-2,227,168000.0,7.63,KG,True,2025-12-08
4170,6853909174471,Omnis doloribus,Electronica y tecnologia,Elec-2,Elec-1-2,744,75100.0,16.44,KG,True,2026-02-24
4171,9408030892298,Atque praesentium,Electronica y tecnologia,Elec-1,Elec-1-2,731,80100.0,3.7,UN,True,2025-12-28
4172,0641996584022,Aliquam hic,Alimentos y bebidas,Alim-2,Alim-3-2,99,54000.0,1.73,LT,True,2026-01-14
4173,9376452658726,Nobis nesciunt,Alimentos y bebidas,Alim-2,Alim-2-2,491,246000.0,4.61,KG,True,2025-09-05
4174,8023865626002,Qui optio,Alimentos y bebidas,Alim-1,Alim-2-2,259,6000.0,18.65,UN,True,2026-03-17
4175,8059801888005,Temporibus aliquam,Electronica y tecnologia,Elec-1,Elec-3-1,288,33600.0,16.59,UN,True,2025-10-10
4176,3005378286879,Ut velit,Hogar y limpieza,Hoga-3,Hoga-3-1,480,209400.0,5.75,UN,True,2025-10-16
4177,2203071081697,Quos cumque,Bebes y maternidad,Bebe-3,Bebe-1-1,788,36300.0,4.16,UN,True,2025-12-02
4178,2239766215412,Porro similique,Ropa y calzado basico,Ropa-1,Ropa-1-2,467,71600.0,3.18,KG,True,2026-02-02
4179,5198070272924,Molestias dicta,Alimentos y bebidas,Alim-3,Alim-3-1,763,67200.0,4.46,KG,True,2026-02-04
4180,9428635834929,Cupiditate beatae,Alimentos y bebidas,Alim-1,Alim-1-1,657,174900.0,4.14,UN,True,2026-01-07
4181,6389874955918,Nostrum perspiciatis,Hogar y limpieza,Hoga-3,Hoga-3-2,623,104000.0,17.77,UN,True,2026-02-25
4182,0923355885729,Corrupti dignissimos,Bebes y maternidad,Bebe-1,Bebe-3-1,633,210500.0,0.45,UN,True,2026-01-20
4183,8346389161904,Ex animi,Alimentos y bebidas,Alim-2,Alim-2-1,634,187400.0,17.61,UN,True,2025-10-03
4184,5587530296141,Fuga molestias,Cuidado personal e higiene,Cuid-1,Cuid-1-2,205,133700.0,0.88,KG,True,2026-02-07
4185,9909416795207,Voluptatem laboriosam,Alimentos y bebidas,Alim-1,Alim-1-1,782,63800.0,16.55,UN,True,2025-10-26
4186,2798914548111,Quae et,Hogar y limpieza,Hoga-2,Hoga-2-2,735,198500.0,8.54,UN,True,2025-12-16
4187,8917284584879,Nam maiores,Bebes y maternidad,Bebe-1,Bebe-2-1,481,216800.0,1.59,UN,True,2026-01-03
4188,4940092628866,Sed sequi,Ropa y calzado basico,Ropa-2,Ropa-3-1,569,209400.0,15.99,KG,True,2025-11-21
4189,5807200805702,Quis a,Hogar y limpieza,Hoga-1,Hoga-3-1,705,14800.0,,UN,True,2025-11-15
4190,1974357529257,Veniam suscipit,Alimentos y bebidas,Alim-1,Alim-3-1,123,175100.0,17.57,UN,True,2025-10-27
4191,5568084690012,Consequatur nemo,Hogar y limpieza,Hoga-3,Hoga-3-1,52,176600.0,15.06,LT,True,2025-11-02
4192,5812362424944,Velit nesciunt,Electronica y tecnologia,Elec-3,Elec-3-2,797,235900.0,19.64,KG,True,2026-03-20
4193,7002519067249,Magnam quisquam,Cuidado personal e higiene,Cuid-3,Cuid-1-1,444,67300.0,16.65,UN,True,2025-11-19
4194,4609577248776,Vitae corporis,Ropa y calzado basico,Ropa-1,Ropa-2-1,578,197000.0,4.86,UN,True,2025-12-07
4195,4763083572890,Et nisi,Bebes y maternidad,Bebe-2,Bebe-2-1,403,172900.0,8.21,UN,True,2026-01-22
4196,0910063474185,Nemo voluptates,Cuidado personal e higiene,Cuid-1,Cuid-2-1,414,219900.0,13.95,UN,True,2025-10-23
4197,0420223059751,Dolorem doloremque,Cuidado personal e higiene,Cuid-1,Cuid-1-1,31,173900.0,,UN,True,2025-10-13
4198,7336828765757,Dolor amet,Alimentos y bebidas,Alim-2,Alim-2-1,232,213400.0,10.95,UN,True,2025-10-16
4199,5525868568509,Quisquam minus,Ropa y calzado basico,Ropa-2,Ropa-2-1,70,91200.0,4.79,UN,True,2025-09-16
4200,6648782648719,At vitae,Hogar y limpieza,Hoga-2,Hoga-2-1,346,41100.0,13.28,UN,True,2025-12-03
4201,3000255464531,Aliquam deserunt,Cuidado personal e higiene,Cuid-1,Cuid-3-2,18,92100.0,6.88,LT,True,2025-09-04
4202,3479852948445,Consequuntur ex,Cuidado personal e higiene,Cuid-3,Cuid-2-2,643,204100.0,,KG,True,2025-11-18
4203,7041450563373,Adipisci voluptatum,Alimentos y bebidas,Alim-3,Alim-2-2,236,34600.0,19.36,UN,False,2025-12-18
4204,0695118196136,Voluptatem maiores,Hogar y limpieza,Hoga-1,Hoga-2-1,593,160200.0,16.89,UN,True,2025-10-25
4205,8759559422987,Alias rem,Ropa y calzado basico,Ropa-1,Ropa-2-2,43,246900.0,6.11,UN,True,2025-10-24
4206,1332419977116,Modi ex,Cuidado personal e higiene,Cuid-2,Cuid-1-1,27,224000.0,2.64,UN,True,2026-01-02
4207,8016774360488,Sed rem,Alimentos y bebidas,Alim-2,Alim-2-2,339,168500.0,14.72,UN,True,2025-12-25
4208,9098592714369,Facilis placeat,Hogar y limpieza,Hoga-3,Hoga-2-2,631,198600.0,4.45,LT,True,2026-02-08
4209,9474934768892,Quo earum,Ropa y calzado basico,Ropa-2,Ropa-2-2,651,30900.0,12.13,LT,True,2026-02-27
4210,3861618776452,Impedit quia,Hogar y limpieza,Hoga-1,Hoga-1-1,436,125700.0,15.59,LT,True,2025-10-23
4211,8084319652176,Quo aut,Cuidado personal e higiene,Cuid-1,Cuid-3-2,492,133900.0,5.48,UN,True,2025-11-01
4212,9005312605579,Voluptate fugiat,Alimentos y bebidas,Alim-1,Alim-3-1,552,196100.0,5.73,KG,True,2025-12-17
4213,4028459587695,Nam ab,Ropa y calzado basico,Ropa-2,Ropa-2-1,540,72100.0,1.28,KG,True,2025-10-10
4214,5591268130783,Veniam quos,Bebes y maternidad,Bebe-1,Bebe-1-2,593,28400.0,6.43,UN,True,2026-01-27
4215,3731835941233,Dignissimos facilis,Ropa y calzado basico,Ropa-3,Ropa-2-1,26,175100.0,11.97,UN,False,2025-09-04
4216,4592325802453,Voluptatem numquam,Electronica y tecnologia,Elec-3,Elec-3-2,344,124200.0,3.16,UN,True,2025-11-16
4217,5711627435148,Incidunt accusantium,Ropa y calzado basico,Ropa-1,Ropa-2-2,672,210900.0,19.06,UN,True,2026-03-19
4218,9286327023170,Omnis reiciendis,Hogar y limpieza,Hoga-3,Hoga-3-2,352,121400.0,14.46,KG,True,2026-01-28
4219,4028106076343,Voluptas incidunt,Alimentos y bebidas,Alim-2,Alim-3-1,117,211900.0,4.12,UN,True,2025-12-16
4220,4334602633561,Eos ipsa,Hogar y limpieza,Hoga-1,Hoga-2-2,533,127900.0,10.64,LT,True,2025-09-04
4221,4162987025219,Ipsa id,Ropa y calzado basico,Ropa-2,Ropa-3-1,243,196100.0,7.86,UN,True,2026-02-11
4222,5143517236854,Culpa velit,Electronica y tecnologia,Elec-2,Elec-2-1,410,180700.0,7.68,UN,True,2025-12-02
4223,0448526023545,Omnis maxime,Bebes y maternidad,Bebe-1,Bebe-2-1,414,68000.0,11.22,UN,True,2026-02-22
4224,7224055306112,Minus nobis,Bebes y maternidad,Bebe-3,Bebe-2-1,558,78700.0,2.21,UN,True,2026-02-07
4225,3900458927522,Molestiae commodi,Cuidado personal e higiene,Cuid-1,Cuid-3-1,744,225000.0,4.35,LT,True,2026-03-22
4226,3408705683356,Sapiente nam,Alimentos y bebidas,Alim-1,Alim-1-2,555,59300.0,3.04,UN,True,2025-09-27
4227,5563859818288,Ea commodi,Cuidado personal e higiene,Cuid-1,Cuid-1-1,799,175000.0,3.52,UN,True,2026-02-22
4228,4399748698003,Est dolores,Bebes y maternidad,Bebe-1,Bebe-1-1,16,38000.0,,UN,True,2026-01-24
4229,5573380792667,Ex reprehenderit,Ropa y calzado basico,Ropa-1,Ropa-3-1,627,189300.0,,KG,False,2025-11-01
4230,0940447501756,Ducimus sit,Alimentos y bebidas,Alim-2,Alim-2-2,334,57400.0,13.04,UN,True,2026-02-19
4231,0566558990656,Minima accusamus,Alimentos y bebidas,Alim-2,Alim-2-2,584,149300.0,19.7,UN,True,2025-12-25
4232,8697223242045,Cum veniam,Electronica y tecnologia,Elec-1,Elec-2-2,69,141900.0,,KG,True,2026-01-13
4233,3006319106973,Repudiandae perspiciatis,Electronica y tecnologia,Elec-3,Elec-2-1,423,52500.0,5.7,UN,False,2026-03-15
4234,1363591142023,Molestiae blanditiis,Bebes y maternidad,Bebe-3,Bebe-3-2,24,123900.0,17.45,UN,True,2025-12-27
4235,8612232861407,Animi earum,Ropa y calzado basico,Ropa-3,Ropa-3-1,533,220100.0,1.39,UN,True,2026-01-08
4236,2454224922439,Deleniti corporis,Cuidado personal e higiene,Cuid-2,Cuid-3-1,174,170800.0,,UN,True,2026-02-24
4237,0232000132782,Mollitia labore,Alimentos y bebidas,Alim-3,Alim-3-2,116,248200.0,18.96,UN,True,2026-02-04
4238,9282435097911,Provident voluptatibus,Electronica y tecnologia,Elec-2,Elec-1-1,64,196600.0,13.02,UN,True,2026-01-10
4239,3532956176296,Ab quos,Electronica y tecnologia,Elec-2,Elec-1-1,216,161600.0,18.58,UN,True,2026-03-04
4240,4846764089778,Officia distinctio,Bebes y maternidad,Bebe-1,Bebe-2-1,768,141700.0,2.7,UN,True,2026-03-05
4241,9536140830708,Minus velit,Electronica y tecnologia,Elec-3,Elec-2-2,788,234500.0,15.38,UN,True,2026-01-04
4242,9063360273157,Pariatur veritatis,Electronica y tecnologia,Elec-1,Elec-1-1,65,132700.0,4.73,UN,True,2025-09-23
4243,6726173629247,Aliquid voluptate,Cuidado personal e higiene,Cuid-2,Cuid-3-1,784,101900.0,6.9,UN,True,2026-01-20
4244,5989777382432,Iure unde,Alimentos y bebidas,Alim-3,Alim-1-2,471,209000.0,,KG,True,2025-11-09
4245,8214629222282,Autem cum,Bebes y maternidad,Bebe-1,Bebe-1-1,259,235200.0,8.25,KG,True,2025-12-30
4246,3381385223596,Sit et,Ropa y calzado basico,Ropa-2,Ropa-1-2,754,120800.0,13.43,KG,False,2025-11-18
4247,0627094014418,Qui quidem,Alimentos y bebidas,Alim-1,Alim-3-2,193,36000.0,17.75,UN,True,2025-11-10
4248,2452292456702,Error veritatis,Ropa y calzado basico,Ropa-2,Ropa-3-2,146,152900.0,17.42,UN,True,2026-03-17
4249,8939350462935,Assumenda sed,Hogar y limpieza,Hoga-2,Hoga-2-1,184,185700.0,0.23,UN,True,2025-10-23
4250,3741535833875,Ad fugit,Hogar y limpieza,Hoga-1,Hoga-3-1,117,94700.0,3.21,KG,True,2025-10-06
4251,8959190530946,Laboriosam sunt,Bebes y maternidad,Bebe-3,Bebe-3-2,388,187500.0,18.38,UN,True,2026-01-08
4252,5875950825721,Quaerat commodi,Bebes y maternidad,Bebe-2,Bebe-2-2,113,133700.0,11.27,LT,True,2026-01-10
4253,3230070861868,Nam vel,Cuidado personal e higiene,Cuid-2,Cuid-3-2,180,76700.0,9.63,UN,True,2026-03-19
4254,9484674752914,Optio ea,Cuidado personal e higiene,Cuid-3,Cuid-1-2,298,158100.0,1.35,UN,True,2025-09-15
4255,4835650869228,Sapiente blanditiis,Ropa y calzado basico,Ropa-1,Ropa-2-1,519,98500.0,0.55,KG,True,2026-03-06
4256,7025254110551,Sapiente exercitationem,Bebes y maternidad,Bebe-2,Bebe-1-2,687,197100.0,19.07,UN,True,2026-02-18
4257,6241266768097,Accusamus fugit,Alimentos y bebidas,Alim-3,Alim-2-1,60,2800.0,9.5,LT,True,2025-10-15
4258,4059647033649,Delectus aliquid,Bebes y maternidad,Bebe-2,Bebe-2-2,505,204900.0,15.74,UN,True,2026-02-14
4259,2453206543266,Commodi ratione,Hogar y limpieza,Hoga-1,Hoga-1-1,83,78000.0,4.44,UN,True,2026-02-19
4260,1434037152439,Maiores reprehenderit,Electronica y tecnologia,Elec-1,Elec-2-2,793,240000.0,4.78,UN,True,2025-09-26
4261,1091568309536,Assumenda laudantium,Alimentos y bebidas,Alim-3,Alim-2-1,222,190300.0,11.23,UN,True,2025-09-08
4262,1225264974785,Dolore perferendis,Ropa y calzado basico,Ropa-3,Ropa-2-2,686,61800.0,17.53,KG,True,2026-01-14
4263,7067644286309,Eum culpa,Ropa y calzado basico,Ropa-3,Ropa-1-2,622,244700.0,5.81,UN,True,2025-12-30
4264,7078101012447,Beatae quo,Electronica y tecnologia,Elec-1,Elec-1-2,260,125900.0,6.61,UN,True,2026-02-23
4265,8056942118749,Nulla mollitia,Ropa y calzado basico,Ropa-3,Ropa-2-2,259,131700.0,11.04,UN,True,2026-03-09
4266,9004491007235,Laudantium neque,Bebes y maternidad,Bebe-2,Bebe-3-2,254,227600.0,0.85,KG,True,2025-09-24
4267,1492049930643,Porro ea,Bebes y maternidad,Bebe-3,Bebe-3-2,377,229800.0,7.61,KG,True,2026-03-14
4268,0412107043109,Ea harum,Ropa y calzado basico,Ropa-3,Ropa-1-1,354,174800.0,,UN,True,2026-02-21
4269,5503158878507,Corrupti dolore,Bebes y maternidad,Bebe-1,Bebe-3-1,526,244700.0,0.15,KG,False,2026-01-02
4270,6606751414833,Quaerat molestias,Ropa y calzado basico,Ropa-3,Ropa-2-2,372,83600.0,12.78,KG,True,2025-11-15
4271,5156095142776,Iusto alias,Ropa y calzado basico,Ropa-2,Ropa-3-1,631,59600.0,1.07,UN,False,2026-01-08
4272,0215386115112,Voluptates expedita,Electronica y tecnologia,Elec-3,Elec-1-1,374,9300.0,14.41,LT,True,2025-12-25
4273,1627143593412,Quas ipsa,Ropa y calzado basico,Ropa-3,Ropa-2-2,246,87900.0,16.04,UN,True,2025-11-20
4274,0616504725532,Cupiditate asperiores,Alimentos y bebidas,Alim-1,Alim-2-1,262,151500.0,16.78,KG,True,2025-09-19
4275,1073712207257,Consequatur veritatis,Electronica y tecnologia,Elec-3,Elec-1-1,585,77700.0,13.48,UN,False,2026-01-26
4276,0845240886096,Reiciendis libero,Hogar y limpieza,Hoga-1,Hoga-1-2,113,145700.0,11.25,LT,True,2025-11-04
4277,6925336010995,Repellendus sed,Bebes y maternidad,Bebe-1,Bebe-1-2,229,14000.0,6.19,UN,True,2025-10-23
4278,9319140099814,Sunt ea,Alimentos y bebidas,Alim-1,Alim-2-2,250,89800.0,8.52,UN,True,2025-11-18
4279,2971922887414,Dolore ducimus,Electronica y tecnologia,Elec-1,Elec-3-1,516,187500.0,1.79,KG,True,2025-09-10
4280,5949254345022,Fuga reprehenderit,Cuidado personal e higiene,Cuid-3,Cuid-3-1,104,27900.0,14.16,KG,True,2025-11-21
4281,6642738696649,Dolorum voluptas,Bebes y maternidad,Bebe-1,Bebe-1-1,361,179300.0,0.54,UN,True,2026-02-18
4282,8110512927244,Fugit facere,Bebes y maternidad,Bebe-2,Bebe-3-2,540,191300.0,8.3,UN,True,2026-01-28
4283,3067779836770,Fuga aliquam,Cuidado personal e higiene,Cuid-2,Cuid-2-1,742,143100.0,10.15,UN,True,2025-09-16
4284,8107082408938,Natus non,Bebes y maternidad,Bebe-3,Bebe-3-2,351,221700.0,13.02,UN,True,2025-11-09
4285,5133157920824,Blanditiis laborum,Hogar y limpieza,Hoga-2,Hoga-1-1,786,238700.0,6.9,UN,True,2026-01-14
4286,3661620172958,Rem suscipit,Bebes y maternidad,Bebe-2,Bebe-3-2,487,10600.0,8.88,UN,True,2026-03-09
4287,1266086961102,Dolorum voluptate,Ropa y calzado basico,Ropa-3,Ropa-3-1,620,170400.0,11.77,UN,True,2025-11-30
4288,8403909276736,Debitis deleniti,Alimentos y bebidas,Alim-2,Alim-3-1,195,60800.0,18.47,KG,True,2026-03-20
4289,6086333995064,Asperiores rerum,Cuidado personal e higiene,Cuid-3,Cuid-3-2,733,103200.0,,UN,True,2025-09-12
4290,6676055080058,Porro molestiae,Hogar y limpieza,Hoga-3,Hoga-2-1,208,156500.0,5.13,UN,True,2026-03-05
4291,0908306925099,Voluptates veniam,Cuidado personal e higiene,Cuid-3,Cuid-3-1,110,178600.0,16.95,UN,False,2025-10-05
4292,8055644199414,Hic quis,Alimentos y bebidas,Alim-1,Alim-2-1,64,210400.0,1.15,KG,True,2026-01-27
4293,2436160502999,Molestiae at,Bebes y maternidad,Bebe-1,Bebe-2-2,524,176900.0,5.48,UN,True,2025-09-24
4294,9076191814987,Quod eaque,Bebes y maternidad,Bebe-2,Bebe-3-1,503,194800.0,2.21,UN,True,2026-03-20
4295,3678490321775,Ratione dolores,Hogar y limpieza,Hoga-2,Hoga-1-2,159,150600.0,8.97,KG,True,2025-10-16
4296,4911767550041,Laudantium labore,Cuidado personal e higiene,Cuid-1,Cuid-2-1,703,31000.0,12.76,UN,True,2025-11-16
4297,3753157522952,Voluptas repudiandae,Cuidado personal e higiene,Cuid-2,Cuid-3-2,222,7300.0,10.64,KG,True,2026-01-09
4298,0838603903677,Cumque impedit,Bebes y maternidad,Bebe-1,Bebe-1-1,488,133400.0,16.23,UN,True,2025-09-14
4299,4867567535156,Est dolorum,Cuidado personal e higiene,Cuid-1,Cuid-1-2,419,179500.0,11.37,KG,True,2025-12-27
4300,3474392708122,Autem cum,Alimentos y bebidas,Alim-3,Alim-1-2,474,29000.0,4.69,UN,True,2025-11-01
4301,0780037810109,Voluptatum perspiciatis,Hogar y limpieza,Hoga-1,Hoga-3-1,594,108500.0,10.75,UN,True,2025-11-29
4302,3208234160997,Dolores hic,Hogar y limpieza,Hoga-3,Hoga-3-1,742,65500.0,,UN,True,2025-11-09
4303,0975788516619,Laudantium minus,Electronica y tecnologia,Elec-2,Elec-1-2,578,142600.0,10.08,UN,True,2026-02-19
4304,9076444904397,Assumenda laborum,Hogar y limpieza,Hoga-3,Hoga-2-2,726,98800.0,8.87,KG,True,2025-12-04
4305,4616222772616,Autem quam,Bebes y maternidad,Bebe-1,Bebe-2-1,696,52000.0,10.61,UN,True,2026-02-01
4306,0540260284654,Doloribus aspernatur,Electronica y tecnologia,Elec-3,Elec-3-2,288,3100.0,10.98,UN,True,2025-09-12
4307,5921895688645,Qui tempore,Bebes y maternidad,Bebe-2,Bebe-3-1,448,81700.0,6.25,UN,True,2026-01-18
4308,9933974539188,Amet quod,Hogar y limpieza,Hoga-3,Hoga-3-1,159,130000.0,17.09,KG,True,2025-11-19
4309,0238487614445,Neque cum,Electronica y tecnologia,Elec-1,Elec-2-1,742,232400.0,4.19,LT,True,2026-01-01
4310,3373609085752,Odio quam,Hogar y limpieza,Hoga-3,Hoga-1-1,774,58400.0,0.71,UN,True,2026-02-20
4311,3794763183427,A qui,Ropa y calzado basico,Ropa-1,Ropa-2-2,711,129000.0,,UN,True,2026-01-21
4312,9002492785237,Possimus culpa,Ropa y calzado basico,Ropa-2,Ropa-2-2,595,142500.0,16.85,KG,False,2025-11-13
4313,4615121676087,Eligendi laboriosam,Cuidado personal e higiene,Cuid-1,Cuid-2-1,680,163000.0,12.87,KG,True,2025-10-19
4314,9601066589785,Et quas,Bebes y maternidad,Bebe-3,Bebe-1-2,636,83500.0,9.41,UN,True,2026-02-28
4315,2425658293853,Inventore numquam,Bebes y maternidad,Bebe-2,Bebe-1-1,184,26700.0,19.51,UN,True,2025-10-25
4316,4044503986382,Eius distinctio,Bebes y maternidad,Bebe-3,Bebe-3-2,212,230500.0,7.45,KG,True,2025-09-11
4317,3466908144982,Fuga dolor,Cuidado personal e higiene,Cuid-2,Cuid-1-1,426,238300.0,8.15,UN,True,2025-11-02
4318,6029653283152,Assumenda voluptas,Ropa y calzado basico,Ropa-1,Ropa-2-1,337,110700.0,,LT,True,2025-09-06
4319,3070791904877,Magnam officiis,Alimentos y bebidas,Alim-2,Alim-3-2,589,146000.0,8.64,KG,True,2026-01-30
4320,8601508334516,Assumenda et,Alimentos y bebidas,Alim-2,Alim-1-2,589,9200.0,11.13,KG,False,2026-02-28
4321,2982945418332,Non maiores,Bebes y maternidad,Bebe-1,Bebe-1-2,781,13700.0,19.33,KG,True,2025-11-29
4322,7881474250749,Reiciendis minima,Alimentos y bebidas,Alim-3,Alim-2-1,631,21000.0,4.79,LT,True,2026-01-04
4323,3820395007869,Repellendus ea,Bebes y maternidad,Bebe-3,Bebe-2-1,10,185200.0,,UN,False,2026-03-14
4324,7755005357606,Ipsam perferendis,Hogar y limpieza,Hoga-2,Hoga-2-2,273,58400.0,8.5,LT,True,2026-03-08
4325,3673361424746,Alias possimus,Cuidado personal e higiene,Cuid-2,Cuid-2-1,262,47700.0,10.1,UN,True,2025-09-12
4326,1516329566145,Ea perferendis,Alimentos y bebidas,Alim-3,Alim-1-2,507,4100.0,,UN,True,2025-09-17
4327,8243648517826,Ullam repellat,Ropa y calzado basico,Ropa-3,Ropa-1-2,274,7700.0,19.11,UN,True,2025-11-19
4328,7577306146013,Dolore sapiente,Ropa y calzado basico,Ropa-1,Ropa-1-2,783,102500.0,13.79,UN,True,2025-10-29
4329,7419640009251,A voluptates,Hogar y limpieza,Hoga-2,Hoga-2-2,231,136300.0,19.74,UN,True,2025-10-04
4330,6835962783876,Fuga voluptatum,Ropa y calzado basico,Ropa-3,Ropa-2-1,351,145600.0,,UN,True,2025-10-04
4331,7765402347148,Non repellat,Cuidado personal e higiene,Cuid-3,Cuid-3-2,654,115600.0,4.22,UN,True,2026-02-14
4332,5137402826565,Sint quidem,Electronica y tecnologia,Elec-2,Elec-1-1,294,116000.0,6.17,UN,True,2025-10-12
4333,5293675627541,Aut atque,Cuidado personal e higiene,Cuid-3,Cuid-2-2,37,188800.0,15.75,UN,True,2025-12-08
4334,5403498939756,Nulla dicta,Electronica y tecnologia,Elec-2,Elec-2-1,266,73800.0,3.77,UN,True,2025-09-12
4335,9553642209474,Blanditiis totam,Alimentos y bebidas,Alim-2,Alim-3-1,288,61000.0,3.96,UN,True,2026-01-06
4336,0544765839012,Eum perferendis,Hogar y limpieza,Hoga-2,Hoga-2-1,490,213900.0,8.26,KG,True,2026-01-30
4337,8769270438853,Asperiores ducimus,Electronica y tecnologia,Elec-3,Elec-1-1,570,172900.0,6.39,KG,True,2026-01-01
4338,2871583443021,Voluptates non,Electronica y tecnologia,Elec-3,Elec-2-2,439,120300.0,12.95,UN,True,2025-10-30
4339,9973854424029,Aut molestiae,Hogar y limpieza,Hoga-1,Hoga-1-1,326,70300.0,17.81,UN,True,2025-09-19
4340,9480468869899,Porro consectetur,Electronica y tecnologia,Elec-1,Elec-3-1,403,35900.0,2.82,UN,True,2025-11-23
4341,0876342724771,Molestiae voluptas,Electronica y tecnologia,Elec-2,Elec-1-1,116,11300.0,10.96,UN,True,2026-02-07
4342,1157873781563,Pariatur ducimus,Cuidado personal e higiene,Cuid-3,Cuid-3-2,145,213400.0,1.81,UN,True,2025-09-27
4343,1621736713874,Praesentium asperiores,Cuidado personal e higiene,Cuid-2,Cuid-2-2,489,149200.0,4.47,KG,True,2026-02-15
4344,3140319166619,Distinctio dignissimos,Electronica y tecnologia,Elec-2,Elec-2-2,693,13400.0,6.22,UN,True,2026-03-05
4345,6246988967629,Illum beatae,Bebes y maternidad,Bebe-1,Bebe-1-1,419,41300.0,11.6,LT,False,2026-01-03
4346,1822479224768,Amet doloremque,Ropa y calzado basico,Ropa-1,Ropa-3-2,49,71300.0,11.12,UN,True,2026-02-19
4347,8670716714892,Nesciunt dolorem,Electronica y tecnologia,Elec-3,Elec-3-1,786,67200.0,12.88,KG,True,2025-10-30
4348,5792578523528,Consequatur ad,Bebes y maternidad,Bebe-2,Bebe-2-1,260,138000.0,16.39,UN,False,2026-01-06
4349,9800934137343,Quibusdam enim,Bebes y maternidad,Bebe-3,Bebe-2-2,599,101100.0,3.79,LT,True,2026-01-26
4350,5424711558226,Accusantium quo,Electronica y tecnologia,Elec-1,Elec-1-1,719,220800.0,14.88,KG,True,2026-01-24
4351,1819517190703,Enim ea,Alimentos y bebidas,Alim-1,Alim-1-1,789,180400.0,13.36,UN,True,2026-01-22
4352,6776931316452,Ad repellendus,Electronica y tecnologia,Elec-3,Elec-3-2,94,227900.0,1.64,UN,False,2025-10-12
4353,3833642550353,Commodi incidunt,Electronica y tecnologia,Elec-3,Elec-2-2,150,216000.0,6.93,UN,False,2026-03-05
4354,3321012546759,Voluptatum et,Cuidado personal e higiene,Cuid-3,Cuid-3-2,517,230500.0,0.6,UN,True,2026-01-18
4355,9149995977032,Tempore cupiditate,Bebes y maternidad,Bebe-1,Bebe-3-2,610,245000.0,1.85,UN,True,2025-09-27
4356,1705682583207,Repellat ex,Bebes y maternidad,Bebe-3,Bebe-3-1,668,79300.0,5.71,LT,True,2026-01-09
4357,1435456367985,Quidem facere,Cuidado personal e higiene,Cuid-2,Cuid-3-2,442,54000.0,4.9,UN,True,2026-03-04
4358,8368636444981,Atque iure,Hogar y limpieza,Hoga-3,Hoga-2-1,127,43000.0,18.01,UN,True,2025-09-08
4359,1063267392065,Expedita consectetur,Cuidado personal e higiene,Cuid-3,Cuid-2-2,571,157800.0,17.88,UN,True,2026-02-28
4360,0429429921190,Veritatis atque,Cuidado personal e higiene,Cuid-2,Cuid-1-2,535,170900.0,11.58,UN,True,2025-11-09
4361,2474350697827,Voluptatibus quas,Cuidado personal e higiene,Cuid-1,Cuid-3-2,375,23800.0,14.71,KG,True,2025-11-02
4362,0993872112035,Saepe doloremque,Hogar y limpieza,Hoga-3,Hoga-3-2,511,205600.0,,UN,True,2025-12-10
4363,8299839901509,Eum asperiores,Cuidado personal e higiene,Cuid-2,Cuid-2-2,170,196200.0,8.23,UN,True,2026-01-25
4364,5954761680689,Perspiciatis eveniet,Alimentos y bebidas,Alim-2,Alim-3-1,649,157900.0,10.47,UN,True,2025-09-24
4365,0304005468019,Beatae eum,Hogar y limpieza,Hoga-2,Hoga-3-1,37,110000.0,13.04,LT,True,2025-10-26
4366,3143360574327,Repudiandae officiis,Electronica y tecnologia,Elec-3,Elec-2-2,672,40100.0,18.42,UN,True,2026-02-12
4367,1115495992910,Dicta reiciendis,Cuidado personal e higiene,Cuid-1,Cuid-3-1,671,127400.0,15.95,KG,False,2025-10-21
4368,7919690913640,Quis quas,Electronica y tecnologia,Elec-3,Elec-2-1,550,41500.0,1.34,UN,True,2025-11-12
4369,1765920594839,Optio dolorum,Cuidado personal e higiene,Cuid-2,Cuid-1-2,652,152000.0,14.27,KG,True,2026-01-10
4370,6090168011530,Quia odio,Ropa y calzado basico,Ropa-1,Ropa-1-2,731,78900.0,5.08,UN,True,2025-10-24
4371,6096439453498,Officiis aut,Electronica y tecnologia,Elec-1,Elec-2-1,131,63300.0,5.14,KG,True,2025-09-14
4372,7320096015355,Eos animi,Bebes y maternidad,Bebe-2,Bebe-3-1,436,111400.0,10.97,LT,True,2025-12-18
4373,3053256248884,Incidunt dicta,Alimentos y bebidas,Alim-3,Alim-1-1,517,146000.0,13.94,UN,True,2025-09-23
4374,8049704648554,Eveniet quae,Bebes y maternidad,Bebe-2,Bebe-3-1,755,93100.0,3.23,UN,True,2025-11-20
4375,5169324057413,Optio velit,Hogar y limpieza,Hoga-1,Hoga-2-1,591,241000.0,6.32,LT,True,2026-01-14
4376,1935391038914,Natus quae,Alimentos y bebidas,Alim-2,Alim-3-2,476,3500.0,14.34,UN,True,2026-01-29
4377,6677095218586,Adipisci repudiandae,Ropa y calzado basico,Ropa-1,Ropa-1-2,447,228400.0,,KG,True,2026-03-13
4378,6804394290085,Ab accusantium,Cuidado personal e higiene,Cuid-1,Cuid-2-2,115,2200.0,17.0,KG,True,2026-02-25
4379,8925857839806,Perspiciatis veniam,Cuidado personal e higiene,Cuid-3,Cuid-1-2,254,55700.0,9.15,UN,True,2025-09-10
4380,3703773120582,Officia sint,Bebes y maternidad,Bebe-3,Bebe-1-2,347,249100.0,11.74,UN,True,2025-12-10
4381,8694853074879,Nobis id,Cuidado personal e higiene,Cuid-1,Cuid-1-1,705,182600.0,1.65,UN,True,2025-09-08
4382,8134095140500,Dolore officia,Electronica y tecnologia,Elec-2,Elec-1-2,690,161800.0,19.09,UN,False,2026-02-11
4383,1813617000481,Odit aliquid,Cuidado personal e higiene,Cuid-2,Cuid-1-2,514,182100.0,18.16,UN,True,2025-09-18
4384,5412348109454,Sequi officiis,Alimentos y bebidas,Alim-2,Alim-2-1,85,103300.0,3.84,KG,True,2026-02-06
4385,2553962556149,Quia maxime,Alimentos y bebidas,Alim-3,Alim-2-1,577,196500.0,13.28,UN,True,2025-09-04
4386,4129870109326,Distinctio minima,Alimentos y bebidas,Alim-1,Alim-1-2,368,40400.0,15.87,KG,True,2025-09-26
4387,1529417611146,Exercitationem repudiandae,Hogar y limpieza,Hoga-3,Hoga-3-2,522,198900.0,2.48,UN,True,2026-03-08
4388,8324096526124,Sit at,Hogar y limpieza,Hoga-2,Hoga-2-2,347,235000.0,11.57,UN,True,2025-10-11
4389,1669481001129,Eaque qui,Alimentos y bebidas,Alim-1,Alim-3-1,578,214700.0,17.02,UN,True,2025-12-07
4390,3301679655674,Iste inventore,Hogar y limpieza,Hoga-3,Hoga-2-2,175,185400.0,10.16,UN,True,2025-12-17
4391,3238368414345,Atque et,Cuidado personal e higiene,Cuid-3,Cuid-1-2,117,163500.0,18.48,UN,True,2026-01-20
4392,4622807490530,Cupiditate officia,Electronica y tecnologia,Elec-2,Elec-3-1,176,131200.0,1.0,LT,True,2026-03-10
4393,8905950942818,Sunt totam,Bebes y maternidad,Bebe-3,Bebe-3-2,739,100000.0,18.39,UN,True,2025-11-26
4394,6836257721085,Facilis explicabo,Ropa y calzado basico,Ropa-1,Ropa-2-2,61,216700.0,19.55,UN,True,2026-01-02
4395,7274105915795,Quidem veniam,Bebes y maternidad,Bebe-2,Bebe-2-1,229,162600.0,3.16,UN,True,2026-03-22
4396,8155518495526,Temporibus iusto,Cuidado personal e higiene,Cuid-2,Cuid-2-2,274,109900.0,8.65,KG,True,2025-09-25
4397,9643522173282,Voluptatem cupiditate,Cuidado personal e higiene,Cuid-3,Cuid-2-2,670,196600.0,12.43,UN,True,2025-12-08
4398,4248729802024,Reprehenderit magnam,Ropa y calzado basico,Ropa-2,Ropa-3-1,288,15400.0,17.87,UN,True,2025-11-03
4399,9172651342042,Explicabo hic,Cuidado personal e higiene,Cuid-3,Cuid-2-1,715,203700.0,3.23,UN,True,2026-03-10
4400,5781314562532,Dolores velit,Bebes y maternidad,Bebe-1,Bebe-1-1,791,203100.0,6.71,UN,True,2026-01-04
4401,0302413001132,Et enim,Hogar y limpieza,Hoga-2,Hoga-1-2,521,58700.0,15.97,UN,True,2026-01-11
4402,1464421437781,Facilis facere,Cuidado personal e higiene,Cuid-1,Cuid-1-1,275,11300.0,8.23,UN,True,2025-10-11
4403,0559227702605,Animi doloribus,Bebes y maternidad,Bebe-2,Bebe-1-1,479,179000.0,12.12,UN,True,2026-03-12
4404,4976979987252,Minima quos,Electronica y tecnologia,Elec-1,Elec-2-2,536,51600.0,11.22,KG,True,2025-09-17
4405,6964113507648,Ullam quae,Ropa y calzado basico,Ropa-3,Ropa-3-1,88,249000.0,19.46,UN,False,2025-12-12
4406,9967276339689,Magni iure,Hogar y limpieza,Hoga-1,Hoga-1-1,667,4300.0,2.87,UN,True,2026-01-21
4407,0071194750521,At accusamus,Alimentos y bebidas,Alim-3,Alim-1-2,349,59000.0,18.97,KG,True,2026-02-26
4408,2011270422599,Qui qui,Ropa y calzado basico,Ropa-3,Ropa-1-1,677,12400.0,11.3,UN,False,2025-10-28
4409,3323814331618,Sequi distinctio,Alimentos y bebidas,Alim-2,Alim-2-1,490,196100.0,18.09,KG,True,2025-11-09
4410,6697446970710,Tempora corporis,Electronica y tecnologia,Elec-3,Elec-2-2,689,145500.0,,KG,True,2025-09-11
4411,1989511157870,Numquam consequatur,Hogar y limpieza,Hoga-3,Hoga-2-1,66,212400.0,12.85,UN,True,2026-01-14
4412,2390371558605,A quasi,Ropa y calzado basico,Ropa-1,Ropa-3-2,34,240700.0,16.81,KG,True,2025-10-13
4413,2642362458846,Vel odio,Bebes y maternidad,Bebe-3,Bebe-3-1,90,153300.0,15.75,UN,True,2026-01-05
4414,6937147875083,Harum quidem,Hogar y limpieza,Hoga-2,Hoga-3-2,700,59500.0,0.25,LT,True,2025-09-20
4415,0571178444007,Itaque exercitationem,Bebes y maternidad,Bebe-3,Bebe-3-2,795,25000.0,9.07,KG,True,2025-12-10
4416,2748942443797,Beatae labore,Alimentos y bebidas,Alim-3,Alim-2-2,799,216800.0,2.35,UN,False,2025-12-08
4417,3666044867114,Sed suscipit,Alimentos y bebidas,Alim-3,Alim-2-2,266,62800.0,3.1,UN,True,2025-12-13
4418,8816182773470,Saepe non,Bebes y maternidad,Bebe-2,Bebe-2-2,212,223600.0,14.14,UN,True,2025-11-04
4419,7496784527339,Illo veniam,Electronica y tecnologia,Elec-1,Elec-3-2,280,219800.0,19.13,UN,True,2025-10-08
4420,1881567541354,Nam voluptatem,Hogar y limpieza,Hoga-1,Hoga-1-2,654,157700.0,12.7,UN,True,2026-02-06
4421,4557970790777,Accusamus ratione,Alimentos y bebidas,Alim-1,Alim-1-2,202,151800.0,2.09,UN,True,2026-03-04
4422,0455300173143,Occaecati vero,Cuidado personal e higiene,Cuid-3,Cuid-1-1,438,237800.0,4.92,UN,True,2025-10-29
4423,1272592129851,Deleniti labore,Ropa y calzado basico,Ropa-2,Ropa-2-2,517,189500.0,,UN,True,2025-12-03
4424,6724055525175,Explicabo praesentium,Ropa y calzado basico,Ropa-2,Ropa-3-1,290,171500.0,2.55,UN,False,2025-09-25
4425,7485652642434,Possimus praesentium,Bebes y maternidad,Bebe-2,Bebe-1-2,379,110100.0,16.97,UN,True,2025-10-04
4426,7428220220412,Iure ex,Hogar y limpieza,Hoga-1,Hoga-2-2,533,122000.0,,UN,True,2025-11-13
4427,0649607265209,Quaerat quo,Hogar y limpieza,Hoga-2,Hoga-2-2,633,98500.0,2.63,UN,True,2026-01-22
4428,1487609673726,Cumque odio,Alimentos y bebidas,Alim-2,Alim-3-1,152,236700.0,14.53,UN,True,2026-01-16
4429,5009321956930,Nostrum quidem,Alimentos y bebidas,Alim-3,Alim-1-1,410,160300.0,2.58,LT,True,2026-01-27
4430,2050650696151,Et maxime,Hogar y limpieza,Hoga-1,Hoga-1-2,124,195500.0,8.24,UN,True,2025-09-21
4431,8844523649412,Eaque delectus,Electronica y tecnologia,Elec-3,Elec-2-1,13,11200.0,10.33,UN,True,2025-09-13
4432,1002089676045,Harum optio,Alimentos y bebidas,Alim-1,Alim-2-2,517,213400.0,1.65,LT,True,2025-10-29
4433,0623215175198,Qui beatae,Hogar y limpieza,Hoga-2,Hoga-3-1,387,105600.0,11.14,KG,True,2025-11-09
4434,6792960586536,Culpa accusamus,Electronica y tecnologia,Elec-2,Elec-2-2,208,184800.0,9.63,UN,True,2025-12-15
4435,1434220704315,Ut cumque,Ropa y calzado basico,Ropa-3,Ropa-3-2,45,11900.0,13.38,UN,True,2025-12-29
4436,0772228749954,Nobis distinctio,Bebes y maternidad,Bebe-2,Bebe-1-2,757,223700.0,4.42,KG,True,2025-10-11
4437,8936742860171,Cum sequi,Hogar y limpieza,Hoga-1,Hoga-2-2,662,165600.0,7.16,UN,True,2026-02-15
4438,6787388011135,Quasi reiciendis,Hogar y limpieza,Hoga-2,Hoga-3-2,749,115500.0,13.21,UN,True,2026-01-31
4439,0529238352236,Perferendis facere,Bebes y maternidad,Bebe-2,Bebe-1-1,91,77300.0,0.76,UN,True,2025-11-05
4440,7750448063244,Id nihil,Ropa y calzado basico,Ropa-2,Ropa-3-1,12,79100.0,2.36,UN,True,2026-01-11
4441,4896846041262,Repellendus eligendi,Cuidado personal e higiene,Cuid-1,Cuid-1-1,174,77200.0,5.71,UN,True,2025-11-02
4442,1655427933999,Consectetur nihil,Ropa y calzado basico,Ropa-1,Ropa-2-1,81,34500.0,2.17,LT,True,2025-09-16
4443,7021461690473,Ratione voluptate,Alimentos y bebidas,Alim-2,Alim-1-1,368,117000.0,0.84,LT,True,2026-01-29
4444,6102965441905,Commodi voluptatem,Hogar y limpieza,Hoga-1,Hoga-2-2,517,114500.0,19.75,UN,True,2025-09-21
4445,4377029670504,Laborum veritatis,Cuidado personal e higiene,Cuid-2,Cuid-3-2,157,104200.0,9.14,KG,True,2025-10-17
4446,3562372464561,Veniam aut,Bebes y maternidad,Bebe-1,Bebe-1-2,318,176400.0,,KG,False,2025-11-03
4447,0485119906564,Molestias illo,Alimentos y bebidas,Alim-3,Alim-1-1,432,106100.0,5.14,LT,True,2026-03-02
4448,3226791117858,Sint cum,Bebes y maternidad,Bebe-1,Bebe-2-2,254,24100.0,0.2,KG,True,2025-12-30
4449,1259272916949,Sint ad,Cuidado personal e higiene,Cuid-2,Cuid-1-2,369,213300.0,15.03,KG,True,2026-02-09
4450,2229253841873,Possimus architecto,Alimentos y bebidas,Alim-3,Alim-2-2,473,107400.0,14.49,UN,True,2026-03-04
4451,5761765722457,Suscipit fugit,Electronica y tecnologia,Elec-2,Elec-3-2,763,164500.0,19.45,UN,True,2026-03-01
4452,8836607983345,Hic laboriosam,Ropa y calzado basico,Ropa-1,Ropa-1-2,249,232600.0,0.47,UN,True,2026-01-03
4453,0833783615921,Cum sapiente,Alimentos y bebidas,Alim-1,Alim-2-1,71,192300.0,2.78,UN,True,2025-11-13
4454,6686680807951,Voluptas minus,Alimentos y bebidas,Alim-2,Alim-2-1,695,135600.0,14.26,LT,False,2025-11-23
4455,6530002275099,Illo repellat,Alimentos y bebidas,Alim-1,Alim-1-2,462,137200.0,6.63,LT,True,2025-10-07
4456,3604709280335,Ducimus excepturi,Hogar y limpieza,Hoga-3,Hoga-1-1,378,212700.0,1.32,KG,True,2025-12-30
4457,7142137472794,Alias modi,Alimentos y bebidas,Alim-3,Alim-3-1,577,206300.0,6.05,KG,True,2025-12-30
4458,3922689495427,Voluptate nisi,Ropa y calzado basico,Ropa-3,Ropa-2-2,785,46300.0,1.8,UN,True,2026-03-17
4459,7629336983240,At sint,Alimentos y bebidas,Alim-3,Alim-3-1,103,157400.0,16.76,UN,True,2025-10-11
4460,0728195981613,Accusantium cum,Ropa y calzado basico,Ropa-2,Ropa-2-1,689,216700.0,17.54,UN,True,2026-02-02
4461,8098098804091,Perferendis ullam,Bebes y maternidad,Bebe-1,Bebe-2-1,510,201200.0,12.76,UN,True,2025-10-27
4462,3362724452273,Fugit quas,Ropa y calzado basico,Ropa-2,Ropa-3-1,469,32900.0,7.74,KG,True,2025-09-19
4463,5942673272221,Impedit dolorem,Bebes y maternidad,Bebe-1,Bebe-3-1,692,110100.0,15.39,UN,True,2025-11-23
4464,1553250169939,Ipsum dolorem,Bebes y maternidad,Bebe-3,Bebe-3-1,244,130500.0,12.65,UN,True,2026-03-15
4465,2974511651601,Fugiat nemo,Alimentos y bebidas,Alim-2,Alim-1-1,631,65900.0,15.85,UN,False,2025-12-05
4466,8624951339662,Officiis cumque,Hogar y limpieza,Hoga-2,Hoga-3-2,457,170500.0,10.24,UN,True,2025-10-11
4467,0575296647111,Sapiente esse,Ropa y calzado basico,Ropa-3,Ropa-3-2,749,120100.0,19.17,KG,True,2025-11-07
4468,8132072391914,Assumenda modi,Hogar y limpieza,Hoga-2,Hoga-3-2,375,75800.0,5.84,KG,True,2026-01-20
4469,8465506369853,Totam impedit,Ropa y calzado basico,Ropa-2,Ropa-3-2,577,85500.0,12.1,UN,True,2025-10-30
4470,1676559991961,Placeat eius,Ropa y calzado basico,Ropa-1,Ropa-3-2,398,214500.0,16.17,KG,True,2025-10-20
4471,6976022364496,Voluptas repellendus,Bebes y maternidad,Bebe-1,Bebe-2-2,316,216800.0,17.88,UN,True,2025-10-23
4472,9514370434248,Alias quia,Cuidado personal e higiene,Cuid-1,Cuid-3-2,301,203500.0,18.94,UN,True,2025-09-20
4473,9162631777445,Perferendis libero,Hogar y limpieza,Hoga-2,Hoga-3-2,737,228600.0,7.93,UN,True,2026-01-20
4474,2221242197381,Earum laboriosam,Alimentos y bebidas,Alim-3,Alim-3-2,671,238200.0,14.0,KG,True,2025-11-07
4475,1903473175109,Quibusdam ullam,Cuidado personal e higiene,Cuid-1,Cuid-3-2,181,124000.0,5.84,LT,True,2025-11-04
4476,2958385083324,Recusandae ratione,Cuidado personal e higiene,Cuid-2,Cuid-1-2,693,26000.0,13.01,UN,True,2025-11-08
4477,7104535135633,Enim dolorem,Hogar y limpieza,Hoga-1,Hoga-2-2,467,200400.0,3.73,KG,True,2026-01-20
4478,4317191633549,Fugit eos,Hogar y limpieza,Hoga-1,Hoga-2-1,84,159100.0,8.46,KG,True,2026-02-25
4479,7154338254178,Iure vel,Bebes y maternidad,Bebe-1,Bebe-3-2,613,96400.0,18.41,LT,True,2026-01-30
4480,6892206829943,Sed magni,Ropa y calzado basico,Ropa-2,Ropa-3-1,130,243900.0,16.23,UN,True,2025-12-26
4481,5802845718691,Cum ex,Ropa y calzado basico,Ropa-2,Ropa-3-1,698,86000.0,9.96,UN,True,2026-01-24
4482,1981625499310,Eaque et,Alimentos y bebidas,Alim-2,Alim-3-1,364,227100.0,2.98,UN,True,2025-10-19
4483,4536513386134,Atque nemo,Hogar y limpieza,Hoga-2,Hoga-2-2,734,149000.0,8.0,LT,True,2026-03-05
4484,6746161605435,Saepe minima,Ropa y calzado basico,Ropa-2,Ropa-1-1,387,11100.0,2.82,UN,True,2026-01-04
4485,3707367127476,Fugiat eius,Cuidado personal e higiene,Cuid-1,Cuid-2-2,68,215400.0,1.42,UN,True,2026-03-13
4486,0695312178945,Deleniti exercitationem,Hogar y limpieza,Hoga-3,Hoga-3-1,614,191000.0,18.13,LT,True,2025-10-27
4487,0697296720417,Ducimus harum,Ropa y calzado basico,Ropa-2,Ropa-2-1,581,161300.0,9.85,UN,True,2025-10-03
4488,8629319167871,Nesciunt reiciendis,Ropa y calzado basico,Ropa-1,Ropa-3-2,242,154400.0,,UN,True,2026-01-24
4489,5864740192556,Est laudantium,Bebes y maternidad,Bebe-2,Bebe-3-1,164,56300.0,14.35,LT,True,2025-11-07
4490,3175504616143,Magnam cupiditate,Hogar y limpieza,Hoga-2,Hoga-2-2,692,55200.0,1.53,UN,True,2025-10-15
4491,3840397267542,Nihil sint,Hogar y limpieza,Hoga-3,Hoga-3-1,624,9200.0,7.95,UN,True,2026-02-08
4492,5769094142502,Praesentium quod,Hogar y limpieza,Hoga-1,Hoga-2-2,239,40200.0,4.64,UN,False,2025-12-19
4493,9563603855282,Quas earum,Ropa y calzado basico,Ropa-3,Ropa-2-1,561,85400.0,3.33,UN,True,2026-02-07
4494,8231329967831,Unde praesentium,Hogar y limpieza,Hoga-2,Hoga-1-1,193,136100.0,10.69,UN,True,2025-10-22
4495,4358599197769,Pariatur perspiciatis,Hogar y limpieza,Hoga-1,Hoga-1-1,146,34400.0,14.41,UN,True,2025-09-18
4496,3858692254372,Dolore asperiores,Cuidado personal e higiene,Cuid-2,Cuid-1-1,532,140300.0,9.77,UN,True,2025-11-24
4497,6366287117164,Inventore eum,Hogar y limpieza,Hoga-3,Hoga-2-1,667,67300.0,16.43,UN,True,2026-03-15
4498,5359553945067,Recusandae praesentium,Cuidado personal e higiene,Cuid-1,Cuid-1-2,735,65000.0,18.35,KG,True,2025-12-30
4499,9895829486309,Cumque provident,Electronica y tecnologia,Elec-3,Elec-2-2,370,237100.0,,UN,True,2026-02-22
4500,9972855417931,Quam quo,Bebes y maternidad,Bebe-3,Bebe-2-2,115,248100.0,19.13,KG,True,2026-02-19
4501,9431491421547,Veritatis fugit,Ropa y calzado basico,Ropa-3,Ropa-2-2,436,203200.0,18.58,LT,True,2026-03-02
4502,4096762428578,Dicta omnis,Hogar y limpieza,Hoga-1,Hoga-3-2,545,15500.0,16.66,KG,True,2025-12-04
4503,4040527703547,Culpa minus,Bebes y maternidad,Bebe-2,Bebe-2-1,778,182700.0,5.89,UN,True,2025-10-14
4504,7663077997517,Soluta nisi,Bebes y maternidad,Bebe-2,Bebe-1-1,90,46200.0,3.53,UN,True,2026-03-02
4505,0906519407234,Ipsam nesciunt,Hogar y limpieza,Hoga-2,Hoga-3-1,526,143200.0,14.55,UN,True,2025-12-13
4506,4615041170825,Id libero,Ropa y calzado basico,Ropa-3,Ropa-3-2,410,223600.0,16.92,UN,True,2025-11-07
4507,9220925139000,Magni esse,Hogar y limpieza,Hoga-1,Hoga-2-2,471,96300.0,16.47,UN,True,2025-12-01
4508,2950114747293,Sapiente dolorem,Bebes y maternidad,Bebe-2,Bebe-3-1,75,232400.0,12.89,LT,True,2026-02-07
4509,9055523783900,Quasi facilis,Hogar y limpieza,Hoga-3,Hoga-1-1,14,177700.0,16.61,UN,True,2025-11-15
4510,4975745684425,Ad enim,Cuidado personal e higiene,Cuid-3,Cuid-3-1,486,76700.0,14.16,UN,True,2026-02-17
4511,6333388465197,Fugiat placeat,Alimentos y bebidas,Alim-2,Alim-1-1,160,25500.0,13.32,KG,True,2025-10-19
4512,0348308241306,Non sapiente,Bebes y maternidad,Bebe-3,Bebe-2-1,492,204200.0,0.98,LT,False,2025-11-06
4513,1606449035932,Natus in,Cuidado personal e higiene,Cuid-2,Cuid-1-1,22,115600.0,9.24,KG,False,2025-10-01
4514,4177334307184,Maxime voluptate,Ropa y calzado basico,Ropa-2,Ropa-3-2,642,20000.0,0.73,UN,True,2026-02-25
4515,2182160639233,Fugiat inventore,Alimentos y bebidas,Alim-2,Alim-1-1,267,27600.0,1.89,UN,True,2026-02-25
4516,1867811080237,A nesciunt,Electronica y tecnologia,Elec-1,Elec-1-1,361,241800.0,10.84,UN,True,2025-10-15
4517,8836970257951,Mollitia quas,Hogar y limpieza,Hoga-1,Hoga-1-2,276,62300.0,1.0,UN,True,2025-12-19
4518,3564411935476,Saepe rerum,Hogar y limpieza,Hoga-3,Hoga-3-2,335,241700.0,18.27,UN,False,2026-02-09
4519,2863996240236,In distinctio,Cuidado personal e higiene,Cuid-1,Cuid-1-2,425,170900.0,9.03,KG,False,2026-01-02
4520,8492031759149,Laboriosam esse,Alimentos y bebidas,Alim-2,Alim-2-1,517,76500.0,14.01,UN,True,2026-01-11
4521,5090903957285,Dolorem quam,Hogar y limpieza,Hoga-2,Hoga-1-2,552,97200.0,3.0,LT,True,2025-10-26
4522,6939539106737,Eaque nam,Hogar y limpieza,Hoga-2,Hoga-3-2,793,194700.0,16.96,UN,True,2025-09-09
4523,3382765348021,Repellendus eveniet,Ropa y calzado basico,Ropa-2,Ropa-1-2,144,110000.0,9.59,UN,True,2026-03-10
4524,4966899238589,Ab sunt,Hogar y limpieza,Hoga-3,Hoga-3-1,698,20500.0,11.2,KG,True,2026-03-05
4525,5520101544487,Quod aliquam,Cuidado personal e higiene,Cuid-3,Cuid-1-1,482,59000.0,12.99,UN,True,2026-03-10
4526,4792074051878,Aut consequuntur,Cuidado personal e higiene,Cuid-3,Cuid-1-2,248,215400.0,10.82,UN,True,2025-09-12
4527,0322177599027,Tenetur velit,Electronica y tecnologia,Elec-2,Elec-1-1,734,174700.0,11.29,UN,True,2026-01-16
4528,5498391032048,Quis porro,Hogar y limpieza,Hoga-3,Hoga-1-2,566,126300.0,14.9,UN,True,2025-10-24
4529,1037281029726,Doloribus cum,Bebes y maternidad,Bebe-2,Bebe-2-2,149,62900.0,16.14,UN,True,2025-11-07
4530,9575512637002,Totam eaque,Hogar y limpieza,Hoga-2,Hoga-1-2,140,119700.0,6.16,KG,True,2025-11-25
4531,7963302251767,Reiciendis quisquam,Electronica y tecnologia,Elec-3,Elec-3-2,528,197600.0,18.44,UN,True,2025-10-20
4532,6689921274628,Eaque ad,Alimentos y bebidas,Alim-3,Alim-2-1,584,22200.0,7.11,LT,True,2025-12-31
4533,1334595829562,Doloremque amet,Cuidado personal e higiene,Cuid-1,Cuid-1-2,37,248700.0,5.48,KG,True,2026-01-01
4534,5621929590998,Voluptate aliquam,Bebes y maternidad,Bebe-3,Bebe-2-1,503,215200.0,6.26,KG,False,2026-03-08
4535,4414753763789,Libero nobis,Hogar y limpieza,Hoga-3,Hoga-1-1,425,80900.0,7.2,KG,True,2026-02-17
4536,2564858647667,Sunt tenetur,Hogar y limpieza,Hoga-3,Hoga-1-2,776,217900.0,6.37,KG,True,2026-01-22
4537,9557705186504,Laboriosam occaecati,Electronica y tecnologia,Elec-3,Elec-1-1,594,171100.0,16.88,UN,True,2026-03-16
4538,6799645115906,Doloremque vel,Alimentos y bebidas,Alim-3,Alim-1-2,728,167300.0,11.24,LT,True,2025-11-28
4539,5925687042646,Eligendi quidem,Electronica y tecnologia,Elec-1,Elec-1-2,28,36600.0,19.35,UN,True,2025-09-17
4540,6979508046602,Nobis vel,Hogar y limpieza,Hoga-1,Hoga-3-2,612,226700.0,1.72,UN,True,2026-02-26
4541,6382850416274,Cupiditate nemo,Alimentos y bebidas,Alim-1,Alim-3-2,267,113700.0,12.3,UN,True,2025-11-09
4542,5020922521235,Architecto autem,Hogar y limpieza,Hoga-1,Hoga-3-2,443,201200.0,1.97,UN,True,2025-12-02
4543,8029446276352,Quisquam nobis,Hogar y limpieza,Hoga-1,Hoga-1-2,703,76300.0,9.2,UN,True,2025-11-21
4544,1487497151290,Atque repellendus,Cuidado personal e higiene,Cuid-2,Cuid-3-2,696,78400.0,7.69,LT,True,2026-03-05
4545,5458938533582,Corrupti exercitationem,Electronica y tecnologia,Elec-1,Elec-2-1,181,241200.0,13.63,UN,True,2025-11-16
4546,4999916953592,Non veritatis,Ropa y calzado basico,Ropa-1,Ropa-1-1,193,125200.0,14.92,UN,True,2026-01-18
4547,5228751209014,Fugit assumenda,Cuidado personal e higiene,Cuid-2,Cuid-3-2,579,16900.0,4.8,UN,True,2026-01-15
4548,8174973111499,Voluptas neque,Bebes y maternidad,Bebe-3,Bebe-1-2,703,209300.0,3.91,UN,True,2025-12-24
4549,6336098910506,Rerum iusto,Electronica y tecnologia,Elec-1,Elec-2-1,490,58400.0,,UN,True,2025-12-22
4550,4596197400595,Quis aliquid,Ropa y calzado basico,Ropa-2,Ropa-3-1,44,219900.0,4.88,UN,True,2025-09-18
4551,7583445942102,Magni autem,Alimentos y bebidas,Alim-2,Alim-2-2,131,229300.0,13.55,KG,True,2026-03-01
4552,4208418286542,Quam ipsa,Ropa y calzado basico,Ropa-3,Ropa-2-2,600,20000.0,10.38,UN,False,2025-11-09
4553,9078725505415,Aperiam impedit,Hogar y limpieza,Hoga-1,Hoga-2-2,594,146400.0,16.55,UN,True,2025-10-18
4554,5190937577074,Temporibus possimus,Ropa y calzado basico,Ropa-3,Ropa-1-1,718,245400.0,19.63,UN,True,2025-10-17
4555,9606169413517,Placeat excepturi,Ropa y calzado basico,Ropa-1,Ropa-3-1,426,232900.0,7.59,UN,True,2025-11-22
4556,2848369559580,Libero amet,Cuidado personal e higiene,Cuid-1,Cuid-1-1,343,132300.0,18.24,UN,True,2026-01-06
4557,2770699226910,Ex cumque,Cuidado personal e higiene,Cuid-1,Cuid-1-2,90,170800.0,15.55,UN,True,2025-12-21
4558,5694906082762,Quam quia,Alimentos y bebidas,Alim-3,Alim-1-1,626,151900.0,3.03,UN,True,2026-02-18
4559,1002351209452,Incidunt repudiandae,Electronica y tecnologia,Elec-1,Elec-3-1,760,52400.0,16.73,UN,True,2026-02-14
4560,9691573494382,Officia impedit,Ropa y calzado basico,Ropa-3,Ropa-3-1,37,163900.0,9.66,UN,True,2025-11-10
4561,5633759849139,At molestias,Hogar y limpieza,Hoga-3,Hoga-2-2,394,84600.0,,UN,False,2026-02-15
4562,8787018811133,Et ducimus,Alimentos y bebidas,Alim-3,Alim-3-1,285,85800.0,14.07,UN,True,2026-01-18
4563,3795233143248,Doloremque qui,Cuidado personal e higiene,Cuid-1,Cuid-1-2,597,106200.0,17.73,UN,True,2026-02-22
4564,1707127879630,Ipsam libero,Hogar y limpieza,Hoga-1,Hoga-3-2,611,213300.0,15.24,KG,False,2025-09-04
4565,3879081322083,Nemo et,Bebes y maternidad,Bebe-1,Bebe-1-2,175,61100.0,16.5,UN,True,2025-12-16
4566,2204484351971,Eum nisi,Alimentos y bebidas,Alim-3,Alim-2-1,762,64200.0,6.45,KG,True,2026-01-07
4567,8816495710421,Nemo ut,Hogar y limpieza,Hoga-1,Hoga-1-1,110,3800.0,19.46,UN,False,2025-10-22
4568,5990028422418,Ab ea,Electronica y tecnologia,Elec-2,Elec-3-1,625,40400.0,,UN,True,2026-01-13
4569,7018313774344,Et iusto,Cuidado personal e higiene,Cuid-2,Cuid-3-2,594,244700.0,15.49,UN,True,2026-01-27
4570,0305792517331,Dignissimos consectetur,Bebes y maternidad,Bebe-3,Bebe-2-2,130,109600.0,17.18,LT,True,2025-10-01
4571,3581368220158,Praesentium suscipit,Bebes y maternidad,Bebe-2,Bebe-1-2,540,50400.0,2.52,UN,True,2026-03-13
4572,2979685462114,Rem unde,Hogar y limpieza,Hoga-2,Hoga-1-1,217,241500.0,6.76,KG,False,2026-03-12
4573,6700620821248,Deleniti corrupti,Ropa y calzado basico,Ropa-3,Ropa-2-2,220,8700.0,16.73,KG,True,2025-10-31
4574,0766453629211,Cumque quos,Ropa y calzado basico,Ropa-3,Ropa-1-2,70,122100.0,18.44,UN,True,2025-10-13
4575,3501134496891,Doloribus quibusdam,Ropa y calzado basico,Ropa-2,Ropa-1-2,598,201500.0,15.13,UN,True,2025-10-13
4576,5092918489942,Rem atque,Cuidado personal e higiene,Cuid-2,Cuid-2-2,647,193700.0,9.67,UN,True,2025-09-11
4577,5494972547208,Expedita aliquam,Alimentos y bebidas,Alim-2,Alim-2-2,404,48900.0,5.06,KG,True,2025-09-08
4578,4744217563946,Voluptates iste,Hogar y limpieza,Hoga-3,Hoga-3-1,621,177500.0,10.52,UN,False,2025-11-05
4579,9046514444658,Aut adipisci,Alimentos y bebidas,Alim-2,Alim-2-2,279,156300.0,7.98,LT,True,2026-01-15
4580,7481452528886,Dolor odit,Cuidado personal e higiene,Cuid-2,Cuid-2-2,453,169500.0,17.72,UN,True,2026-01-18
4581,6465089304311,Blanditiis similique,Electronica y tecnologia,Elec-3,Elec-2-2,630,68000.0,11.37,KG,True,2025-12-22
4582,7842139136990,Ad libero,Electronica y tecnologia,Elec-3,Elec-1-1,345,203100.0,7.87,UN,True,2026-01-12
4583,7548393777275,Temporibus quasi,Cuidado personal e higiene,Cuid-2,Cuid-2-1,494,140700.0,9.99,UN,True,2025-09-30
4584,1542241250381,Commodi fuga,Alimentos y bebidas,Alim-1,Alim-3-1,117,181800.0,18.67,UN,True,2026-03-21
4585,3412472237209,Officia sunt,Cuidado personal e higiene,Cuid-1,Cuid-1-1,406,235000.0,12.28,LT,False,2025-10-13
4586,7419753700632,Repellat nihil,Hogar y limpieza,Hoga-2,Hoga-1-2,681,214200.0,4.62,UN,True,2025-11-16
4587,2399887733520,Vel asperiores,Ropa y calzado basico,Ropa-3,Ropa-3-1,619,196000.0,10.03,KG,True,2026-01-14
4588,1085837558268,Voluptatum iusto,Hogar y limpieza,Hoga-3,Hoga-2-1,241,73800.0,9.34,UN,False,2025-09-29
4589,3218945108850,Minus deserunt,Cuidado personal e higiene,Cuid-3,Cuid-2-2,436,15400.0,6.24,UN,True,2025-11-30
4590,8998181199427,Exercitationem esse,Electronica y tecnologia,Elec-1,Elec-3-2,496,144500.0,14.74,UN,True,2026-03-09
4591,8178342064331,Amet rerum,Alimentos y bebidas,Alim-2,Alim-2-1,751,10600.0,5.4,KG,True,2025-10-20
4592,9553433497196,Facere officia,Cuidado personal e higiene,Cuid-3,Cuid-1-2,664,179100.0,9.88,UN,True,2026-01-05
4593,7204093242436,Repellat voluptatum,Alimentos y bebidas,Alim-3,Alim-3-2,655,184700.0,8.85,KG,False,2026-01-03
4594,0091731633247,Odio necessitatibus,Electronica y tecnologia,Elec-1,Elec-3-1,603,141600.0,9.36,KG,True,2025-09-19
4595,3087244783903,Quam qui,Hogar y limpieza,Hoga-3,Hoga-1-2,287,43700.0,11.36,LT,True,2025-09-14
4596,7121257989696,Labore fugiat,Electronica y tecnologia,Elec-1,Elec-1-1,302,219200.0,13.68,UN,True,2025-10-03
4597,1024198272444,Eius facilis,Electronica y tecnologia,Elec-1,Elec-3-1,372,149800.0,2.9,UN,True,2025-09-07
4598,9520769915281,Temporibus molestiae,Hogar y limpieza,Hoga-3,Hoga-2-2,341,129700.0,5.8,UN,False,2025-12-19
4599,3119778951661,Harum itaque,Bebes y maternidad,Bebe-3,Bebe-2-2,766,142800.0,15.47,UN,True,2025-10-26
4600,5018005440276,Quae dolor,Bebes y maternidad,Bebe-3,Bebe-2-2,701,22600.0,18.16,UN,True,2026-01-01
4601,7601231625753,Similique iste,Alimentos y bebidas,Alim-2,Alim-3-1,717,185600.0,0.94,KG,False,2025-10-31
4602,1000366857439,Facilis necessitatibus,Bebes y maternidad,Bebe-2,Bebe-2-2,487,17100.0,1.51,UN,True,2025-11-13
4603,9738471845813,Enim perferendis,Cuidado personal e higiene,Cuid-2,Cuid-1-1,153,145400.0,18.68,UN,True,2025-09-24
4604,6302129182365,Eos expedita,Cuidado personal e higiene,Cuid-2,Cuid-1-1,115,44000.0,3.0,UN,True,2026-02-10
4605,3725112980312,Est accusamus,Electronica y tecnologia,Elec-2,Elec-2-2,220,53500.0,19.59,KG,True,2025-09-26
4606,0262370506746,Animi et,Alimentos y bebidas,Alim-1,Alim-3-2,521,59800.0,16.57,UN,True,2026-03-05
4607,8252292546540,Ab fugit,Hogar y limpieza,Hoga-3,Hoga-2-1,292,5500.0,2.46,KG,True,2025-10-07
4608,7631691455904,Odit consequuntur,Cuidado personal e higiene,Cuid-2,Cuid-2-2,525,223200.0,2.1,UN,True,2026-03-21
4609,3653542372462,Modi vel,Hogar y limpieza,Hoga-2,Hoga-3-2,704,201500.0,19.55,UN,True,2026-01-26
4610,6762267617479,Necessitatibus distinctio,Ropa y calzado basico,Ropa-3,Ropa-2-1,268,9800.0,5.13,LT,False,2026-02-15
4611,9045522420593,Ex id,Bebes y maternidad,Bebe-2,Bebe-2-1,742,16100.0,10.8,UN,True,2026-02-12
4612,6425497806432,Totam dolorum,Cuidado personal e higiene,Cuid-2,Cuid-1-1,410,196200.0,4.76,UN,True,2025-12-02
4613,7196034897310,Maiores expedita,Electronica y tecnologia,Elec-1,Elec-3-1,642,3700.0,12.03,LT,True,2025-10-10
4614,1601565399524,Tenetur aperiam,Hogar y limpieza,Hoga-1,Hoga-3-1,48,118300.0,16.81,UN,True,2026-01-17
4615,1154240150434,Cumque debitis,Hogar y limpieza,Hoga-2,Hoga-3-1,221,28600.0,13.16,UN,True,2026-01-13
4616,7908680883582,Tempora qui,Electronica y tecnologia,Elec-2,Elec-1-1,745,148700.0,0.98,LT,True,2026-02-12
4617,5583645487597,Suscipit commodi,Bebes y maternidad,Bebe-3,Bebe-2-2,710,249600.0,11.92,UN,True,2025-10-20
4618,7997425429048,Rerum illo,Hogar y limpieza,Hoga-3,Hoga-1-2,457,44700.0,13.24,LT,True,2026-02-14
4619,3682756849781,Accusantium a,Alimentos y bebidas,Alim-3,Alim-3-1,27,239300.0,4.06,KG,True,2026-02-27
4620,5078672530816,Corrupti commodi,Bebes y maternidad,Bebe-2,Bebe-1-2,48,216600.0,15.25,UN,True,2026-01-28
4621,5808678945112,Deleniti repudiandae,Bebes y maternidad,Bebe-1,Bebe-2-2,339,246500.0,12.56,UN,True,2025-10-27
4622,9324671999274,Laborum deleniti,Cuidado personal e higiene,Cuid-3,Cuid-3-2,719,192000.0,0.24,UN,True,2025-10-23
4623,5237100295967,Asperiores placeat,Electronica y tecnologia,Elec-3,Elec-1-2,303,214500.0,19.01,UN,True,2025-09-29
4624,3518757053202,Ut provident,Bebes y maternidad,Bebe-2,Bebe-2-2,708,149500.0,8.94,UN,True,2026-02-16
4625,9361301446418,Corporis quidem,Electronica y tecnologia,Elec-3,Elec-1-1,429,217100.0,4.69,KG,True,2025-11-30
4626,9729410367589,Possimus unde,Hogar y limpieza,Hoga-3,Hoga-2-2,108,29700.0,1.77,LT,True,2025-11-04
4627,0693289401172,Illum consequuntur,Bebes y maternidad,Bebe-2,Bebe-3-2,449,185900.0,7.52,LT,True,2025-10-04
4628,1303709718467,Incidunt molestiae,Ropa y calzado basico,Ropa-1,Ropa-2-1,292,157900.0,,LT,True,2025-12-11
4629,7908773731691,Laudantium nesciunt,Electronica y tecnologia,Elec-1,Elec-3-1,181,16800.0,5.99,UN,True,2025-10-13
4630,2759274601007,Nesciunt totam,Alimentos y bebidas,Alim-3,Alim-1-2,541,74300.0,15.87,UN,True,2026-02-18
4631,6977400970186,Ex odio,Hogar y limpieza,Hoga-2,Hoga-2-1,164,55600.0,12.94,UN,True,2025-11-10
4632,3256618061088,Aperiam possimus,Ropa y calzado basico,Ropa-1,Ropa-3-1,725,102500.0,2.7,UN,True,2025-12-02
4633,5370070010229,Amet suscipit,Cuidado personal e higiene,Cuid-1,Cuid-3-1,643,51200.0,14.18,LT,True,2026-01-14
4634,2126839051018,Facilis voluptas,Electronica y tecnologia,Elec-3,Elec-1-1,626,70200.0,14.48,KG,True,2026-01-21
4635,1816934910679,Ex tempore,Electronica y tecnologia,Elec-1,Elec-3-2,61,75400.0,10.31,KG,True,2025-09-27
4636,6987101494119,Unde pariatur,Alimentos y bebidas,Alim-1,Alim-3-1,769,150800.0,19.92,UN,True,2025-09-19
4637,6328225196426,Earum odit,Electronica y tecnologia,Elec-2,Elec-3-1,395,35400.0,5.71,UN,True,2025-10-30
4638,9586167211707,Voluptatibus maxime,Ropa y calzado basico,Ropa-2,Ropa-2-2,587,61800.0,1.22,UN,True,2026-01-31
4639,2544965502424,Beatae facere,Cuidado personal e higiene,Cuid-3,Cuid-1-1,154,80700.0,0.62,UN,True,2026-02-22
4640,1825480575959,Ex minima,Electronica y tecnologia,Elec-3,Elec-1-2,615,113400.0,6.44,UN,True,2026-03-17
4641,0242426335230,Excepturi iste,Ropa y calzado basico,Ropa-2,Ropa-2-1,256,11400.0,9.98,KG,True,2025-10-28
4642,1754877132027,Laudantium fuga,Alimentos y bebidas,Alim-1,Alim-2-2,566,249800.0,1.61,UN,True,2026-02-03
4643,0613920318676,Nobis doloremque,Electronica y tecnologia,Elec-3,Elec-1-2,222,76500.0,11.34,KG,True,2025-10-07
4644,6744822878075,Debitis dolor,Cuidado personal e higiene,Cuid-2,Cuid-1-1,746,73300.0,18.02,KG,True,2025-10-11
4645,3900496309663,Vero quidem,Hogar y limpieza,Hoga-3,Hoga-2-1,567,139600.0,15.95,UN,True,2025-12-19
4646,6762960296490,Voluptatum in,Electronica y tecnologia,Elec-2,Elec-2-1,362,213800.0,13.47,UN,True,2025-09-23
4647,9104716495455,Officia necessitatibus,Alimentos y bebidas,Alim-1,Alim-2-2,365,115300.0,13.25,KG,True,2025-09-10
4648,8446577137152,Molestias amet,Alimentos y bebidas,Alim-3,Alim-2-2,1,63700.0,14.62,LT,True,2026-03-22
4649,3427893287320,Aspernatur similique,Hogar y limpieza,Hoga-1,Hoga-1-1,240,142300.0,9.91,UN,True,2026-02-11
4650,2766548427492,Placeat inventore,Bebes y maternidad,Bebe-3,Bebe-3-1,632,121800.0,8.07,UN,True,2026-01-17
4651,4645403002143,Repellat a,Alimentos y bebidas,Alim-3,Alim-2-2,666,106900.0,6.17,UN,True,2025-10-18
4652,3665945388230,Repellat consectetur,Ropa y calzado basico,Ropa-1,Ropa-1-2,800,246000.0,2.04,UN,False,2025-09-19
4653,2345335668227,Tenetur dolor,Alimentos y bebidas,Alim-3,Alim-2-2,69,249000.0,11.27,UN,True,2025-09-30
4654,8965754920399,Modi corrupti,Hogar y limpieza,Hoga-1,Hoga-2-1,201,141400.0,9.48,UN,True,2025-11-27
4655,8013376191571,Sequi et,Hogar y limpieza,Hoga-2,Hoga-2-1,614,18900.0,2.42,UN,True,2026-02-12
4656,7014111581627,Minima quos,Hogar y limpieza,Hoga-2,Hoga-2-2,290,142600.0,5.4,UN,True,2025-12-31
4657,3153942811580,Consequuntur maxime,Alimentos y bebidas,Alim-2,Alim-2-1,199,238200.0,15.75,UN,True,2026-02-19
4658,7650916397508,Consequuntur in,Ropa y calzado basico,Ropa-2,Ropa-3-1,226,231600.0,5.15,UN,True,2026-03-04
4659,5792151098108,Consequatur quisquam,Cuidado personal e higiene,Cuid-2,Cuid-1-1,735,55400.0,8.54,KG,True,2026-01-28
4660,0944300277321,Maxime soluta,Ropa y calzado basico,Ropa-2,Ropa-1-1,687,49100.0,3.27,UN,True,2025-09-23
4661,0656942763802,In aspernatur,Electronica y tecnologia,Elec-3,Elec-1-2,5,39800.0,3.44,UN,True,2025-10-20
4662,8263267631147,Aspernatur ipsa,Electronica y tecnologia,Elec-1,Elec-2-1,673,205300.0,15.14,UN,True,2025-11-10
4663,3107539871419,Quaerat sed,Cuidado personal e higiene,Cuid-3,Cuid-2-2,446,123500.0,1.38,UN,True,2025-12-18
4664,4264293064613,Natus iusto,Electronica y tecnologia,Elec-1,Elec-3-1,676,85800.0,5.74,UN,True,2026-02-09
4665,4383816742897,Nostrum ab,Bebes y maternidad,Bebe-1,Bebe-1-2,498,82600.0,19.62,KG,True,2026-03-16
4666,5405847438941,Quod explicabo,Bebes y maternidad,Bebe-3,Bebe-2-2,551,70300.0,9.54,UN,False,2026-03-19
4667,7528972459792,Molestiae recusandae,Bebes y maternidad,Bebe-1,Bebe-1-1,462,220900.0,12.14,UN,True,2025-12-08
4668,8982245540423,Maxime fugit,Cuidado personal e higiene,Cuid-3,Cuid-2-1,588,103600.0,12.83,UN,True,2026-03-21
4669,1001499611776,Velit fugit,Electronica y tecnologia,Elec-1,Elec-3-2,653,62500.0,3.96,KG,True,2026-03-12
4670,8545390579863,Saepe ipsam,Hogar y limpieza,Hoga-1,Hoga-1-2,407,178200.0,7.42,UN,True,2025-10-07
4671,6269233953000,Minus voluptates,Bebes y maternidad,Bebe-3,Bebe-2-2,90,159600.0,8.04,UN,True,2026-01-17
4672,2553952563775,Recusandae omnis,Bebes y maternidad,Bebe-1,Bebe-2-2,75,179400.0,4.65,UN,True,2025-11-30
4673,3125245870137,Officiis magni,Bebes y maternidad,Bebe-3,Bebe-3-1,333,205800.0,4.72,KG,True,2026-02-19
4674,1117517335835,Maxime nobis,Alimentos y bebidas,Alim-2,Alim-1-2,379,27100.0,12.18,KG,True,2026-02-24
4675,6249215156940,Atque dolorem,Cuidado personal e higiene,Cuid-3,Cuid-3-1,691,2500.0,2.21,UN,True,2025-10-12
4676,4387871713595,Exercitationem illum,Ropa y calzado basico,Ropa-3,Ropa-3-1,27,14500.0,2.63,UN,True,2026-01-02
4677,3589105482562,Ad aperiam,Ropa y calzado basico,Ropa-1,Ropa-3-2,711,177300.0,11.49,KG,True,2026-03-08
4678,2739643316121,Beatae voluptatem,Hogar y limpieza,Hoga-1,Hoga-1-1,45,233800.0,9.01,UN,True,2026-01-15
4679,0992868784270,Itaque deleniti,Alimentos y bebidas,Alim-2,Alim-2-2,399,84100.0,12.26,UN,True,2026-02-21
4680,7515367209759,Dolorum similique,Alimentos y bebidas,Alim-3,Alim-1-2,339,195700.0,0.59,KG,True,2026-01-26
4681,0669912856855,Alias impedit,Ropa y calzado basico,Ropa-1,Ropa-3-1,447,182800.0,14.11,UN,True,2026-02-08
4682,9441649331116,Alias suscipit,Hogar y limpieza,Hoga-1,Hoga-2-1,34,244600.0,,UN,True,2026-02-20
4683,5685402621807,Commodi magnam,Hogar y limpieza,Hoga-2,Hoga-1-1,612,118800.0,10.51,UN,True,2026-03-11
4684,6036323518520,Alias perspiciatis,Ropa y calzado basico,Ropa-1,Ropa-1-1,108,43200.0,16.82,UN,True,2025-10-13
4685,2916561307398,Non doloremque,Alimentos y bebidas,Alim-1,Alim-3-1,624,191800.0,8.02,UN,True,2026-02-08
4686,8714845443008,Rerum fugit,Ropa y calzado basico,Ropa-1,Ropa-3-1,454,205100.0,1.62,UN,True,2025-11-19
4687,7457774146510,Dolores adipisci,Cuidado personal e higiene,Cuid-3,Cuid-2-2,711,177400.0,7.58,UN,True,2025-12-28
4688,8316332533638,Consequuntur dignissimos,Bebes y maternidad,Bebe-3,Bebe-2-1,784,216100.0,8.96,UN,True,2026-01-13
4689,0575786607021,Corrupti officia,Bebes y maternidad,Bebe-1,Bebe-3-1,676,94100.0,,UN,False,2026-01-11
4690,5076660695080,Deleniti ea,Electronica y tecnologia,Elec-2,Elec-3-2,362,173200.0,6.73,UN,True,2025-10-13
4691,5261068965532,Animi rerum,Cuidado personal e higiene,Cuid-2,Cuid-3-1,332,67400.0,6.34,UN,True,2026-02-15
4692,2647414124045,In est,Cuidado personal e higiene,Cuid-2,Cuid-2-2,531,112700.0,,UN,True,2026-01-25
4693,3968483596007,Facere doloribus,Cuidado personal e higiene,Cuid-3,Cuid-2-2,520,62100.0,5.06,UN,True,2026-01-31
4694,0182087163882,Ea alias,Bebes y maternidad,Bebe-2,Bebe-3-1,633,40300.0,12.87,UN,True,2026-01-05
4695,1939271918990,Quas deserunt,Cuidado personal e higiene,Cuid-3,Cuid-1-2,387,10900.0,6.57,UN,False,2025-12-31
4696,3819879216507,In blanditiis,Hogar y limpieza,Hoga-1,Hoga-2-2,371,168500.0,19.03,LT,True,2025-10-29
4697,1817576018082,Veniam sapiente,Hogar y limpieza,Hoga-1,Hoga-1-1,95,219100.0,3.83,UN,True,2026-01-01
4698,6752262491525,Quo ullam,Ropa y calzado basico,Ropa-2,Ropa-2-2,136,80000.0,14.49,KG,True,2025-10-30
4699,8932816651775,Magni officiis,Bebes y maternidad,Bebe-3,Bebe-3-2,658,108500.0,11.02,UN,True,2026-02-27
4700,3131974931353,Odit quam,Electronica y tecnologia,Elec-2,Elec-1-1,792,2900.0,19.58,KG,True,2025-09-14
4701,2762559376514,Pariatur error,Ropa y calzado basico,Ropa-2,Ropa-2-2,482,104400.0,19.88,UN,False,2025-09-05
4702,1825665163919,Illo culpa,Electronica y tecnologia,Elec-1,Elec-1-1,276,71800.0,15.88,KG,True,2026-01-27
4703,7271548362810,Velit excepturi,Hogar y limpieza,Hoga-2,Hoga-3-1,47,144400.0,2.11,LT,True,2026-01-25
4704,3413503346075,Occaecati distinctio,Alimentos y bebidas,Alim-3,Alim-3-1,35,227300.0,9.41,UN,True,2025-12-24
4705,4968757446549,Eos animi,Cuidado personal e higiene,Cuid-2,Cuid-2-2,542,127500.0,17.1,LT,True,2025-12-26
4706,4821873982127,Voluptates odit,Hogar y limpieza,Hoga-1,Hoga-3-2,514,169500.0,12.79,UN,True,2025-09-10
4707,5588774050315,Et ipsam,Alimentos y bebidas,Alim-3,Alim-1-1,227,177000.0,17.59,KG,True,2026-02-18
4708,5134650865698,Possimus consequuntur,Cuidado personal e higiene,Cuid-3,Cuid-3-1,152,39800.0,16.0,UN,True,2026-02-20
4709,9638744771347,Tempore error,Hogar y limpieza,Hoga-2,Hoga-3-2,56,87900.0,6.29,UN,True,2025-10-15
4710,1253834106571,Molestias atque,Hogar y limpieza,Hoga-2,Hoga-1-1,546,30100.0,3.94,KG,True,2025-09-07
4711,2997665620675,Provident numquam,Ropa y calzado basico,Ropa-2,Ropa-3-1,486,111300.0,6.49,UN,True,2025-12-18
4712,0393367774418,Omnis facere,Bebes y maternidad,Bebe-3,Bebe-1-1,267,222000.0,13.93,UN,True,2025-10-24
4713,0843971182005,Repellat praesentium,Ropa y calzado basico,Ropa-2,Ropa-2-2,586,121300.0,9.65,UN,True,2025-09-29
4714,3409358271730,Quam rerum,Alimentos y bebidas,Alim-1,Alim-1-2,677,115100.0,0.92,UN,True,2025-09-26
4715,2031066646510,Magni eos,Hogar y limpieza,Hoga-1,Hoga-3-1,414,53900.0,14.86,KG,True,2026-01-13
4716,8478879788848,Vero maiores,Ropa y calzado basico,Ropa-3,Ropa-1-1,210,78900.0,0.94,KG,True,2025-11-14
4717,5879579711496,Dolorem iste,Electronica y tecnologia,Elec-3,Elec-1-1,5,234300.0,8.22,KG,True,2026-02-03
4718,1794619069235,Quibusdam ipsum,Hogar y limpieza,Hoga-3,Hoga-2-2,637,77100.0,9.27,KG,True,2025-11-05
4719,9510832786689,Expedita ipsum,Hogar y limpieza,Hoga-1,Hoga-3-2,462,183400.0,10.09,UN,True,2026-01-06
4720,6899842003263,Iste tempora,Hogar y limpieza,Hoga-1,Hoga-1-1,278,12500.0,2.82,LT,True,2025-10-28
4721,5030524114209,Sit rem,Electronica y tecnologia,Elec-2,Elec-2-1,6,33800.0,14.97,UN,True,2025-12-23
4722,7651335294959,Laboriosam cumque,Cuidado personal e higiene,Cuid-1,Cuid-2-2,652,79200.0,16.99,UN,True,2026-01-21
4723,7603961084923,Ipsam fugit,Electronica y tecnologia,Elec-2,Elec-3-1,742,225600.0,13.97,KG,True,2025-11-11
4724,9704538687610,Corporis illum,Cuidado personal e higiene,Cuid-2,Cuid-1-1,385,56400.0,19.02,KG,True,2026-02-28
4725,2976762135459,Expedita nihil,Ropa y calzado basico,Ropa-1,Ropa-2-1,214,182200.0,5.19,KG,True,2026-01-09
4726,6143153834895,Asperiores illo,Bebes y maternidad,Bebe-1,Bebe-3-2,496,43500.0,3.26,UN,True,2025-10-14
4727,9531200859040,Excepturi quo,Electronica y tecnologia,Elec-2,Elec-1-1,697,154000.0,1.39,UN,False,2026-03-02
4728,0024170364236,Possimus debitis,Hogar y limpieza,Hoga-3,Hoga-2-1,470,147500.0,14.44,UN,True,2025-12-12
4729,7331342414716,Illo ex,Bebes y maternidad,Bebe-2,Bebe-3-2,10,156200.0,3.28,KG,True,2026-01-26
4730,8976217794297,A quis,Electronica y tecnologia,Elec-1,Elec-1-2,157,73000.0,18.77,UN,True,2025-11-12
4731,2101727482150,Quam impedit,Hogar y limpieza,Hoga-1,Hoga-2-1,78,42200.0,11.99,UN,True,2025-09-08
4732,1750796313240,Quos necessitatibus,Alimentos y bebidas,Alim-2,Alim-1-1,329,221800.0,16.09,UN,True,2025-12-25
4733,0496196519660,Aliquid nobis,Alimentos y bebidas,Alim-1,Alim-3-2,362,143200.0,8.72,UN,True,2025-12-14
4734,2714570658681,Fuga totam,Cuidado personal e higiene,Cuid-3,Cuid-3-1,429,54600.0,14.71,UN,True,2026-01-26
4735,6237857717124,Cumque in,Cuidado personal e higiene,Cuid-3,Cuid-2-2,607,104500.0,8.9,UN,True,2026-01-29
4736,1999391767076,In dolor,Ropa y calzado basico,Ropa-1,Ropa-2-2,90,18600.0,10.8,UN,True,2026-01-19
4737,0022796244529,Magni voluptas,Electronica y tecnologia,Elec-3,Elec-2-1,755,119900.0,15.48,UN,True,2025-12-13
4738,7843003987809,Architecto reiciendis,Bebes y maternidad,Bebe-1,Bebe-1-1,211,107100.0,4.8,KG,True,2025-09-05
4739,6465949186842,Veritatis modi,Electronica y tecnologia,Elec-2,Elec-1-1,417,34900.0,17.7,UN,True,2025-12-31
4740,9874932039220,Repellendus earum,Bebes y maternidad,Bebe-3,Bebe-1-1,169,112200.0,14.34,KG,True,2026-03-12
4741,6868703755788,Expedita praesentium,Electronica y tecnologia,Elec-1,Elec-1-1,285,160600.0,14.94,UN,True,2026-03-05
4742,5457653092466,Iure voluptates,Hogar y limpieza,Hoga-1,Hoga-2-1,667,232300.0,4.8,UN,True,2025-09-20
4743,4308132225756,Placeat rem,Ropa y calzado basico,Ropa-1,Ropa-1-2,36,176400.0,1.85,UN,True,2026-02-25
4744,0412266435098,Vero architecto,Hogar y limpieza,Hoga-3,Hoga-1-2,387,126600.0,1.5,UN,True,2025-10-02
4745,4557314926626,Consequuntur itaque,Cuidado personal e higiene,Cuid-1,Cuid-2-1,467,193000.0,12.96,UN,True,2025-09-20
4746,2477603828078,Magnam ad,Hogar y limpieza,Hoga-2,Hoga-1-1,456,71400.0,3.04,UN,True,2025-09-09
4747,1002458864172,Quia quisquam,Electronica y tecnologia,Elec-2,Elec-1-2,305,167900.0,19.98,UN,True,2025-12-15
4748,9399697933939,A nobis,Hogar y limpieza,Hoga-3,Hoga-1-2,303,3300.0,19.22,KG,True,2025-10-09
4749,3833876883869,Eligendi rem,Ropa y calzado basico,Ropa-3,Ropa-1-2,728,20000.0,0.63,UN,True,2026-01-06
4750,8982581738683,Labore quasi,Bebes y maternidad,Bebe-3,Bebe-2-2,193,156800.0,14.51,UN,True,2025-12-06
4751,1652235079932,Illo iusto,Hogar y limpieza,Hoga-3,Hoga-3-2,385,49800.0,5.25,KG,False,2026-02-21
4752,7873521998063,Fugit laborum,Cuidado personal e higiene,Cuid-2,Cuid-3-1,292,172800.0,6.85,UN,False,2025-10-16
4753,8496033429956,Ab sunt,Hogar y limpieza,Hoga-2,Hoga-3-1,613,159900.0,4.84,UN,True,2025-10-27
4754,0867226628100,Iste voluptatibus,Bebes y maternidad,Bebe-1,Bebe-2-1,645,17800.0,16.62,UN,True,2025-12-16
4755,7677786739719,Ut tenetur,Cuidado personal e higiene,Cuid-3,Cuid-3-1,679,99300.0,17.88,UN,True,2025-10-01
4756,8190597468993,Ducimus sed,Bebes y maternidad,Bebe-2,Bebe-2-1,68,154000.0,0.86,UN,True,2025-12-04
4757,3305374062423,Molestias laborum,Hogar y limpieza,Hoga-2,Hoga-2-1,79,178900.0,5.44,LT,True,2026-01-01
4758,6103324877366,Excepturi perspiciatis,Bebes y maternidad,Bebe-1,Bebe-2-1,301,204400.0,9.0,UN,True,2026-01-05
4759,5188491986616,Aperiam facere,Ropa y calzado basico,Ropa-1,Ropa-1-1,353,83900.0,10.46,UN,True,2025-12-06
4760,3294063572476,Pariatur neque,Ropa y calzado basico,Ropa-2,Ropa-1-1,51,209500.0,1.8,KG,True,2025-09-24
4761,6398572685003,Provident assumenda,Bebes y maternidad,Bebe-2,Bebe-1-2,715,89900.0,16.61,UN,True,2025-10-25
4762,7284385800995,Sequi quod,Cuidado personal e higiene,Cuid-2,Cuid-3-1,718,3700.0,18.68,LT,False,2025-09-18
4763,9866924505141,Libero nam,Electronica y tecnologia,Elec-1,Elec-1-1,340,153300.0,8.09,KG,True,2026-03-11
4764,9048735975430,Quo ex,Alimentos y bebidas,Alim-1,Alim-3-2,616,61900.0,17.15,UN,True,2025-12-29
4765,4536499610773,Ipsam asperiores,Cuidado personal e higiene,Cuid-3,Cuid-3-1,453,32800.0,13.54,UN,True,2025-11-06
4766,9977222264613,Libero consequuntur,Alimentos y bebidas,Alim-2,Alim-2-1,526,66100.0,11.86,UN,True,2025-11-03
4767,5330027027502,Qui ex,Ropa y calzado basico,Ropa-2,Ropa-1-2,699,207300.0,16.39,UN,True,2025-09-15
4768,7697693805147,Harum inventore,Electronica y tecnologia,Elec-1,Elec-2-1,74,228700.0,9.49,UN,True,2025-12-07
4769,5386901681209,Aliquam ducimus,Ropa y calzado basico,Ropa-2,Ropa-2-1,187,240500.0,10.98,UN,True,2025-09-15
4770,7500069915589,Officia magni,Cuidado personal e higiene,Cuid-2,Cuid-3-2,343,77100.0,5.53,UN,True,2026-01-22
4771,5939224455653,Magni fuga,Cuidado personal e higiene,Cuid-2,Cuid-3-1,716,115100.0,,UN,True,2025-10-14
4772,2322148944137,Tempora porro,Ropa y calzado basico,Ropa-3,Ropa-3-1,474,201000.0,3.22,LT,True,2025-09-24
4773,9995176993304,Veritatis asperiores,Ropa y calzado basico,Ropa-3,Ropa-2-1,318,80800.0,4.9,UN,True,2025-09-27
4774,3815695907056,Cupiditate harum,Bebes y maternidad,Bebe-1,Bebe-3-1,23,97500.0,9.62,UN,True,2025-09-09
4775,6951063611280,Dolorum repudiandae,Alimentos y bebidas,Alim-2,Alim-3-2,475,60800.0,7.74,UN,True,2025-11-21
4776,7408117306993,Labore adipisci,Hogar y limpieza,Hoga-3,Hoga-1-2,216,143900.0,4.83,UN,True,2025-09-15
4777,3821452878996,Excepturi suscipit,Alimentos y bebidas,Alim-2,Alim-1-1,263,165500.0,3.88,UN,True,2025-09-20
4778,9962893028404,Eligendi nobis,Ropa y calzado basico,Ropa-1,Ropa-1-2,797,81000.0,17.22,UN,True,2025-10-17
4779,5218505608316,Repellat exercitationem,Alimentos y bebidas,Alim-1,Alim-2-1,422,8000.0,11.84,UN,True,2025-12-25
4780,9126048589657,Modi quisquam,Ropa y calzado basico,Ropa-3,Ropa-3-2,111,184500.0,7.58,UN,True,2025-10-18
4781,4981844093860,Et in,Alimentos y bebidas,Alim-3,Alim-2-1,40,154900.0,16.92,UN,True,2025-11-24
4782,5471927054875,Amet dolor,Alimentos y bebidas,Alim-1,Alim-2-2,311,56300.0,16.51,UN,True,2025-11-28
4783,4870566230052,Corporis cupiditate,Bebes y maternidad,Bebe-2,Bebe-3-2,53,80000.0,2.26,UN,True,2026-01-01
4784,6094461501231,Aliquam fugiat,Hogar y limpieza,Hoga-2,Hoga-1-2,343,239400.0,11.37,LT,True,2025-09-13
4785,5066566050595,Laborum in,Hogar y limpieza,Hoga-1,Hoga-1-1,332,158300.0,6.15,UN,True,2026-03-20
4786,0855765789376,Rem quasi,Electronica y tecnologia,Elec-2,Elec-3-2,704,149700.0,10.84,UN,True,2025-09-22
4787,9391947437297,Animi sunt,Cuidado personal e higiene,Cuid-3,Cuid-3-1,268,160600.0,14.37,LT,True,2026-03-21
4788,9035219609103,Sunt suscipit,Ropa y calzado basico,Ropa-1,Ropa-3-2,221,238700.0,0.22,UN,True,2025-10-31
4789,2764714243211,Illo molestias,Hogar y limpieza,Hoga-1,Hoga-1-2,493,86300.0,10.3,UN,True,2025-11-26
4790,1190266237735,Alias nam,Cuidado personal e higiene,Cuid-2,Cuid-3-1,512,71700.0,5.87,UN,True,2025-09-17
4791,8133098314529,Magni eaque,Hogar y limpieza,Hoga-1,Hoga-3-1,31,95400.0,10.7,UN,True,2025-11-16
4792,3780346332870,Inventore tempora,Alimentos y bebidas,Alim-3,Alim-3-2,68,200600.0,2.24,UN,True,2026-03-02
4793,4256568668053,Repellendus error,Cuidado personal e higiene,Cuid-2,Cuid-1-1,135,32000.0,16.36,UN,True,2026-01-18
4794,8000589538156,Adipisci sit,Electronica y tecnologia,Elec-1,Elec-2-2,622,53300.0,10.9,LT,True,2026-01-06
4795,7501543857814,Nisi neque,Alimentos y bebidas,Alim-2,Alim-3-1,168,58600.0,4.26,UN,True,2025-11-16
4796,8077949148812,Nostrum eius,Alimentos y bebidas,Alim-3,Alim-3-1,795,159800.0,15.41,UN,True,2026-03-08
4797,5144661995413,Ipsa sed,Electronica y tecnologia,Elec-2,Elec-2-1,353,161100.0,0.8,LT,True,2026-02-06
4798,7100656266683,Cupiditate nesciunt,Hogar y limpieza,Hoga-2,Hoga-2-2,747,94200.0,11.88,UN,True,2025-10-24
4799,8545536377667,Minus asperiores,Alimentos y bebidas,Alim-1,Alim-3-1,198,70500.0,10.06,LT,True,2026-01-02
4800,5995990234427,Minima iste,Ropa y calzado basico,Ropa-1,Ropa-2-2,339,189200.0,0.84,LT,True,2025-11-22
4801,3816226648493,Possimus odio,Ropa y calzado basico,Ropa-1,Ropa-2-2,111,9900.0,5.03,LT,False,2025-10-13
4802,1861462883636,Eaque repellat,Alimentos y bebidas,Alim-1,Alim-1-2,677,185200.0,1.59,UN,True,2026-01-13
4803,5805331513138,Animi facilis,Cuidado personal e higiene,Cuid-1,Cuid-1-2,479,54100.0,14.66,UN,True,2025-11-25
4804,5611702784737,Magnam labore,Hogar y limpieza,Hoga-2,Hoga-3-2,61,225900.0,14.13,KG,True,2025-09-23
4805,4479372239176,Tempore impedit,Ropa y calzado basico,Ropa-1,Ropa-1-1,596,104600.0,1.83,UN,True,2026-02-23
4806,6196822588582,Earum nesciunt,Alimentos y bebidas,Alim-2,Alim-1-1,710,161300.0,,UN,True,2026-01-03
4807,4313574087473,Ea est,Ropa y calzado basico,Ropa-3,Ropa-3-2,549,32000.0,17.61,UN,True,2025-12-23
4808,4073972961750,Earum beatae,Cuidado personal e higiene,Cuid-3,Cuid-3-2,647,65000.0,4.06,UN,True,2026-03-22
4809,6577990618347,Sapiente sunt,Alimentos y bebidas,Alim-2,Alim-1-2,221,175800.0,6.11,KG,True,2026-01-23
4810,4251180954553,Error aut,Bebes y maternidad,Bebe-1,Bebe-1-2,346,138500.0,13.7,LT,True,2026-03-18
4811,1924152863483,Voluptatem dolor,Alimentos y bebidas,Alim-2,Alim-3-2,684,193100.0,1.26,UN,True,2026-01-23
4812,4016170649143,Vitae autem,Alimentos y bebidas,Alim-3,Alim-2-2,487,141700.0,18.96,UN,True,2025-10-07
4813,4533752015696,Aperiam quos,Bebes y maternidad,Bebe-2,Bebe-2-2,490,143200.0,0.51,UN,True,2025-12-09
4814,1461641573374,Cupiditate cumque,Electronica y tecnologia,Elec-3,Elec-2-1,614,214800.0,16.99,UN,True,2025-12-14
4815,6840913417816,Vero animi,Hogar y limpieza,Hoga-3,Hoga-1-1,492,107300.0,7.25,UN,True,2025-11-02
4816,0907195714517,Esse quis,Ropa y calzado basico,Ropa-1,Ropa-3-2,102,224000.0,3.04,KG,True,2025-11-04
4817,4951495583874,Porro optio,Electronica y tecnologia,Elec-1,Elec-1-1,171,94300.0,7.58,UN,True,2026-01-01
4818,3680729661804,Eaque quo,Electronica y tecnologia,Elec-1,Elec-2-2,623,83500.0,19.46,KG,False,2025-11-25
4819,8438816848271,Alias aliquid,Alimentos y bebidas,Alim-1,Alim-1-1,194,195300.0,10.6,UN,True,2025-09-26
4820,2309907046448,Occaecati praesentium,Electronica y tecnologia,Elec-1,Elec-1-1,533,4900.0,1.23,UN,True,2025-12-29
4821,5030060451998,Ratione sapiente,Cuidado personal e higiene,Cuid-2,Cuid-1-2,380,44700.0,18.83,KG,True,2026-01-01
4822,0818733002761,Quas consequatur,Ropa y calzado basico,Ropa-2,Ropa-3-1,497,19800.0,2.91,UN,True,2026-02-14
4823,3272237369503,Rem voluptas,Electronica y tecnologia,Elec-2,Elec-1-2,191,129000.0,1.14,UN,True,2025-09-24
4824,4326059047350,Necessitatibus quod,Alimentos y bebidas,Alim-3,Alim-1-1,249,157800.0,0.96,UN,True,2025-12-04
4825,3522654930535,Odio accusamus,Bebes y maternidad,Bebe-3,Bebe-1-1,551,4600.0,16.54,UN,True,2026-03-03
4826,9734513599645,Voluptate nesciunt,Cuidado personal e higiene,Cuid-3,Cuid-3-1,138,42000.0,3.1,UN,False,2025-10-26
4827,2606009897276,Molestiae non,Cuidado personal e higiene,Cuid-3,Cuid-2-1,247,77000.0,3.62,KG,True,2026-01-30
4828,4051431641191,Quaerat ut,Bebes y maternidad,Bebe-2,Bebe-3-2,799,75000.0,18.89,UN,True,2025-11-11
4829,9136564025423,Quae in,Ropa y calzado basico,Ropa-3,Ropa-2-1,122,26100.0,12.25,UN,True,2025-10-10
4830,6006289223844,Eligendi eius,Bebes y maternidad,Bebe-2,Bebe-2-2,463,44900.0,5.74,UN,True,2026-01-24
4831,3579938959454,Commodi non,Electronica y tecnologia,Elec-1,Elec-2-2,122,212100.0,11.75,KG,True,2026-02-07
4832,8922517475299,Iste aliquid,Bebes y maternidad,Bebe-1,Bebe-1-2,566,175700.0,4.9,UN,False,2026-03-05
4833,4977565512889,Saepe quis,Alimentos y bebidas,Alim-1,Alim-3-2,102,75400.0,9.91,KG,True,2026-01-27
4834,9563836766577,Error et,Electronica y tecnologia,Elec-3,Elec-3-2,460,67300.0,6.73,UN,True,2025-11-04
4835,0310122133877,Quibusdam at,Cuidado personal e higiene,Cuid-1,Cuid-1-2,352,21900.0,12.47,KG,True,2026-01-27
4836,5342144835458,Ut ducimus,Hogar y limpieza,Hoga-3,Hoga-2-1,554,88500.0,15.19,KG,True,2025-09-10
4837,7498839683823,Porro deserunt,Cuidado personal e higiene,Cuid-3,Cuid-1-1,3,100700.0,7.0,KG,True,2025-11-10
4838,5254309353526,Impedit sequi,Cuidado personal e higiene,Cuid-2,Cuid-2-1,413,226200.0,2.92,KG,True,2025-10-16
4839,1517346606890,Aperiam corrupti,Hogar y limpieza,Hoga-3,Hoga-3-1,434,186300.0,7.15,UN,True,2025-12-17
4840,9247157561089,Fugiat asperiores,Bebes y maternidad,Bebe-3,Bebe-3-2,193,120800.0,15.18,UN,True,2026-01-20
4841,0103022123952,Magni inventore,Electronica y tecnologia,Elec-3,Elec-2-1,239,35400.0,,UN,True,2025-12-30
4842,5121698323280,Eligendi saepe,Hogar y limpieza,Hoga-2,Hoga-3-1,566,164700.0,15.72,UN,True,2025-10-10
4843,5414226326212,Eum hic,Hogar y limpieza,Hoga-1,Hoga-3-2,442,234100.0,19.49,UN,False,2025-11-18
4844,4453715045198,Minus soluta,Electronica y tecnologia,Elec-1,Elec-1-2,464,21400.0,16.5,UN,True,2025-09-22
4845,6787788011599,Quas sapiente,Cuidado personal e higiene,Cuid-3,Cuid-2-1,749,212500.0,19.37,UN,True,2025-12-25
4846,1326842326351,Quasi fuga,Electronica y tecnologia,Elec-3,Elec-2-1,325,46700.0,12.55,LT,True,2026-01-30
4847,5469033693101,Perferendis unde,Ropa y calzado basico,Ropa-2,Ropa-3-1,696,175900.0,4.63,KG,True,2025-10-22
4848,5719732381541,Exercitationem quam,Cuidado personal e higiene,Cuid-1,Cuid-3-2,780,47600.0,12.18,UN,True,2025-12-18
4849,5527876260239,Id expedita,Electronica y tecnologia,Elec-3,Elec-1-1,462,150800.0,4.0,UN,True,2026-02-25
4850,5640930999866,Rerum ipsum,Ropa y calzado basico,Ropa-1,Ropa-1-1,170,60900.0,1.75,UN,True,2025-09-26
4851,8919507867967,Error placeat,Electronica y tecnologia,Elec-2,Elec-1-2,335,136300.0,6.06,UN,True,2026-03-15
4852,9999381919487,Dolorum maxime,Cuidado personal e higiene,Cuid-2,Cuid-1-2,38,150800.0,7.29,UN,True,2025-11-09
4853,7461231900249,Quas accusantium,Electronica y tecnologia,Elec-1,Elec-2-2,559,155400.0,,UN,True,2025-11-08
4854,1551758637356,Consectetur labore,Ropa y calzado basico,Ropa-1,Ropa-3-2,219,171300.0,7.29,UN,True,2026-01-24
4855,3327028996663,Eveniet vel,Cuidado personal e higiene,Cuid-1,Cuid-2-2,739,19100.0,0.11,UN,True,2025-11-11
4856,8685843116211,Maxime quasi,Electronica y tecnologia,Elec-3,Elec-3-1,523,176400.0,,UN,False,2025-11-24
4857,0651494739657,Id rem,Ropa y calzado basico,Ropa-3,Ropa-2-2,392,40300.0,,UN,True,2025-10-17
4858,4310557710304,Neque dolor,Cuidado personal e higiene,Cuid-2,Cuid-1-1,150,169900.0,4.25,UN,True,2025-09-30
4859,2759608895867,Ad amet,Hogar y limpieza,Hoga-2,Hoga-3-2,80,32800.0,5.08,UN,True,2026-02-23
4860,9793584342314,Enim ducimus,Bebes y maternidad,Bebe-2,Bebe-2-2,539,120900.0,2.53,KG,True,2025-09-23
4861,4945212586064,Et amet,Hogar y limpieza,Hoga-2,Hoga-2-1,613,97900.0,18.14,UN,True,2025-10-06
4862,2098180409995,Dolorem accusamus,Electronica y tecnologia,Elec-2,Elec-3-2,213,241900.0,4.64,UN,True,2026-02-15
4863,1514140508504,Culpa sequi,Alimentos y bebidas,Alim-2,Alim-2-1,9,158400.0,18.82,LT,True,2026-02-10
4864,1347429636410,Deleniti modi,Bebes y maternidad,Bebe-2,Bebe-1-1,256,23900.0,5.32,UN,True,2025-10-17
4865,2264725439240,Unde quidem,Electronica y tecnologia,Elec-2,Elec-2-2,612,175800.0,16.0,UN,True,2026-02-17
4866,5396042408177,Natus assumenda,Ropa y calzado basico,Ropa-2,Ropa-3-2,465,50100.0,0.26,KG,True,2026-01-27
4867,4425396852761,Culpa porro,Electronica y tecnologia,Elec-3,Elec-2-1,68,73000.0,9.69,KG,True,2025-11-06
4868,8209188122463,Eum quae,Hogar y limpieza,Hoga-1,Hoga-3-2,92,95900.0,7.42,UN,True,2025-09-19
4869,6142809702090,Libero iste,Hogar y limpieza,Hoga-1,Hoga-2-1,86,194500.0,6.72,UN,True,2026-02-06
4870,7909635159110,Voluptas maiores,Ropa y calzado basico,Ropa-2,Ropa-2-2,607,236100.0,19.84,KG,True,2026-01-18
4871,7533170253370,Maiores libero,Bebes y maternidad,Bebe-1,Bebe-3-2,626,231200.0,14.43,UN,True,2025-12-03
4872,9708604377580,Architecto laborum,Alimentos y bebidas,Alim-1,Alim-2-1,327,44300.0,5.15,UN,True,2025-10-28
4873,7253717201533,Consequatur sunt,Bebes y maternidad,Bebe-3,Bebe-2-1,552,17000.0,15.06,KG,True,2025-11-12
4874,3300325696474,Quisquam consectetur,Ropa y calzado basico,Ropa-2,Ropa-1-2,17,207500.0,2.63,KG,True,2025-10-28
4875,4133115196835,Voluptatibus omnis,Alimentos y bebidas,Alim-2,Alim-2-2,450,73500.0,18.52,UN,True,2026-03-01
4876,9484226631544,Veritatis minus,Alimentos y bebidas,Alim-3,Alim-2-2,218,146500.0,8.56,UN,True,2025-10-14
4877,3099034913155,Consectetur incidunt,Ropa y calzado basico,Ropa-1,Ropa-1-1,657,244700.0,3.85,UN,True,2025-12-03
4878,6536671364638,Dolore molestiae,Bebes y maternidad,Bebe-2,Bebe-2-2,391,48200.0,5.49,KG,True,2026-01-10
4879,5145228232538,Nihil deserunt,Hogar y limpieza,Hoga-1,Hoga-1-2,682,95000.0,3.15,KG,True,2025-09-15
4880,4852979934963,Impedit inventore,Electronica y tecnologia,Elec-2,Elec-1-2,451,217200.0,,KG,True,2025-12-13
4881,5775833521972,Eum neque,Bebes y maternidad,Bebe-1,Bebe-2-2,367,163200.0,6.15,UN,True,2026-01-08
4882,0640641231540,Possimus perferendis,Cuidado personal e higiene,Cuid-3,Cuid-1-1,758,234500.0,2.9,LT,True,2025-12-18
4883,0244783075019,Voluptatibus a,Cuidado personal e higiene,Cuid-1,Cuid-2-1,798,158700.0,16.27,UN,True,2026-01-13
4884,6327034914108,Facere suscipit,Bebes y maternidad,Bebe-1,Bebe-3-1,365,77300.0,4.3,UN,True,2025-12-10
4885,5269636427215,Voluptatem commodi,Cuidado personal e higiene,Cuid-1,Cuid-1-1,287,201700.0,1.93,KG,True,2026-01-08
4886,2645436768797,Commodi ad,Hogar y limpieza,Hoga-1,Hoga-1-1,518,190300.0,13.38,UN,True,2026-03-18
4887,6746726986306,Provident animi,Hogar y limpieza,Hoga-1,Hoga-2-1,138,233500.0,0.2,UN,True,2025-11-15
4888,1333279882176,Asperiores suscipit,Electronica y tecnologia,Elec-1,Elec-1-2,310,120100.0,16.66,UN,True,2025-11-14
4889,0267199614948,Dolorum temporibus,Cuidado personal e higiene,Cuid-3,Cuid-2-2,677,126700.0,11.28,KG,True,2026-01-17
4890,9185147561605,Mollitia harum,Ropa y calzado basico,Ropa-3,Ropa-3-1,718,82300.0,4.97,UN,False,2025-09-21
4891,3849526068227,Sit corporis,Ropa y calzado basico,Ropa-3,Ropa-2-2,333,68700.0,9.5,UN,True,2025-11-01
4892,8795614109660,Eligendi iste,Cuidado personal e higiene,Cuid-3,Cuid-2-2,313,249100.0,5.29,UN,True,2025-10-07
4893,1592932578904,Unde repudiandae,Hogar y limpieza,Hoga-3,Hoga-3-2,700,244400.0,10.68,KG,True,2025-12-05
4894,8850690303477,Perferendis facilis,Alimentos y bebidas,Alim-2,Alim-1-2,162,133400.0,11.45,LT,True,2025-09-28
4895,1120273023854,Qui rerum,Cuidado personal e higiene,Cuid-2,Cuid-3-2,49,238900.0,15.45,UN,True,2025-10-17
4896,9512920722302,Magnam necessitatibus,Bebes y maternidad,Bebe-2,Bebe-3-2,59,90300.0,9.35,KG,True,2025-11-28
4897,3358233989515,Fugiat deserunt,Electronica y tecnologia,Elec-1,Elec-2-2,89,212800.0,15.74,UN,True,2026-01-04
4898,1139977387926,Minima distinctio,Electronica y tecnologia,Elec-2,Elec-1-1,704,159400.0,1.43,UN,True,2025-11-29
4899,7876782360846,Porro labore,Bebes y maternidad,Bebe-3,Bebe-1-2,33,179800.0,18.43,UN,True,2026-02-13
4900,2296651444869,Error consectetur,Ropa y calzado basico,Ropa-1,Ropa-3-2,266,180100.0,3.75,UN,True,2026-02-10
4901,5743062068148,Numquam porro,Ropa y calzado basico,Ropa-3,Ropa-1-2,482,159700.0,16.74,UN,True,2025-09-23
4902,8499198720296,Reprehenderit atque,Ropa y calzado basico,Ropa-3,Ropa-3-2,488,213400.0,9.92,UN,True,2026-01-21
4903,8113008433915,Ab magni,Hogar y limpieza,Hoga-2,Hoga-2-1,666,99200.0,2.14,UN,True,2025-09-09
4904,4198117963304,Eveniet numquam,Electronica y tecnologia,Elec-2,Elec-2-2,785,212600.0,7.23,KG,True,2025-10-08
4905,5074950443274,Doloribus magnam,Cuidado personal e higiene,Cuid-1,Cuid-2-1,323,47500.0,18.37,UN,True,2026-02-03
4906,1929802844164,Nemo laborum,Bebes y maternidad,Bebe-1,Bebe-1-2,187,51600.0,16.7,KG,False,2025-12-29
4907,1693624088517,Molestiae et,Cuidado personal e higiene,Cuid-1,Cuid-2-1,73,179900.0,14.46,KG,True,2025-11-07
4908,6323813705745,Eos praesentium,Bebes y maternidad,Bebe-3,Bebe-3-1,714,188000.0,7.63,UN,True,2025-10-04
4909,1037622659414,Eius facere,Bebes y maternidad,Bebe-2,Bebe-1-2,299,225800.0,11.8,KG,True,2025-11-07
4910,5258385163574,Earum inventore,Alimentos y bebidas,Alim-1,Alim-3-1,719,70100.0,4.68,UN,True,2026-02-06
4911,8116446684710,Quisquam quod,Ropa y calzado basico,Ropa-2,Ropa-3-1,279,15900.0,12.97,UN,True,2025-12-25
4912,3290102915853,Sequi aut,Bebes y maternidad,Bebe-3,Bebe-1-1,605,127900.0,5.26,KG,True,2025-09-30
4913,1185811014602,Sit assumenda,Electronica y tecnologia,Elec-1,Elec-2-1,515,219100.0,16.59,UN,True,2025-12-10
4914,2353596828908,Alias aliquam,Hogar y limpieza,Hoga-1,Hoga-1-2,571,242900.0,14.1,UN,True,2025-10-14
4915,1408123563164,Alias dolores,Bebes y maternidad,Bebe-3,Bebe-2-2,522,214700.0,7.75,KG,True,2025-09-28
4916,7660271689279,Explicabo dolorum,Electronica y tecnologia,Elec-3,Elec-3-1,246,123500.0,13.21,KG,True,2025-09-21
4917,8884787181938,Adipisci aut,Alimentos y bebidas,Alim-2,Alim-3-1,83,216100.0,6.54,UN,True,2026-02-03
4918,8347705104735,Delectus odio,Cuidado personal e higiene,Cuid-3,Cuid-3-2,9,55100.0,3.16,UN,True,2025-10-06
4919,0802821311484,Officiis minus,Ropa y calzado basico,Ropa-2,Ropa-1-1,337,230500.0,4.74,KG,True,2025-10-09
4920,2414304446972,Aliquam molestias,Hogar y limpieza,Hoga-2,Hoga-2-2,714,142600.0,5.47,LT,True,2026-02-24
4921,8942596349007,Nam deleniti,Cuidado personal e higiene,Cuid-1,Cuid-1-1,515,98600.0,4.57,UN,True,2026-02-16
4922,1976893345001,Minima velit,Ropa y calzado basico,Ropa-3,Ropa-3-2,540,146200.0,13.58,KG,True,2025-12-13
4923,4195113030764,Reprehenderit maxime,Alimentos y bebidas,Alim-3,Alim-1-2,208,196400.0,14.81,UN,True,2026-02-03
4924,6170616684643,Optio quisquam,Cuidado personal e higiene,Cuid-1,Cuid-1-1,389,61600.0,9.17,UN,True,2025-09-08
4925,8209872848181,Optio impedit,Hogar y limpieza,Hoga-3,Hoga-1-2,326,27300.0,19.76,LT,True,2025-10-07
4926,1869692344408,In culpa,Alimentos y bebidas,Alim-3,Alim-1-1,110,183800.0,17.83,UN,True,2025-11-13
4927,5572477213962,Consequatur delectus,Hogar y limpieza,Hoga-1,Hoga-1-1,491,238200.0,1.79,UN,True,2026-02-02
4928,3620916049411,Provident ipsa,Bebes y maternidad,Bebe-1,Bebe-1-2,291,160000.0,9.24,UN,True,2025-09-22
4929,7231901706682,Provident illo,Bebes y maternidad,Bebe-2,Bebe-3-1,323,37400.0,18.17,UN,True,2026-01-14
4930,6372185893581,Doloribus consectetur,Bebes y maternidad,Bebe-2,Bebe-3-2,478,161600.0,4.44,UN,True,2025-09-18
4931,4047057126563,Perspiciatis doloribus,Cuidado personal e higiene,Cuid-2,Cuid-1-1,25,30900.0,7.6,UN,True,2026-03-19
4932,5641656667152,Placeat explicabo,Alimentos y bebidas,Alim-2,Alim-3-1,749,77300.0,18.94,UN,True,2025-10-15
4933,7111207018057,Suscipit distinctio,Ropa y calzado basico,Ropa-3,Ropa-2-1,179,9800.0,15.53,UN,True,2026-01-24
4934,8935967926259,Autem voluptatum,Hogar y limpieza,Hoga-2,Hoga-3-2,544,122900.0,16.65,UN,True,2026-01-06
4935,5257615033595,Soluta facere,Ropa y calzado basico,Ropa-1,Ropa-1-1,621,81700.0,17.6,UN,True,2025-11-21
4936,8480861868308,Aspernatur unde,Alimentos y bebidas,Alim-1,Alim-2-2,124,26200.0,3.46,LT,True,2026-02-03
4937,4342299785326,Illo pariatur,Ropa y calzado basico,Ropa-3,Ropa-2-1,199,78600.0,14.0,UN,True,2026-01-06
4938,1013398930902,Quos recusandae,Electronica y tecnologia,Elec-3,Elec-1-1,330,162600.0,16.07,UN,True,2025-12-03
4939,4003765849019,Velit commodi,Bebes y maternidad,Bebe-2,Bebe-2-2,655,73700.0,4.57,KG,False,2026-01-14
4940,4056502578703,Eligendi non,Alimentos y bebidas,Alim-1,Alim-3-2,509,37500.0,0.92,KG,True,2025-10-31
4941,9095902799047,Perferendis culpa,Hogar y limpieza,Hoga-1,Hoga-3-2,374,137100.0,3.61,KG,True,2026-01-31
4942,6369199183869,Nostrum atque,Bebes y maternidad,Bebe-1,Bebe-2-1,680,188800.0,14.84,LT,True,2026-01-22
4943,4883626961636,Suscipit nesciunt,Hogar y limpieza,Hoga-1,Hoga-2-1,379,207900.0,13.9,UN,True,2025-12-06
4944,6771775296946,Qui impedit,Electronica y tecnologia,Elec-2,Elec-3-1,709,119100.0,17.84,KG,True,2026-01-13
4945,2691548978814,Repudiandae velit,Alimentos y bebidas,Alim-1,Alim-1-1,617,178300.0,6.37,UN,True,2026-02-16
4946,4124527705081,Provident sunt,Ropa y calzado basico,Ropa-1,Ropa-1-1,138,208700.0,12.45,UN,True,2026-01-10
4947,7550562448183,Reiciendis sapiente,Cuidado personal e higiene,Cuid-1,Cuid-2-1,307,168900.0,0.58,UN,True,2025-10-31
4948,8867895013919,Temporibus autem,Electronica y tecnologia,Elec-3,Elec-1-2,21,132800.0,18.7,KG,True,2025-10-29
4949,9387074142012,Tempora dolor,Bebes y maternidad,Bebe-2,Bebe-2-2,191,16900.0,11.11,UN,True,2026-03-15
4950,3498438281400,Molestiae ex,Electronica y tecnologia,Elec-1,Elec-1-2,19,73900.0,14.98,KG,True,2026-02-12
4951,4624786357231,Voluptas quia,Hogar y limpieza,Hoga-3,Hoga-2-2,85,81300.0,5.71,UN,True,2025-11-05
4952,6273308903456,Voluptas debitis,Cuidado personal e higiene,Cuid-2,Cuid-3-1,4,100000.0,1.68,KG,True,2026-01-25
4953,4468432109542,Odio saepe,Hogar y limpieza,Hoga-1,Hoga-3-1,538,237800.0,1.3,UN,True,2025-09-11
4954,9686177307909,Inventore commodi,Bebes y maternidad,Bebe-3,Bebe-2-1,328,53800.0,16.3,UN,True,2026-01-20
4955,9919984676174,Inventore laudantium,Cuidado personal e higiene,Cuid-3,Cuid-2-2,376,136300.0,,UN,True,2025-10-14
4956,0995110356256,Tenetur laborum,Electronica y tecnologia,Elec-2,Elec-3-2,612,247800.0,16.49,UN,True,2025-11-05
4957,7621090280573,A rerum,Hogar y limpieza,Hoga-1,Hoga-3-2,648,155500.0,5.34,LT,True,2026-03-08
4958,9550004441565,Omnis excepturi,Cuidado personal e higiene,Cuid-1,Cuid-2-2,427,53800.0,10.85,UN,True,2025-10-01
4959,6305727562201,Error eius,Ropa y calzado basico,Ropa-2,Ropa-1-2,367,240100.0,5.28,UN,True,2026-02-09
4960,2175892839057,Aperiam sed,Hogar y limpieza,Hoga-3,Hoga-2-2,520,85400.0,1.05,UN,True,2025-11-23
4961,3701376072031,Quasi perferendis,Cuidado personal e higiene,Cuid-3,Cuid-2-2,332,13900.0,10.87,UN,True,2025-11-30
4962,2489323775679,Aperiam est,Electronica y tecnologia,Elec-3,Elec-3-1,354,109000.0,7.37,UN,True,2025-12-05
4963,7946685324143,Quam dolorem,Ropa y calzado basico,Ropa-3,Ropa-3-2,240,61700.0,8.73,UN,True,2026-03-04
4964,8426898807750,Voluptatibus harum,Bebes y maternidad,Bebe-2,Bebe-3-2,152,205100.0,12.05,UN,True,2025-12-13
4965,7465857856454,Dolores rerum,Electronica y tecnologia,Elec-2,Elec-3-1,160,56500.0,6.31,KG,True,2025-10-23
4966,1924279346821,Quisquam magni,Electronica y tecnologia,Elec-3,Elec-2-2,525,205300.0,11.3,UN,True,2025-09-05
4967,9851652287353,Dolor praesentium,Ropa y calzado basico,Ropa-3,Ropa-3-2,665,11000.0,13.17,UN,True,2025-10-20
4968,1187786341448,Assumenda illum,Cuidado personal e higiene,Cuid-2,Cuid-3-2,339,232400.0,1.84,UN,True,2025-10-05
4969,8777476397102,Sint occaecati,Cuidado personal e higiene,Cuid-1,Cuid-1-2,77,12500.0,7.03,UN,True,2025-09-29
4970,3188727796066,Sunt vel,Hogar y limpieza,Hoga-3,Hoga-2-2,489,234800.0,1.84,UN,True,2026-03-21
4971,8886742050570,Eveniet hic,Electronica y tecnologia,Elec-1,Elec-1-2,722,20300.0,0.19,UN,True,2025-12-01
4972,8462216346518,Inventore inventore,Electronica y tecnologia,Elec-2,Elec-1-1,423,218400.0,1.07,KG,True,2026-03-22
4973,8651531214132,Molestias eos,Alimentos y bebidas,Alim-2,Alim-1-2,22,208200.0,11.86,UN,True,2025-12-15
4974,8298790868654,Unde impedit,Ropa y calzado basico,Ropa-3,Ropa-2-1,66,149400.0,1.73,LT,True,2025-10-17
4975,1466017059391,Molestiae facilis,Hogar y limpieza,Hoga-1,Hoga-1-2,418,10900.0,17.38,KG,True,2025-10-03
4976,6701552264127,Perspiciatis facere,Bebes y maternidad,Bebe-2,Bebe-1-2,690,156000.0,15.2,UN,True,2026-02-02
4977,4655295787356,Reiciendis non,Ropa y calzado basico,Ropa-2,Ropa-1-2,47,155200.0,0.23,UN,True,2025-09-26
4978,1683202271134,Labore reiciendis,Bebes y maternidad,Bebe-1,Bebe-2-1,603,140200.0,11.49,KG,True,2025-09-14
4979,1800214980087,Cupiditate expedita,Electronica y tecnologia,Elec-1,Elec-3-1,624,158600.0,0.25,UN,True,2025-11-21
4980,4755577343284,Consequuntur blanditiis,Electronica y tecnologia,Elec-2,Elec-3-2,42,242100.0,2.23,KG,True,2025-11-06
4981,2391321836699,Accusantium aut,Cuidado personal e higiene,Cuid-3,Cuid-2-1,170,248900.0,19.77,UN,True,2025-10-20
4982,4983598084699,Minima debitis,Hogar y limpieza,Hoga-2,Hoga-1-1,4,131100.0,9.17,UN,True,2025-12-15
4983,8732975845622,Doloremque aut,Bebes y maternidad,Bebe-3,Bebe-3-1,453,24800.0,,KG,True,2025-12-27
4984,7137024469841,Sunt quia,Hogar y limpieza,Hoga-3,Hoga-1-1,140,35200.0,17.01,KG,True,2025-11-29
4985,5989090660941,Consectetur laudantium,Alimentos y bebidas,Alim-3,Alim-3-2,734,180600.0,18.35,UN,True,2025-12-17
4986,7830626465883,Reprehenderit libero,Cuidado personal e higiene,Cuid-3,Cuid-3-1,73,245500.0,10.99,UN,True,2026-01-15
4987,9987244463123,Quis quibusdam,Electronica y tecnologia,Elec-3,Elec-2-2,520,110100.0,14.13,UN,False,2025-10-06
4988,8420927493907,Aut dolorem,Electronica y tecnologia,Elec-3,Elec-1-2,630,26300.0,15.61,UN,True,2025-11-16
4989,9811220215126,Eius nisi,Bebes y maternidad,Bebe-1,Bebe-1-2,143,89600.0,14.71,KG,True,2025-09-06
4990,8513684054167,Ratione qui,Bebes y maternidad,Bebe-3,Bebe-2-2,203,97500.0,9.92,UN,True,2026-03-16
4991,5237008777510,Neque molestiae,Electronica y tecnologia,Elec-1,Elec-2-2,638,249200.0,,UN,True,2026-01-10
4992,9003226073477,Aliquid quaerat,Electronica y tecnologia,Elec-3,Elec-3-1,75,172300.0,10.57,UN,True,2026-02-11
4993,8432674846431,Unde quod,Ropa y calzado basico,Ropa-2,Ropa-2-1,354,31200.0,5.23,LT,True,2026-02-05
4994,1032338543767,Doloribus eveniet,Alimentos y bebidas,Alim-3,Alim-2-2,201,85600.0,0.13,UN,True,2025-09-05
4995,7305858219646,Dignissimos ex,Electronica y tecnologia,Elec-2,Elec-1-1,11,14000.0,7.2,UN,False,2025-12-10
4996,5996822431212,Minima consequuntur,Hogar y limpieza,Hoga-2,Hoga-2-2,362,164000.0,1.7,KG,True,2026-02-24
4997,2558898392304,Aut expedita,Ropa y calzado basico,Ropa-2,Ropa-1-1,390,168800.0,1.31,KG,True,2025-12-28
4998,7814125706708,Unde reprehenderit,Ropa y calzado basico,Ropa-2,Ropa-3-1,278,16300.0,9.41,UN,True,2026-01-01
4999,7792445475972,Iure voluptatum,Electronica y tecnologia,Elec-2,Elec-2-2,650,85200.0,18.88,UN,True,2026-03-15
5000,1131568731026,Doloremque doloribus,Electronica y tecnologia,Elec-2,Elec-3-2,77,225900.0,2.16,LT,True,2026-01-31
